"Observation station","Year","Month","Day","Time [UTC]","Global radiation mean [W/m2]"
"Parainen Utö","2020","1","1","00:00","-2.3"
"Parainen Utö","2020","1","1","01:00","-2.1"
"Parainen Utö","2020","1","1","02:00","-2.6"
"Parainen Utö","2020","1","1","03:00","-2.6"
"Parainen Utö","2020","1","1","04:00","-2.6"
"Parainen Utö","2020","1","1","05:00","-2.9"
"Parainen Utö","2020","1","1","06:00","-2.5"
"Parainen Utö","2020","1","1","07:00","-2.5"
"Parainen Utö","2020","1","1","08:00","2.7"
"Parainen Utö","2020","1","1","09:00","38.8"
"Parainen Utö","2020","1","1","10:00","53.9"
"Parainen Utö","2020","1","1","11:00","55.1"
"Parainen Utö","2020","1","1","12:00","34.9"
"Parainen Utö","2020","1","1","13:00","12.2"
"Parainen Utö","2020","1","1","14:00","1"
"Parainen Utö","2020","1","1","15:00","-1.8"
"Parainen Utö","2020","1","1","16:00","-2.2"
"Parainen Utö","2020","1","1","17:00","-2.5"
"Parainen Utö","2020","1","1","18:00","-2.3"
"Parainen Utö","2020","1","1","19:00","-2.4"
"Parainen Utö","2020","1","1","20:00","-2.1"
"Parainen Utö","2020","1","1","21:00","-2.1"
"Parainen Utö","2020","1","1","22:00","-2.2"
"Parainen Utö","2020","1","1","23:00","-2.4"
"Parainen Utö","2020","1","2","00:00","-2.2"
"Parainen Utö","2020","1","2","01:00","-2"
"Parainen Utö","2020","1","2","02:00","-2.2"
"Parainen Utö","2020","1","2","03:00","-2.2"
"Parainen Utö","2020","1","2","04:00","-2.3"
"Parainen Utö","2020","1","2","05:00","-2.1"
"Parainen Utö","2020","1","2","06:00","-2.1"
"Parainen Utö","2020","1","2","07:00","-2.2"
"Parainen Utö","2020","1","2","08:00","1.5"
"Parainen Utö","2020","1","2","09:00","23.9"
"Parainen Utö","2020","1","2","10:00","49.9"
"Parainen Utö","2020","1","2","11:00","66.5"
"Parainen Utö","2020","1","2","12:00","62.8"
"Parainen Utö","2020","1","2","13:00","33.6"
"Parainen Utö","2020","1","2","14:00","5.2"
"Parainen Utö","2020","1","2","15:00","-1.8"
"Parainen Utö","2020","1","2","16:00","-2.5"
"Parainen Utö","2020","1","2","17:00","-2.4"
"Parainen Utö","2020","1","2","18:00","-2.4"
"Parainen Utö","2020","1","2","19:00","-2.6"
"Parainen Utö","2020","1","2","20:00","-2.8"
"Parainen Utö","2020","1","2","21:00","-2.4"
"Parainen Utö","2020","1","2","22:00","-2.6"
"Parainen Utö","2020","1","2","23:00","-2.6"
"Parainen Utö","2020","1","3","00:00","-2.5"
"Parainen Utö","2020","1","3","01:00","-2.4"
"Parainen Utö","2020","1","3","02:00","-2.2"
"Parainen Utö","2020","1","3","03:00","-1.9"
"Parainen Utö","2020","1","3","04:00","-1.8"
"Parainen Utö","2020","1","3","05:00","-1.8"
"Parainen Utö","2020","1","3","06:00","-1.7"
"Parainen Utö","2020","1","3","07:00","-1.8"
"Parainen Utö","2020","1","3","08:00","4.6"
"Parainen Utö","2020","1","3","09:00","12.7"
"Parainen Utö","2020","1","3","10:00","14.7"
"Parainen Utö","2020","1","3","11:00","14.1"
"Parainen Utö","2020","1","3","12:00","19.4"
"Parainen Utö","2020","1","3","13:00","11.7"
"Parainen Utö","2020","1","3","14:00","3.9"
"Parainen Utö","2020","1","3","15:00","-1.7"
"-","2020","1","3","16:00","-"
"Parainen Utö","2020","1","3","17:00","-2.1"
"Parainen Utö","2020","1","3","18:00","-2.8"
"Parainen Utö","2020","1","3","19:00","-2.8"
"Parainen Utö","2020","1","3","20:00","-2.8"
"Parainen Utö","2020","1","3","21:00","-3.1"
"Parainen Utö","2020","1","3","22:00","-2.8"
"Parainen Utö","2020","1","3","23:00","-2.7"
"Parainen Utö","2020","1","4","00:00","-2.6"
"Parainen Utö","2020","1","4","01:00","-2.5"
"Parainen Utö","2020","1","4","02:00","-2.7"
"Parainen Utö","2020","1","4","03:00","-2.8"
"Parainen Utö","2020","1","4","04:00","-2.5"
"Parainen Utö","2020","1","4","05:00","-2.9"
"Parainen Utö","2020","1","4","06:00","-3"
"Parainen Utö","2020","1","4","07:00","-2.7"
"Parainen Utö","2020","1","4","08:00","3.4"
"Parainen Utö","2020","1","4","09:00","39.4"
"Parainen Utö","2020","1","4","10:00","61.7"
"Parainen Utö","2020","1","4","11:00","100.9"
"Parainen Utö","2020","1","4","12:00","96"
"Parainen Utö","2020","1","4","13:00","46.9"
"Parainen Utö","2020","1","4","14:00","5.9"
"Parainen Utö","2020","1","4","15:00","-2.1"
"Parainen Utö","2020","1","4","16:00","-1.9"
"Parainen Utö","2020","1","4","17:00","-1.9"
"Parainen Utö","2020","1","4","18:00","-2.2"
"Parainen Utö","2020","1","4","19:00","-2.8"
"Parainen Utö","2020","1","4","20:00","-2.4"
"Parainen Utö","2020","1","4","21:00","-1.9"
"Parainen Utö","2020","1","4","22:00","-1.9"
"Parainen Utö","2020","1","4","23:00","-2"
"Parainen Utö","2020","1","5","00:00","-2.4"
"Parainen Utö","2020","1","5","01:00","-1.9"
"Parainen Utö","2020","1","5","02:00","-1.9"
"Parainen Utö","2020","1","5","03:00","-2.2"
"Parainen Utö","2020","1","5","04:00","-2.7"
"Parainen Utö","2020","1","5","05:00","-2.6"
"Parainen Utö","2020","1","5","06:00","-2.2"
"Parainen Utö","2020","1","5","07:00","-2.5"
"Parainen Utö","2020","1","5","08:00","8.3"
"Parainen Utö","2020","1","5","09:00","58.8"
"Parainen Utö","2020","1","5","10:00","89.6"
"Parainen Utö","2020","1","5","11:00","107.7"
"Parainen Utö","2020","1","5","12:00","107.7"
"Parainen Utö","2020","1","5","13:00","48"
"Parainen Utö","2020","1","5","14:00","6.1"
"Parainen Utö","2020","1","5","15:00","-2.2"
"Parainen Utö","2020","1","5","16:00","-2"
"Parainen Utö","2020","1","5","17:00","-1.7"
"Parainen Utö","2020","1","5","18:00","-1.4"
"Parainen Utö","2020","1","5","19:00","-1.7"
"Parainen Utö","2020","1","5","20:00","-2.3"
"Parainen Utö","2020","1","5","21:00","-2"
"Parainen Utö","2020","1","5","22:00","-1.4"
"Parainen Utö","2020","1","5","23:00","-1.5"
"Parainen Utö","2020","1","6","00:00","-1.5"
"Parainen Utö","2020","1","6","01:00","-1.1"
"Parainen Utö","2020","1","6","02:00","-0.8"
"Parainen Utö","2020","1","6","03:00","-0.4"
"Parainen Utö","2020","1","6","04:00","-0.6"
"Parainen Utö","2020","1","6","05:00","-0.9"
"Parainen Utö","2020","1","6","06:00","-1.5"
"Parainen Utö","2020","1","6","07:00","-1.7"
"Parainen Utö","2020","1","6","08:00","5"
"Parainen Utö","2020","1","6","09:00","30.2"
"Parainen Utö","2020","1","6","10:00","55.5"
"Parainen Utö","2020","1","6","11:00","34"
"Parainen Utö","2020","1","6","12:00","26.5"
"Parainen Utö","2020","1","6","13:00","11.3"
"Parainen Utö","2020","1","6","14:00","3.3"
"Parainen Utö","2020","1","6","15:00","-1"
"Parainen Utö","2020","1","6","16:00","-1.3"
"Parainen Utö","2020","1","6","17:00","-1.1"
"Parainen Utö","2020","1","6","18:00","-1.4"
"Parainen Utö","2020","1","6","19:00","-1.4"
"Parainen Utö","2020","1","6","20:00","-1.7"
"Parainen Utö","2020","1","6","21:00","-1.6"
"Parainen Utö","2020","1","6","22:00","-1.5"
"Parainen Utö","2020","1","6","23:00","-1.7"
"Parainen Utö","2020","1","7","00:00","-1.4"
"Parainen Utö","2020","1","7","01:00","-1.4"
"Parainen Utö","2020","1","7","02:00","-1.5"
"Parainen Utö","2020","1","7","03:00","-1.6"
"Parainen Utö","2020","1","7","04:00","-1.3"
"Parainen Utö","2020","1","7","05:00","-1.2"
"Parainen Utö","2020","1","7","06:00","-1.5"
"Parainen Utö","2020","1","7","07:00","-1.8"
"Parainen Utö","2020","1","7","08:00","4.9"
"Parainen Utö","2020","1","7","09:00","28.3"
"Parainen Utö","2020","1","7","10:00","37.4"
"Parainen Utö","2020","1","7","11:00","31.1"
"Parainen Utö","2020","1","7","12:00","20.5"
"Parainen Utö","2020","1","7","13:00","17.6"
"Parainen Utö","2020","1","7","14:00","2.7"
"Parainen Utö","2020","1","7","15:00","-1.4"
"Parainen Utö","2020","1","7","16:00","-1.5"
"Parainen Utö","2020","1","7","17:00","-1.4"
"Parainen Utö","2020","1","7","18:00","-1.6"
"Parainen Utö","2020","1","7","19:00","-1.4"
"Parainen Utö","2020","1","7","20:00","-1.3"
"Parainen Utö","2020","1","7","21:00","-1.5"
"Parainen Utö","2020","1","7","22:00","-1.7"
"Parainen Utö","2020","1","7","23:00","-1.4"
"Parainen Utö","2020","1","8","00:00","-1.5"
"Parainen Utö","2020","1","8","01:00","-1.7"
"Parainen Utö","2020","1","8","02:00","-1.8"
"Parainen Utö","2020","1","8","03:00","-1.7"
"Parainen Utö","2020","1","8","04:00","-1.9"
"Parainen Utö","2020","1","8","05:00","-1.6"
"Parainen Utö","2020","1","8","06:00","-1.5"
"Parainen Utö","2020","1","8","07:00","-1.8"
"Parainen Utö","2020","1","8","08:00","0.3"
"Parainen Utö","2020","1","8","09:00","15"
"Parainen Utö","2020","1","8","10:00","29.1"
"Parainen Utö","2020","1","8","11:00","18.9"
"Parainen Utö","2020","1","8","12:00","12.6"
"Parainen Utö","2020","1","8","13:00","6.8"
"Parainen Utö","2020","1","8","14:00","1.1"
"Parainen Utö","2020","1","8","15:00","-1.2"
"Parainen Utö","2020","1","8","16:00","-1.9"
"Parainen Utö","2020","1","8","17:00","-2.7"
"Parainen Utö","2020","1","8","18:00","-2.9"
"Parainen Utö","2020","1","8","19:00","-2.8"
"Parainen Utö","2020","1","8","20:00","-3"
"Parainen Utö","2020","1","8","21:00","-2.7"
"Parainen Utö","2020","1","8","22:00","-3.1"
"Parainen Utö","2020","1","8","23:00","-2.7"
"Parainen Utö","2020","1","9","00:00","-2.7"
"Parainen Utö","2020","1","9","01:00","-2.8"
"Parainen Utö","2020","1","9","02:00","-2.8"
"Parainen Utö","2020","1","9","03:00","-2.9"
"Parainen Utö","2020","1","9","04:00","-2.8"
"Parainen Utö","2020","1","9","05:00","-2.8"
"Parainen Utö","2020","1","9","06:00","-2.9"
"Parainen Utö","2020","1","9","07:00","-2.8"
"Parainen Utö","2020","1","9","08:00","5.3"
"Parainen Utö","2020","1","9","09:00","47.4"
"Parainen Utö","2020","1","9","10:00","92.7"
"Parainen Utö","2020","1","9","11:00","112.4"
"Parainen Utö","2020","1","9","12:00","65.1"
"Parainen Utö","2020","1","9","13:00","31.5"
"Parainen Utö","2020","1","9","14:00","9.2"
"Parainen Utö","2020","1","9","15:00","-2.1"
"Parainen Utö","2020","1","9","16:00","-2.6"
"Parainen Utö","2020","1","9","17:00","-2.6"
"Parainen Utö","2020","1","9","18:00","-2.3"
"Parainen Utö","2020","1","9","19:00","-2.1"
"Parainen Utö","2020","1","9","20:00","-2.1"
"Parainen Utö","2020","1","9","21:00","-1.6"
"Parainen Utö","2020","1","9","22:00","-1.9"
"Parainen Utö","2020","1","9","23:00","-1.7"
"Parainen Utö","2020","1","10","00:00","-1.9"
"Parainen Utö","2020","1","10","01:00","-1.7"
"Parainen Utö","2020","1","10","02:00","-1.9"
"Parainen Utö","2020","1","10","03:00","-1.9"
"Parainen Utö","2020","1","10","04:00","-1.7"
"Parainen Utö","2020","1","10","05:00","-1.7"
"Parainen Utö","2020","1","10","06:00","-1.6"
"Parainen Utö","2020","1","10","07:00","-1.9"
"Parainen Utö","2020","1","10","08:00","2.8"
"Parainen Utö","2020","1","10","09:00","16.4"
"Parainen Utö","2020","1","10","10:00","68"
"Parainen Utö","2020","1","10","11:00","101.5"
"Parainen Utö","2020","1","10","12:00","101"
"Parainen Utö","2020","1","10","13:00","60.8"
"Parainen Utö","2020","1","10","14:00","10.9"
"Parainen Utö","2020","1","10","15:00","-2.1"
"Parainen Utö","2020","1","10","16:00","-2.6"
"Parainen Utö","2020","1","10","17:00","-2.5"
"Parainen Utö","2020","1","10","18:00","-2.6"
"Parainen Utö","2020","1","10","19:00","-2.4"
"Parainen Utö","2020","1","10","20:00","-2.6"
"Parainen Utö","2020","1","10","21:00","-2.4"
"Parainen Utö","2020","1","10","22:00","-2.7"
"Parainen Utö","2020","1","10","23:00","-2.4"
"Parainen Utö","2020","1","11","00:00","-2.7"
"Parainen Utö","2020","1","11","01:00","-3"
"Parainen Utö","2020","1","11","02:00","-2.7"
"Parainen Utö","2020","1","11","03:00","-2.6"
"Parainen Utö","2020","1","11","04:00","-2.8"
"Parainen Utö","2020","1","11","05:00","-2.8"
"Parainen Utö","2020","1","11","06:00","-2.7"
"Parainen Utö","2020","1","11","07:00","-2.2"
"Parainen Utö","2020","1","11","08:00","12.1"
"Parainen Utö","2020","1","11","09:00","42.9"
"Parainen Utö","2020","1","11","10:00","62.6"
"Parainen Utö","2020","1","11","11:00","43.6"
"Parainen Utö","2020","1","11","12:00","31.2"
"Parainen Utö","2020","1","11","13:00","18"
"Parainen Utö","2020","1","11","14:00","3.6"
"Parainen Utö","2020","1","11","15:00","-1.4"
"Parainen Utö","2020","1","11","16:00","-1.7"
"Parainen Utö","2020","1","11","17:00","-1.9"
"Parainen Utö","2020","1","11","18:00","-2.1"
"Parainen Utö","2020","1","11","19:00","-1.8"
"Parainen Utö","2020","1","11","20:00","-1.4"
"Parainen Utö","2020","1","11","21:00","-1.3"
"Parainen Utö","2020","1","11","22:00","-1.4"
"Parainen Utö","2020","1","11","23:00","-1.2"
"Parainen Utö","2020","1","12","00:00","-1.3"
"Parainen Utö","2020","1","12","01:00","-1.4"
"Parainen Utö","2020","1","12","02:00","-1.7"
"Parainen Utö","2020","1","12","03:00","-1.5"
"Parainen Utö","2020","1","12","04:00","-1.4"
"Parainen Utö","2020","1","12","05:00","-1.4"
"Parainen Utö","2020","1","12","06:00","-1.7"
"Parainen Utö","2020","1","12","07:00","-1.5"
"Parainen Utö","2020","1","12","08:00","0"
"Parainen Utö","2020","1","12","09:00","19.2"
"Parainen Utö","2020","1","12","10:00","27.9"
"Parainen Utö","2020","1","12","11:00","113"
"Parainen Utö","2020","1","12","12:00","58.5"
"Parainen Utö","2020","1","12","13:00","19.4"
"Parainen Utö","2020","1","12","14:00","12.6"
"Parainen Utö","2020","1","12","15:00","-1.2"
"Parainen Utö","2020","1","12","16:00","-2.5"
"Parainen Utö","2020","1","12","17:00","-2"
"Parainen Utö","2020","1","12","18:00","-3"
"Parainen Utö","2020","1","12","19:00","-2.8"
"Parainen Utö","2020","1","12","20:00","-3"
"Parainen Utö","2020","1","12","21:00","-2.8"
"Parainen Utö","2020","1","12","22:00","-3"
"Parainen Utö","2020","1","12","23:00","-3.1"
"Parainen Utö","2020","1","13","00:00","-2.9"
"Parainen Utö","2020","1","13","01:00","-3"
"Parainen Utö","2020","1","13","02:00","-2.7"
"Parainen Utö","2020","1","13","03:00","-2.8"
"Parainen Utö","2020","1","13","04:00","-2.8"
"Parainen Utö","2020","1","13","05:00","-2.7"
"Parainen Utö","2020","1","13","06:00","-2.5"
"Parainen Utö","2020","1","13","07:00","-2.2"
"Parainen Utö","2020","1","13","08:00","5.3"
"Parainen Utö","2020","1","13","09:00","43.8"
"Parainen Utö","2020","1","13","10:00","86.3"
"Parainen Utö","2020","1","13","11:00","132.4"
"Parainen Utö","2020","1","13","12:00","96.1"
"Parainen Utö","2020","1","13","13:00","55.5"
"Parainen Utö","2020","1","13","14:00","13.4"
"Parainen Utö","2020","1","13","15:00","-1.6"
"Parainen Utö","2020","1","13","16:00","-2.3"
"Parainen Utö","2020","1","13","17:00","-2.6"
"Parainen Utö","2020","1","13","18:00","-2.8"
"Parainen Utö","2020","1","13","19:00","-2.6"
"Parainen Utö","2020","1","13","20:00","-2.3"
"Parainen Utö","2020","1","13","21:00","-2.7"
"Parainen Utö","2020","1","13","22:00","-2"
"Parainen Utö","2020","1","13","23:00","-1.8"
"Parainen Utö","2020","1","14","00:00","-1.5"
"Parainen Utö","2020","1","14","01:00","-2.4"
"Parainen Utö","2020","1","14","02:00","-2.5"
"Parainen Utö","2020","1","14","03:00","-1.4"
"Parainen Utö","2020","1","14","04:00","-1.7"
"Parainen Utö","2020","1","14","05:00","-1.7"
"Parainen Utö","2020","1","14","06:00","-2.2"
"Parainen Utö","2020","1","14","07:00","-1.8"
"Parainen Utö","2020","1","14","08:00","3.5"
"Parainen Utö","2020","1","14","09:00","17.1"
"Parainen Utö","2020","1","14","10:00","32.8"
"Parainen Utö","2020","1","14","11:00","52.7"
"Parainen Utö","2020","1","14","12:00","31.7"
"Parainen Utö","2020","1","14","13:00","21.6"
"Parainen Utö","2020","1","14","14:00","5.5"
"Parainen Utö","2020","1","14","15:00","-1.1"
"Parainen Utö","2020","1","14","16:00","-2"
"Parainen Utö","2020","1","14","17:00","-2"
"Parainen Utö","2020","1","14","18:00","-1.6"
"Parainen Utö","2020","1","14","19:00","-1.5"
"Parainen Utö","2020","1","14","20:00","-1.9"
"Parainen Utö","2020","1","14","21:00","-2"
"Parainen Utö","2020","1","14","22:00","-2.4"
"Parainen Utö","2020","1","14","23:00","-2"
"Parainen Utö","2020","1","15","00:00","-1.9"
"Parainen Utö","2020","1","15","01:00","-1.7"
"Parainen Utö","2020","1","15","02:00","-1.4"
"Parainen Utö","2020","1","15","03:00","-1.3"
"Parainen Utö","2020","1","15","04:00","-1.5"
"Parainen Utö","2020","1","15","05:00","-1.4"
"Parainen Utö","2020","1","15","06:00","-1.5"
"Parainen Utö","2020","1","15","07:00","-0.8"
"Parainen Utö","2020","1","15","08:00","2.2"
"Parainen Utö","2020","1","15","09:00","25.5"
"Parainen Utö","2020","1","15","10:00","37.5"
"Parainen Utö","2020","1","15","11:00","39.1"
"Parainen Utö","2020","1","15","12:00","44.8"
"Parainen Utö","2020","1","15","13:00","25.1"
"Parainen Utö","2020","1","15","14:00","7.9"
"Parainen Utö","2020","1","15","15:00","-1.1"
"Parainen Utö","2020","1","15","16:00","-1.8"
"Parainen Utö","2020","1","15","17:00","-2.3"
"Parainen Utö","2020","1","15","18:00","-2"
"Parainen Utö","2020","1","15","19:00","-1.7"
"Parainen Utö","2020","1","15","20:00","-1.9"
"Parainen Utö","2020","1","15","21:00","-1.7"
"Parainen Utö","2020","1","15","22:00","-1.6"
"Parainen Utö","2020","1","15","23:00","-1.4"
"Parainen Utö","2020","1","16","00:00","-1.3"
"Parainen Utö","2020","1","16","01:00","-1.3"
"Parainen Utö","2020","1","16","02:00","-1.6"
"Parainen Utö","2020","1","16","03:00","-1.7"
"Parainen Utö","2020","1","16","04:00","-2.5"
"Parainen Utö","2020","1","16","05:00","-2.7"
"Parainen Utö","2020","1","16","06:00","-2.4"
"Parainen Utö","2020","1","16","07:00","-2.1"
"Parainen Utö","2020","1","16","08:00","4.9"
"Parainen Utö","2020","1","16","09:00","26.4"
"Parainen Utö","2020","1","16","10:00","38.4"
"Parainen Utö","2020","1","16","11:00","55.6"
"Parainen Utö","2020","1","16","12:00","97.6"
"Parainen Utö","2020","1","16","13:00","74.9"
"Parainen Utö","2020","1","16","14:00","20.3"
"Parainen Utö","2020","1","16","15:00","-0.6"
"Parainen Utö","2020","1","16","16:00","-2.4"
"Parainen Utö","2020","1","16","17:00","-2.6"
"Parainen Utö","2020","1","16","18:00","-2.8"
"Parainen Utö","2020","1","16","19:00","-2.5"
"Parainen Utö","2020","1","16","20:00","-2.6"
"Parainen Utö","2020","1","16","21:00","-2.7"
"Parainen Utö","2020","1","16","22:00","-2.7"
"Parainen Utö","2020","1","16","23:00","-2.8"
"Parainen Utö","2020","1","17","00:00","-2.6"
"Parainen Utö","2020","1","17","01:00","-2.8"
"Parainen Utö","2020","1","17","02:00","-2.6"
"Parainen Utö","2020","1","17","03:00","-2.5"
"Parainen Utö","2020","1","17","04:00","-2.4"
"Parainen Utö","2020","1","17","05:00","-2.3"
"Parainen Utö","2020","1","17","06:00","-2.3"
"Parainen Utö","2020","1","17","07:00","-2.4"
"Parainen Utö","2020","1","17","08:00","4.7"
"Parainen Utö","2020","1","17","09:00","42.4"
"Parainen Utö","2020","1","17","10:00","90.2"
"Parainen Utö","2020","1","17","11:00","107.2"
"Parainen Utö","2020","1","17","12:00","91.9"
"Parainen Utö","2020","1","17","13:00","47.4"
"Parainen Utö","2020","1","17","14:00","10.5"
"Parainen Utö","2020","1","17","15:00","-0.1"
"Parainen Utö","2020","1","17","16:00","-1.3"
"Parainen Utö","2020","1","17","17:00","-1.3"
"Parainen Utö","2020","1","17","18:00","-1.3"
"Parainen Utö","2020","1","17","19:00","-1.5"
"Parainen Utö","2020","1","17","20:00","-1.7"
"Parainen Utö","2020","1","17","21:00","-1.9"
"Parainen Utö","2020","1","17","22:00","-2.5"
"Parainen Utö","2020","1","17","23:00","-2.5"
"Parainen Utö","2020","1","18","00:00","-2.5"
"Parainen Utö","2020","1","18","01:00","-2.5"
"Parainen Utö","2020","1","18","02:00","-2.2"
"Parainen Utö","2020","1","18","03:00","-2.2"
"Parainen Utö","2020","1","18","04:00","-2"
"Parainen Utö","2020","1","18","05:00","-1.5"
"Parainen Utö","2020","1","18","06:00","-1.4"
"Parainen Utö","2020","1","18","07:00","-1"
"Parainen Utö","2020","1","18","08:00","1.4"
"Parainen Utö","2020","1","18","09:00","2"
"Parainen Utö","2020","1","18","10:00","8.8"
"Parainen Utö","2020","1","18","11:00","6.1"
"Parainen Utö","2020","1","18","12:00","7.4"
"Parainen Utö","2020","1","18","13:00","6.2"
"Parainen Utö","2020","1","18","14:00","3.8"
"Parainen Utö","2020","1","18","15:00","-0.5"
"Parainen Utö","2020","1","18","16:00","-1.4"
"Parainen Utö","2020","1","18","17:00","-1.4"
"Parainen Utö","2020","1","18","18:00","-1.6"
"Parainen Utö","2020","1","18","19:00","-1.9"
"Parainen Utö","2020","1","18","20:00","-2"
"Parainen Utö","2020","1","18","21:00","-2.1"
"Parainen Utö","2020","1","18","22:00","-2.4"
"Parainen Utö","2020","1","18","23:00","-2.2"
"Parainen Utö","2020","1","19","00:00","-1.8"
"Parainen Utö","2020","1","19","01:00","-1.7"
"Parainen Utö","2020","1","19","02:00","-1.5"
"Parainen Utö","2020","1","19","03:00","-1.4"
"Parainen Utö","2020","1","19","04:00","-1.9"
"Parainen Utö","2020","1","19","05:00","-2"
"Parainen Utö","2020","1","19","06:00","-1.7"
"Parainen Utö","2020","1","19","07:00","-2.1"
"Parainen Utö","2020","1","19","08:00","11.2"
"Parainen Utö","2020","1","19","09:00","66.4"
"Parainen Utö","2020","1","19","10:00","119.1"
"Parainen Utö","2020","1","19","11:00","141.6"
"Parainen Utö","2020","1","19","12:00","132.6"
"Parainen Utö","2020","1","19","13:00","93.8"
"Parainen Utö","2020","1","19","14:00","35.3"
"Parainen Utö","2020","1","19","15:00","1.3"
"Parainen Utö","2020","1","19","16:00","-2.4"
"Parainen Utö","2020","1","19","17:00","-2.6"
"Parainen Utö","2020","1","19","18:00","-2.7"
"Parainen Utö","2020","1","19","19:00","-2.4"
"Parainen Utö","2020","1","19","20:00","-2.5"
"Parainen Utö","2020","1","19","21:00","-2.5"
"Parainen Utö","2020","1","19","22:00","-2.7"
"Parainen Utö","2020","1","19","23:00","-2.4"
"Parainen Utö","2020","1","20","00:00","-2.4"
"Parainen Utö","2020","1","20","01:00","-2.2"
"Parainen Utö","2020","1","20","02:00","-2.2"
"Parainen Utö","2020","1","20","03:00","-2.1"
"Parainen Utö","2020","1","20","04:00","-2.4"
"Parainen Utö","2020","1","20","05:00","-2.4"
"Parainen Utö","2020","1","20","06:00","-2.4"
"Parainen Utö","2020","1","20","07:00","-1.5"
"Parainen Utö","2020","1","20","08:00","8.3"
"Parainen Utö","2020","1","20","09:00","22.9"
"Parainen Utö","2020","1","20","10:00","54.2"
"Parainen Utö","2020","1","20","11:00","40.7"
"Parainen Utö","2020","1","20","12:00","46.9"
"Parainen Utö","2020","1","20","13:00","44.2"
"Parainen Utö","2020","1","20","14:00","21.8"
"Parainen Utö","2020","1","20","15:00","0"
"Parainen Utö","2020","1","20","16:00","-1.6"
"Parainen Utö","2020","1","20","17:00","-1.9"
"Parainen Utö","2020","1","20","18:00","-1.6"
"Parainen Utö","2020","1","20","19:00","-1.9"
"Parainen Utö","2020","1","20","20:00","-2.1"
"Parainen Utö","2020","1","20","21:00","-2.2"
"Parainen Utö","2020","1","20","22:00","-2.2"
"Parainen Utö","2020","1","20","23:00","-2.3"
"Parainen Utö","2020","1","21","00:00","-2.5"
"Parainen Utö","2020","1","21","01:00","-2.3"
"Parainen Utö","2020","1","21","02:00","-1.9"
"Parainen Utö","2020","1","21","03:00","-1.6"
"Parainen Utö","2020","1","21","04:00","-2.1"
"Parainen Utö","2020","1","21","05:00","-1.8"
"Parainen Utö","2020","1","21","06:00","-1.9"
"Parainen Utö","2020","1","21","07:00","-1.8"
"Parainen Utö","2020","1","21","08:00","1.5"
"Parainen Utö","2020","1","21","09:00","11"
"Parainen Utö","2020","1","21","10:00","88.6"
"Parainen Utö","2020","1","21","11:00","72.4"
"Parainen Utö","2020","1","21","12:00","138.6"
"Parainen Utö","2020","1","21","13:00","106.1"
"Parainen Utö","2020","1","21","14:00","32.9"
"Parainen Utö","2020","1","21","15:00","0.1"
"Parainen Utö","2020","1","21","16:00","-2.8"
"Parainen Utö","2020","1","21","17:00","-2.3"
"Parainen Utö","2020","1","21","18:00","-2"
"Parainen Utö","2020","1","21","19:00","-2.6"
"Parainen Utö","2020","1","21","20:00","-2.2"
"Parainen Utö","2020","1","21","21:00","-2.1"
"Parainen Utö","2020","1","21","22:00","-1.8"
"Parainen Utö","2020","1","21","23:00","-2.1"
"Parainen Utö","2020","1","22","00:00","-2.3"
"Parainen Utö","2020","1","22","01:00","-2.9"
"Parainen Utö","2020","1","22","02:00","-2.7"
"Parainen Utö","2020","1","22","03:00","-2.9"
"Parainen Utö","2020","1","22","04:00","-2.5"
"Parainen Utö","2020","1","22","05:00","-2.9"
"Parainen Utö","2020","1","22","06:00","-2.5"
"Parainen Utö","2020","1","22","07:00","-1.9"
"Parainen Utö","2020","1","22","08:00","3.9"
"Parainen Utö","2020","1","22","09:00","26.1"
"Parainen Utö","2020","1","22","10:00","49.2"
"Parainen Utö","2020","1","22","11:00","84.7"
"Parainen Utö","2020","1","22","12:00","105.9"
"Parainen Utö","2020","1","22","13:00","86.8"
"Parainen Utö","2020","1","22","14:00","46"
"Parainen Utö","2020","1","22","15:00","3"
"Parainen Utö","2020","1","22","16:00","-2.6"
"Parainen Utö","2020","1","22","17:00","-2.8"
"Parainen Utö","2020","1","22","18:00","-2.8"
"Parainen Utö","2020","1","22","19:00","-2.7"
"Parainen Utö","2020","1","22","20:00","-2.5"
"Parainen Utö","2020","1","22","21:00","-2.9"
"Parainen Utö","2020","1","22","22:00","-2.7"
"Parainen Utö","2020","1","22","23:00","-2.7"
"Parainen Utö","2020","1","23","00:00","-2.9"
"Parainen Utö","2020","1","23","01:00","-2.8"
"Parainen Utö","2020","1","23","02:00","-2.7"
"Parainen Utö","2020","1","23","03:00","-2.1"
"Parainen Utö","2020","1","23","04:00","-2.2"
"Parainen Utö","2020","1","23","05:00","-1.7"
"Parainen Utö","2020","1","23","06:00","-2.5"
"Parainen Utö","2020","1","23","07:00","-1.6"
"Parainen Utö","2020","1","23","08:00","21.5"
"Parainen Utö","2020","1","23","09:00","72.4"
"Parainen Utö","2020","1","23","10:00","56.5"
"Parainen Utö","2020","1","23","11:00","35.7"
"Parainen Utö","2020","1","23","12:00","33.1"
"Parainen Utö","2020","1","23","13:00","39"
"Parainen Utö","2020","1","23","14:00","20.9"
"Parainen Utö","2020","1","23","15:00","2.8"
"Parainen Utö","2020","1","23","16:00","-2.4"
"Parainen Utö","2020","1","23","17:00","-2.5"
"Parainen Utö","2020","1","23","18:00","-2.4"
"Parainen Utö","2020","1","23","19:00","-1.9"
"Parainen Utö","2020","1","23","20:00","-2.1"
"Parainen Utö","2020","1","23","21:00","-1.7"
"Parainen Utö","2020","1","23","22:00","-1.7"
"Parainen Utö","2020","1","23","23:00","-1.6"
"Parainen Utö","2020","1","24","00:00","-1.3"
"Parainen Utö","2020","1","24","01:00","-1.7"
"Parainen Utö","2020","1","24","02:00","-2.2"
"Parainen Utö","2020","1","24","03:00","-2.2"
"Parainen Utö","2020","1","24","04:00","-2.5"
"Parainen Utö","2020","1","24","05:00","-2.6"
"Parainen Utö","2020","1","24","06:00","-2.2"
"Parainen Utö","2020","1","24","07:00","-2"
"Parainen Utö","2020","1","24","08:00","12.5"
"Parainen Utö","2020","1","24","09:00","35.7"
"Parainen Utö","2020","1","24","10:00","98.9"
"Parainen Utö","2020","1","24","11:00","165.8"
"Parainen Utö","2020","1","24","12:00","155.4"
"Parainen Utö","2020","1","24","13:00","119.2"
"Parainen Utö","2020","1","24","14:00","52.5"
"Parainen Utö","2020","1","24","15:00","5.1"
"Parainen Utö","2020","1","24","16:00","-2.8"
"Parainen Utö","2020","1","24","17:00","-2.7"
"Parainen Utö","2020","1","24","18:00","-2.9"
"Parainen Utö","2020","1","24","19:00","-2.9"
"Parainen Utö","2020","1","24","20:00","-2.7"
"Parainen Utö","2020","1","24","21:00","-2.7"
"Parainen Utö","2020","1","24","22:00","-3"
"Parainen Utö","2020","1","24","23:00","-3"
"Parainen Utö","2020","1","25","00:00","-3.1"
"Parainen Utö","2020","1","25","01:00","-2.7"
"Parainen Utö","2020","1","25","02:00","-2.8"
"Parainen Utö","2020","1","25","03:00","-3"
"Parainen Utö","2020","1","25","04:00","-2.9"
"Parainen Utö","2020","1","25","05:00","-2.6"
"Parainen Utö","2020","1","25","06:00","-2.7"
"Parainen Utö","2020","1","25","07:00","0.1"
"Parainen Utö","2020","1","25","08:00","28.1"
"Parainen Utö","2020","1","25","09:00","72.8"
"Parainen Utö","2020","1","25","10:00","115.4"
"Parainen Utö","2020","1","25","11:00","173.5"
"Parainen Utö","2020","1","25","12:00","157.6"
"Parainen Utö","2020","1","25","13:00","110.2"
"Parainen Utö","2020","1","25","14:00","64.9"
"Parainen Utö","2020","1","25","15:00","6.7"
"Parainen Utö","2020","1","25","16:00","-2.4"
"Parainen Utö","2020","1","25","17:00","-2.4"
"Parainen Utö","2020","1","25","18:00","-2.5"
"Parainen Utö","2020","1","25","19:00","-2.7"
"Parainen Utö","2020","1","25","20:00","-2.3"
"Parainen Utö","2020","1","25","21:00","-1.8"
"Parainen Utö","2020","1","25","22:00","-1.6"
"Parainen Utö","2020","1","25","23:00","-1.5"
"Parainen Utö","2020","1","26","00:00","-1.5"
"Parainen Utö","2020","1","26","01:00","-1.6"
"Parainen Utö","2020","1","26","02:00","-1.2"
"Parainen Utö","2020","1","26","03:00","-1.4"
"Parainen Utö","2020","1","26","04:00","-1.4"
"Parainen Utö","2020","1","26","05:00","-1.3"
"Parainen Utö","2020","1","26","06:00","-2.3"
"Parainen Utö","2020","1","26","07:00","-1.5"
"Parainen Utö","2020","1","26","08:00","17.3"
"Parainen Utö","2020","1","26","09:00","59.3"
"Parainen Utö","2020","1","26","10:00","120"
"Parainen Utö","2020","1","26","11:00","150.1"
"Parainen Utö","2020","1","26","12:00","164.2"
"Parainen Utö","2020","1","26","13:00","131.5"
"Parainen Utö","2020","1","26","14:00","55.9"
"Parainen Utö","2020","1","26","15:00","5.1"
"Parainen Utö","2020","1","26","16:00","-1.9"
"Parainen Utö","2020","1","26","17:00","-2.2"
"Parainen Utö","2020","1","26","18:00","-1.6"
"Parainen Utö","2020","1","26","19:00","-2.1"
"Parainen Utö","2020","1","26","20:00","-2"
"Parainen Utö","2020","1","26","21:00","-1.3"
"Parainen Utö","2020","1","26","22:00","-1"
"Parainen Utö","2020","1","26","23:00","-0.8"
"Parainen Utö","2020","1","27","00:00","-1.2"
"Parainen Utö","2020","1","27","01:00","-1"
"Parainen Utö","2020","1","27","02:00","-0.9"
"Parainen Utö","2020","1","27","03:00","-0.9"
"Parainen Utö","2020","1","27","04:00","-1.1"
"Parainen Utö","2020","1","27","05:00","-0.9"
"Parainen Utö","2020","1","27","06:00","-1.1"
"Parainen Utö","2020","1","27","07:00","-0.6"
"Parainen Utö","2020","1","27","08:00","6.6"
"Parainen Utö","2020","1","27","09:00","10.5"
"Parainen Utö","2020","1","27","10:00","20.3"
"Parainen Utö","2020","1","27","11:00","20.3"
"Parainen Utö","2020","1","27","12:00","25.7"
"Parainen Utö","2020","1","27","13:00","26.5"
"Parainen Utö","2020","1","27","14:00","10.4"
"Parainen Utö","2020","1","27","15:00","1.2"
"Parainen Utö","2020","1","27","16:00","-0.9"
"Parainen Utö","2020","1","27","17:00","-1.2"
"Parainen Utö","2020","1","27","18:00","-1.2"
"Parainen Utö","2020","1","27","19:00","-1.1"
"Parainen Utö","2020","1","27","20:00","-1"
"Parainen Utö","2020","1","27","21:00","-0.9"
"Parainen Utö","2020","1","27","22:00","-1"
"Parainen Utö","2020","1","27","23:00","-1.6"
"Parainen Utö","2020","1","28","00:00","-1.8"
"Parainen Utö","2020","1","28","01:00","-1.4"
"Parainen Utö","2020","1","28","02:00","-1.6"
"Parainen Utö","2020","1","28","03:00","-1.6"
"Parainen Utö","2020","1","28","04:00","-1.3"
"Parainen Utö","2020","1","28","05:00","-1.2"
"Parainen Utö","2020","1","28","06:00","-1.1"
"Parainen Utö","2020","1","28","07:00","-0.2"
"Parainen Utö","2020","1","28","08:00","2.4"
"Parainen Utö","2020","1","28","09:00","14.7"
"Parainen Utö","2020","1","28","10:00","26.9"
"Parainen Utö","2020","1","28","11:00","27.2"
"Parainen Utö","2020","1","28","12:00","21"
"Parainen Utö","2020","1","28","13:00","7.8"
"Parainen Utö","2020","1","28","14:00","6.1"
"Parainen Utö","2020","1","28","15:00","0.4"
"Parainen Utö","2020","1","28","16:00","-1.2"
"Parainen Utö","2020","1","28","17:00","-0.9"
"Parainen Utö","2020","1","28","18:00","-0.8"
"Parainen Utö","2020","1","28","19:00","-1.2"
"Parainen Utö","2020","1","28","20:00","-0.9"
"Parainen Utö","2020","1","28","21:00","-1.3"
"Parainen Utö","2020","1","28","22:00","-1.5"
"Parainen Utö","2020","1","28","23:00","-1.7"
"Parainen Utö","2020","1","29","00:00","-1.7"
"Parainen Utö","2020","1","29","01:00","-1.6"
"Parainen Utö","2020","1","29","02:00","-1.5"
"Parainen Utö","2020","1","29","03:00","-1.4"
"Parainen Utö","2020","1","29","04:00","-1.4"
"Parainen Utö","2020","1","29","05:00","-1.7"
"Parainen Utö","2020","1","29","06:00","-1.4"
"Parainen Utö","2020","1","29","07:00","-1.1"
"Parainen Utö","2020","1","29","08:00","1.7"
"Parainen Utö","2020","1","29","09:00","5.7"
"Parainen Utö","2020","1","29","10:00","8.5"
"Parainen Utö","2020","1","29","11:00","6.5"
"Parainen Utö","2020","1","29","12:00","8.5"
"Parainen Utö","2020","1","29","13:00","8.1"
"Parainen Utö","2020","1","29","14:00","5.3"
"Parainen Utö","2020","1","29","15:00","0.8"
"Parainen Utö","2020","1","29","16:00","-1.5"
"Parainen Utö","2020","1","29","17:00","-1.8"
"Parainen Utö","2020","1","29","18:00","-1.7"
"Parainen Utö","2020","1","29","19:00","-1.7"
"Parainen Utö","2020","1","29","20:00","-1.6"
"Parainen Utö","2020","1","29","21:00","-1.6"
"Parainen Utö","2020","1","29","22:00","-1.7"
"Parainen Utö","2020","1","29","23:00","-1.7"
"Parainen Utö","2020","1","30","00:00","-0.9"
"Parainen Utö","2020","1","30","01:00","-0.8"
"Parainen Utö","2020","1","30","02:00","-0.6"
"Parainen Utö","2020","1","30","03:00","-0.9"
"Parainen Utö","2020","1","30","04:00","-1"
"Parainen Utö","2020","1","30","05:00","-1"
"Parainen Utö","2020","1","30","06:00","-2"
"Parainen Utö","2020","1","30","07:00","-1.4"
"Parainen Utö","2020","1","30","08:00","7.2"
"Parainen Utö","2020","1","30","09:00","17.8"
"Parainen Utö","2020","1","30","10:00","62.6"
"Parainen Utö","2020","1","30","11:00","65.3"
"Parainen Utö","2020","1","30","12:00","157.2"
"Parainen Utö","2020","1","30","13:00","34.2"
"Parainen Utö","2020","1","30","14:00","27.2"
"Parainen Utö","2020","1","30","15:00","3.6"
"Parainen Utö","2020","1","30","16:00","-1.6"
"Parainen Utö","2020","1","30","17:00","-1.8"
"Parainen Utö","2020","1","30","18:00","-1.7"
"Parainen Utö","2020","1","30","19:00","-1.7"
"Parainen Utö","2020","1","30","20:00","-2"
"Parainen Utö","2020","1","30","21:00","-2.1"
"Parainen Utö","2020","1","30","22:00","-1.6"
"Parainen Utö","2020","1","30","23:00","-1.5"
"Parainen Utö","2020","1","31","00:00","-2.4"
"Parainen Utö","2020","1","31","01:00","-1.6"
"Parainen Utö","2020","1","31","02:00","-1.4"
"Parainen Utö","2020","1","31","03:00","-1.8"
"Parainen Utö","2020","1","31","04:00","-1.8"
"Parainen Utö","2020","1","31","05:00","-2.5"
"Parainen Utö","2020","1","31","06:00","-1.4"
"Parainen Utö","2020","1","31","07:00","-0.3"
"Parainen Utö","2020","1","31","08:00","4.8"
"Parainen Utö","2020","1","31","09:00","19.7"
"Parainen Utö","2020","1","31","10:00","57.5"
"Parainen Utö","2020","1","31","11:00","71.5"
"Parainen Utö","2020","1","31","12:00","46.6"
"Parainen Utö","2020","1","31","13:00","29.2"
"Parainen Utö","2020","1","31","14:00","8.1"
"Parainen Utö","2020","1","31","15:00","1"
"Parainen Utö","2020","1","31","16:00","-0.9"
"Parainen Utö","2020","1","31","17:00","-1.1"
"Parainen Utö","2020","1","31","18:00","-1.1"
"Parainen Utö","2020","1","31","19:00","-1.2"
"Parainen Utö","2020","1","31","20:00","-1.2"
"Parainen Utö","2020","1","31","21:00","-1"
"Parainen Utö","2020","1","31","22:00","-1.2"
"Parainen Utö","2020","1","31","23:00","-1.4"
"Parainen Utö","2020","2","1","00:00","-1.8"
"Parainen Utö","2020","2","1","01:00","-1.7"
"Parainen Utö","2020","2","1","02:00","-1.6"
"Parainen Utö","2020","2","1","03:00","-1.4"
"Parainen Utö","2020","2","1","04:00","-1.3"
"Parainen Utö","2020","2","1","05:00","-1.6"
"Parainen Utö","2020","2","1","06:00","-1.5"
"Parainen Utö","2020","2","1","07:00","-0.1"
"Parainen Utö","2020","2","1","08:00","6.6"
"Parainen Utö","2020","2","1","09:00","14.1"
"Parainen Utö","2020","2","1","10:00","18.5"
"Parainen Utö","2020","2","1","11:00","28.8"
"Parainen Utö","2020","2","1","12:00","36.6"
"Parainen Utö","2020","2","1","13:00","32.3"
"Parainen Utö","2020","2","1","14:00","13.1"
"Parainen Utö","2020","2","1","15:00","6.7"
"Parainen Utö","2020","2","1","16:00","-1.1"
"Parainen Utö","2020","2","1","17:00","-1.3"
"Parainen Utö","2020","2","1","18:00","-1.7"
"Parainen Utö","2020","2","1","19:00","-1.8"
"Parainen Utö","2020","2","1","20:00","-1.3"
"Parainen Utö","2020","2","1","21:00","-1.4"
"Parainen Utö","2020","2","1","22:00","-1.7"
"Parainen Utö","2020","2","1","23:00","-1.6"
"Parainen Utö","2020","2","2","00:00","-1.7"
"Parainen Utö","2020","2","2","01:00","-1.8"
"Parainen Utö","2020","2","2","02:00","-1.9"
"Parainen Utö","2020","2","2","03:00","-1.5"
"Parainen Utö","2020","2","2","04:00","-1.5"
"Parainen Utö","2020","2","2","05:00","-1.6"
"Parainen Utö","2020","2","2","06:00","-1.3"
"Parainen Utö","2020","2","2","07:00","-0.4"
"Parainen Utö","2020","2","2","08:00","9.8"
"Parainen Utö","2020","2","2","09:00","25"
"Parainen Utö","2020","2","2","10:00","74.1"
"Parainen Utö","2020","2","2","11:00","191.6"
"Parainen Utö","2020","2","2","12:00","200.6"
"Parainen Utö","2020","2","2","13:00","149.6"
"Parainen Utö","2020","2","2","14:00","83.4"
"Parainen Utö","2020","2","2","15:00","12.7"
"Parainen Utö","2020","2","2","16:00","-1.7"
"Parainen Utö","2020","2","2","17:00","-2"
"Parainen Utö","2020","2","2","18:00","-1.7"
"Parainen Utö","2020","2","2","19:00","-2.4"
"Parainen Utö","2020","2","2","20:00","-2.1"
"Parainen Utö","2020","2","2","21:00","-2"
"Parainen Utö","2020","2","2","22:00","-2.2"
"Parainen Utö","2020","2","2","23:00","-1.6"
"Parainen Utö","2020","2","3","00:00","-1.4"
"Parainen Utö","2020","2","3","01:00","-1.5"
"Parainen Utö","2020","2","3","02:00","-2.4"
"Parainen Utö","2020","2","3","03:00","-2.8"
"Parainen Utö","2020","2","3","04:00","-2.1"
"Parainen Utö","2020","2","3","05:00","-2"
"Parainen Utö","2020","2","3","06:00","-2"
"Parainen Utö","2020","2","3","07:00","0.7"
"Parainen Utö","2020","2","3","08:00","17.6"
"Parainen Utö","2020","2","3","09:00","59.5"
"Parainen Utö","2020","2","3","10:00","84.4"
"Parainen Utö","2020","2","3","11:00","105.1"
"Parainen Utö","2020","2","3","12:00","140.5"
"Parainen Utö","2020","2","3","13:00","132.2"
"Parainen Utö","2020","2","3","14:00","83.4"
"Parainen Utö","2020","2","3","15:00","22"
"Parainen Utö","2020","2","3","16:00","-2.3"
"Parainen Utö","2020","2","3","17:00","-2.7"
"Parainen Utö","2020","2","3","18:00","-2.4"
"Parainen Utö","2020","2","3","19:00","-2.5"
"Parainen Utö","2020","2","3","20:00","-2.5"
"Parainen Utö","2020","2","3","21:00","-2.3"
"Parainen Utö","2020","2","3","22:00","-2.6"
"Parainen Utö","2020","2","3","23:00","-2"
"Parainen Utö","2020","2","4","00:00","-2"
"Parainen Utö","2020","2","4","01:00","-1.8"
"Parainen Utö","2020","2","4","02:00","-2.3"
"Parainen Utö","2020","2","4","03:00","-2.3"
"Parainen Utö","2020","2","4","04:00","-2.6"
"Parainen Utö","2020","2","4","05:00","-2.7"
"Parainen Utö","2020","2","4","06:00","-2.9"
"Parainen Utö","2020","2","4","07:00","2.2"
"Parainen Utö","2020","2","4","08:00","60.1"
"Parainen Utö","2020","2","4","09:00","112.5"
"Parainen Utö","2020","2","4","10:00","198.7"
"Parainen Utö","2020","2","4","11:00","192.7"
"Parainen Utö","2020","2","4","12:00","220.3"
"Parainen Utö","2020","2","4","13:00","178.6"
"Parainen Utö","2020","2","4","14:00","111"
"Parainen Utö","2020","2","4","15:00","25.1"
"Parainen Utö","2020","2","4","16:00","-1.7"
"Parainen Utö","2020","2","4","17:00","-2.1"
"Parainen Utö","2020","2","4","18:00","-2.1"
"Parainen Utö","2020","2","4","19:00","-2.3"
"Parainen Utö","2020","2","4","20:00","-2.3"
"Parainen Utö","2020","2","4","21:00","-1.5"
"Parainen Utö","2020","2","4","22:00","-1"
"Parainen Utö","2020","2","4","23:00","-1.3"
"Parainen Utö","2020","2","5","00:00","-2"
"Parainen Utö","2020","2","5","01:00","-2.1"
"Parainen Utö","2020","2","5","02:00","-1.7"
"Parainen Utö","2020","2","5","03:00","-1.9"
"Parainen Utö","2020","2","5","04:00","-2.7"
"Parainen Utö","2020","2","5","05:00","-2.2"
"Parainen Utö","2020","2","5","06:00","-2.8"
"Parainen Utö","2020","2","5","07:00","4"
"Parainen Utö","2020","2","5","08:00","46.5"
"Parainen Utö","2020","2","5","09:00","119.4"
"Parainen Utö","2020","2","5","10:00","177.1"
"Parainen Utö","2020","2","5","11:00","143.3"
"Parainen Utö","2020","2","5","12:00","139.1"
"Parainen Utö","2020","2","5","13:00","98.5"
"Parainen Utö","2020","2","5","14:00","43.2"
"Parainen Utö","2020","2","5","15:00","8.1"
"Parainen Utö","2020","2","5","16:00","-1.8"
"Parainen Utö","2020","2","5","17:00","-2"
"Parainen Utö","2020","2","5","18:00","-1.7"
"Parainen Utö","2020","2","5","19:00","-2.2"
"Parainen Utö","2020","2","5","20:00","-1.8"
"Parainen Utö","2020","2","5","21:00","-1.9"
"Parainen Utö","2020","2","5","22:00","-1.1"
"Parainen Utö","2020","2","5","23:00","-1.3"
"Parainen Utö","2020","2","6","00:00","-1.6"
"Parainen Utö","2020","2","6","01:00","-2.2"
"Parainen Utö","2020","2","6","02:00","-2.2"
"Parainen Utö","2020","2","6","03:00","-2.4"
"Parainen Utö","2020","2","6","04:00","-2.2"
"Parainen Utö","2020","2","6","05:00","-2.2"
"Parainen Utö","2020","2","6","06:00","-2.5"
"Parainen Utö","2020","2","6","07:00","3.5"
"Parainen Utö","2020","2","6","08:00","62.9"
"Parainen Utö","2020","2","6","09:00","150.3"
"Parainen Utö","2020","2","6","10:00","215.6"
"Parainen Utö","2020","2","6","11:00","244.4"
"Parainen Utö","2020","2","6","12:00","234.9"
"Parainen Utö","2020","2","6","13:00","191"
"Parainen Utö","2020","2","6","14:00","107.7"
"Parainen Utö","2020","2","6","15:00","32.3"
"Parainen Utö","2020","2","6","16:00","-1.8"
"Parainen Utö","2020","2","6","17:00","-2.7"
"Parainen Utö","2020","2","6","18:00","-2.6"
"Parainen Utö","2020","2","6","19:00","-3"
"Parainen Utö","2020","2","6","20:00","-2.9"
"Parainen Utö","2020","2","6","21:00","-2.6"
"Parainen Utö","2020","2","6","22:00","-2.7"
"Parainen Utö","2020","2","6","23:00","-2.5"
"Parainen Utö","2020","2","7","00:00","-2.6"
"Parainen Utö","2020","2","7","01:00","-2.5"
"Parainen Utö","2020","2","7","02:00","-2.5"
"Parainen Utö","2020","2","7","03:00","-2.6"
"Parainen Utö","2020","2","7","04:00","-2.3"
"Parainen Utö","2020","2","7","05:00","-2.2"
"Parainen Utö","2020","2","7","06:00","-2.1"
"Parainen Utö","2020","2","7","07:00","4.8"
"Parainen Utö","2020","2","7","08:00","35"
"Parainen Utö","2020","2","7","09:00","49.9"
"Parainen Utö","2020","2","7","10:00","50"
"Parainen Utö","2020","2","7","11:00","38.4"
"Parainen Utö","2020","2","7","12:00","35.2"
"Parainen Utö","2020","2","7","13:00","31.8"
"Parainen Utö","2020","2","7","14:00","23.9"
"Parainen Utö","2020","2","7","15:00","9.7"
"Parainen Utö","2020","2","7","16:00","-1.1"
"Parainen Utö","2020","2","7","17:00","-2.1"
"Parainen Utö","2020","2","7","18:00","-2"
"Parainen Utö","2020","2","7","19:00","-1.7"
"Parainen Utö","2020","2","7","20:00","-2.3"
"Parainen Utö","2020","2","7","21:00","-2.4"
"Parainen Utö","2020","2","7","22:00","-1.9"
"Parainen Utö","2020","2","7","23:00","-1.3"
"Parainen Utö","2020","2","8","00:00","-1.2"
"Parainen Utö","2020","2","8","01:00","-1.1"
"Parainen Utö","2020","2","8","02:00","-1.8"
"Parainen Utö","2020","2","8","03:00","-1.4"
"Parainen Utö","2020","2","8","04:00","-1.1"
"Parainen Utö","2020","2","8","05:00","-0.8"
"Parainen Utö","2020","2","8","06:00","-1"
"Parainen Utö","2020","2","8","07:00","0.8"
"Parainen Utö","2020","2","8","08:00","12.2"
"Parainen Utö","2020","2","8","09:00","30"
"Parainen Utö","2020","2","8","10:00","41.1"
"Parainen Utö","2020","2","8","11:00","60.9"
"Parainen Utö","2020","2","8","12:00","52.5"
"Parainen Utö","2020","2","8","13:00","39"
"Parainen Utö","2020","2","8","14:00","24.4"
"Parainen Utö","2020","2","8","15:00","8.6"
"Parainen Utö","2020","2","8","16:00","-0.9"
"Parainen Utö","2020","2","8","17:00","-1.4"
"Parainen Utö","2020","2","8","18:00","-1.3"
"Parainen Utö","2020","2","8","19:00","-1.4"
"Parainen Utö","2020","2","8","20:00","-1.4"
"Parainen Utö","2020","2","8","21:00","-1.4"
"Parainen Utö","2020","2","8","22:00","-1.3"
"Parainen Utö","2020","2","8","23:00","-1.1"
"Parainen Utö","2020","2","9","00:00","-1.3"
"Parainen Utö","2020","2","9","01:00","-1.3"
"Parainen Utö","2020","2","9","02:00","-1.3"
"Parainen Utö","2020","2","9","03:00","-1.4"
"Parainen Utö","2020","2","9","04:00","-1.6"
"Parainen Utö","2020","2","9","05:00","-1.4"
"Parainen Utö","2020","2","9","06:00","-1.2"
"Parainen Utö","2020","2","9","07:00","-0.6"
"Parainen Utö","2020","2","9","08:00","6.9"
"Parainen Utö","2020","2","9","09:00","18"
"Parainen Utö","2020","2","9","10:00","27.9"
"Parainen Utö","2020","2","9","11:00","52.4"
"Parainen Utö","2020","2","9","12:00","103.3"
"Parainen Utö","2020","2","9","13:00","76.7"
"Parainen Utö","2020","2","9","14:00","36.9"
"Parainen Utö","2020","2","9","15:00","14.1"
"Parainen Utö","2020","2","9","16:00","-0.9"
"Parainen Utö","2020","2","9","17:00","-1.2"
"Parainen Utö","2020","2","9","18:00","-1.7"
"Parainen Utö","2020","2","9","19:00","-2"
"Parainen Utö","2020","2","9","20:00","-1.7"
"Parainen Utö","2020","2","9","21:00","-1.6"
"Parainen Utö","2020","2","9","22:00","-1.6"
"Parainen Utö","2020","2","9","23:00","-1.6"
"Parainen Utö","2020","2","10","00:00","-1.5"
"Parainen Utö","2020","2","10","01:00","-1.4"
"Parainen Utö","2020","2","10","02:00","-1.2"
"Parainen Utö","2020","2","10","03:00","-1.4"
"Parainen Utö","2020","2","10","04:00","-1.2"
"Parainen Utö","2020","2","10","05:00","-1.4"
"Parainen Utö","2020","2","10","06:00","-1.5"
"Parainen Utö","2020","2","10","07:00","2.5"
"Parainen Utö","2020","2","10","08:00","35"
"Parainen Utö","2020","2","10","09:00","122"
"Parainen Utö","2020","2","10","10:00","132.3"
"Parainen Utö","2020","2","10","11:00","166.4"
"Parainen Utö","2020","2","10","12:00","191.1"
"Parainen Utö","2020","2","10","13:00","94.2"
"Parainen Utö","2020","2","10","14:00","78.1"
"Parainen Utö","2020","2","10","15:00","25.8"
"Parainen Utö","2020","2","10","16:00","-0.9"
"Parainen Utö","2020","2","10","17:00","-2.2"
"Parainen Utö","2020","2","10","18:00","-2.5"
"Parainen Utö","2020","2","10","19:00","-2"
"Parainen Utö","2020","2","10","20:00","-1.8"
"Parainen Utö","2020","2","10","21:00","-1.4"
"Parainen Utö","2020","2","10","22:00","-1.3"
"Parainen Utö","2020","2","10","23:00","-1.7"
"Parainen Utö","2020","2","11","00:00","-1.7"
"Parainen Utö","2020","2","11","01:00","-2"
"Parainen Utö","2020","2","11","02:00","-2.1"
"Parainen Utö","2020","2","11","03:00","-2.4"
"Parainen Utö","2020","2","11","04:00","-2.5"
"Parainen Utö","2020","2","11","05:00","-2.3"
"Parainen Utö","2020","2","11","06:00","-1.7"
"Parainen Utö","2020","2","11","07:00","9.1"
"Parainen Utö","2020","2","11","08:00","98.4"
"Parainen Utö","2020","2","11","09:00","204.2"
"Parainen Utö","2020","2","11","10:00","244.2"
"Parainen Utö","2020","2","11","11:00","258.2"
"Parainen Utö","2020","2","11","12:00","246.9"
"Parainen Utö","2020","2","11","13:00","142.4"
"Parainen Utö","2020","2","11","14:00","76.5"
"Parainen Utö","2020","2","11","15:00","12.8"
"Parainen Utö","2020","2","11","16:00","-1"
"Parainen Utö","2020","2","11","17:00","-1.5"
"Parainen Utö","2020","2","11","18:00","-1.5"
"Parainen Utö","2020","2","11","19:00","-1.5"
"Parainen Utö","2020","2","11","20:00","-1.9"
"Parainen Utö","2020","2","11","21:00","-1.7"
"Parainen Utö","2020","2","11","22:00","-2.1"
"Parainen Utö","2020","2","11","23:00","-1.5"
"Parainen Utö","2020","2","12","00:00","-1.9"
"Parainen Utö","2020","2","12","01:00","-2.6"
"Parainen Utö","2020","2","12","02:00","-2.2"
"Parainen Utö","2020","2","12","03:00","-1.7"
"Parainen Utö","2020","2","12","04:00","-2"
"Parainen Utö","2020","2","12","05:00","-1.5"
"Parainen Utö","2020","2","12","06:00","-1.8"
"Parainen Utö","2020","2","12","07:00","3.2"
"Parainen Utö","2020","2","12","08:00","30.1"
"Parainen Utö","2020","2","12","09:00","47.2"
"Parainen Utö","2020","2","12","10:00","62.1"
"Parainen Utö","2020","2","12","11:00","63.4"
"Parainen Utö","2020","2","12","12:00","129.7"
"Parainen Utö","2020","2","12","13:00","185"
"Parainen Utö","2020","2","12","14:00","100.5"
"Parainen Utö","2020","2","12","15:00","20.7"
"Parainen Utö","2020","2","12","16:00","3.6"
"Parainen Utö","2020","2","12","17:00","-1.5"
"Parainen Utö","2020","2","12","18:00","-1.8"
"Parainen Utö","2020","2","12","19:00","-2.1"
"Parainen Utö","2020","2","12","20:00","-1.8"
"Parainen Utö","2020","2","12","21:00","-1.7"
"Parainen Utö","2020","2","12","22:00","-1.7"
"Parainen Utö","2020","2","12","23:00","-1.8"
"Parainen Utö","2020","2","13","00:00","-1.6"
"Parainen Utö","2020","2","13","01:00","-1.1"
"Parainen Utö","2020","2","13","02:00","-2.3"
"Parainen Utö","2020","2","13","03:00","-2.6"
"Parainen Utö","2020","2","13","04:00","-2.8"
"Parainen Utö","2020","2","13","05:00","-2.6"
"Parainen Utö","2020","2","13","06:00","-2.6"
"Parainen Utö","2020","2","13","07:00","10.1"
"Parainen Utö","2020","2","13","08:00","97.9"
"Parainen Utö","2020","2","13","09:00","182.5"
"Parainen Utö","2020","2","13","10:00","249.6"
"Parainen Utö","2020","2","13","11:00","279.1"
"Parainen Utö","2020","2","13","12:00","254.2"
"Parainen Utö","2020","2","13","13:00","155.4"
"Parainen Utö","2020","2","13","14:00","132.4"
"Parainen Utö","2020","2","13","15:00","58.1"
"Parainen Utö","2020","2","13","16:00","2"
"Parainen Utö","2020","2","13","17:00","-3.1"
"Parainen Utö","2020","2","13","18:00","-3"
"Parainen Utö","2020","2","13","19:00","-2.9"
"Parainen Utö","2020","2","13","20:00","-2.1"
"Parainen Utö","2020","2","13","21:00","-1.6"
"Parainen Utö","2020","2","13","22:00","-1.6"
"Parainen Utö","2020","2","13","23:00","-2.4"
"Parainen Utö","2020","2","14","00:00","-2.6"
"Parainen Utö","2020","2","14","01:00","-2.8"
"Parainen Utö","2020","2","14","02:00","-2.8"
"Parainen Utö","2020","2","14","03:00","-2.7"
"Parainen Utö","2020","2","14","04:00","-2.6"
"Parainen Utö","2020","2","14","05:00","-2.8"
"Parainen Utö","2020","2","14","06:00","-2.6"
"Parainen Utö","2020","2","14","07:00","10.1"
"Parainen Utö","2020","2","14","08:00","82.1"
"Parainen Utö","2020","2","14","09:00","180.2"
"Parainen Utö","2020","2","14","10:00","252.6"
"Parainen Utö","2020","2","14","11:00","250.3"
"Parainen Utö","2020","2","14","12:00","176.1"
"Parainen Utö","2020","2","14","13:00","183"
"Parainen Utö","2020","2","14","14:00","141.4"
"Parainen Utö","2020","2","14","15:00","65.6"
"Parainen Utö","2020","2","14","16:00","5"
"Parainen Utö","2020","2","14","17:00","-2.9"
"Parainen Utö","2020","2","14","18:00","-2.6"
"Parainen Utö","2020","2","14","19:00","-2.1"
"Parainen Utö","2020","2","14","20:00","-2.1"
"Parainen Utö","2020","2","14","21:00","-2.5"
"Parainen Utö","2020","2","14","22:00","-2.6"
"Parainen Utö","2020","2","14","23:00","-2.3"
"Parainen Utö","2020","2","15","00:00","-2"
"Parainen Utö","2020","2","15","01:00","-1.8"
"Parainen Utö","2020","2","15","02:00","-1.7"
"Parainen Utö","2020","2","15","03:00","-2.2"
"Parainen Utö","2020","2","15","04:00","-1.7"
"Parainen Utö","2020","2","15","05:00","-1.7"
"Parainen Utö","2020","2","15","06:00","-1.6"
"Parainen Utö","2020","2","15","07:00","2.8"
"Parainen Utö","2020","2","15","08:00","19.3"
"Parainen Utö","2020","2","15","09:00","20.1"
"Parainen Utö","2020","2","15","10:00","30.4"
"Parainen Utö","2020","2","15","11:00","24.4"
"Parainen Utö","2020","2","15","12:00","29.6"
"Parainen Utö","2020","2","15","13:00","35.6"
"Parainen Utö","2020","2","15","14:00","29.5"
"Parainen Utö","2020","2","15","15:00","5.4"
"Parainen Utö","2020","2","15","16:00","-0.2"
"Parainen Utö","2020","2","15","17:00","-0.9"
"Parainen Utö","2020","2","15","18:00","-1.2"
"Parainen Utö","2020","2","15","19:00","-1.2"
"Parainen Utö","2020","2","15","20:00","-1.7"
"Parainen Utö","2020","2","15","21:00","-1.7"
"Parainen Utö","2020","2","15","22:00","-1.5"
"Parainen Utö","2020","2","15","23:00","-1.6"
"Parainen Utö","2020","2","16","00:00","-1.7"
"Parainen Utö","2020","2","16","01:00","-1.5"
"Parainen Utö","2020","2","16","02:00","-1.5"
"Parainen Utö","2020","2","16","03:00","-1.4"
"Parainen Utö","2020","2","16","04:00","-1.7"
"Parainen Utö","2020","2","16","05:00","-1.5"
"Parainen Utö","2020","2","16","06:00","-1.6"
"Parainen Utö","2020","2","16","07:00","2.7"
"Parainen Utö","2020","2","16","08:00","7.8"
"Parainen Utö","2020","2","16","09:00","20.1"
"Parainen Utö","2020","2","16","10:00","47"
"Parainen Utö","2020","2","16","11:00","29.7"
"Parainen Utö","2020","2","16","12:00","31.3"
"Parainen Utö","2020","2","16","13:00","24.1"
"Parainen Utö","2020","2","16","14:00","8.2"
"Parainen Utö","2020","2","16","15:00","2.1"
"Parainen Utö","2020","2","16","16:00","-0.6"
"Parainen Utö","2020","2","16","17:00","-1.1"
"Parainen Utö","2020","2","16","18:00","-0.8"
"Parainen Utö","2020","2","16","19:00","-0.7"
"Parainen Utö","2020","2","16","20:00","-1"
"Parainen Utö","2020","2","16","21:00","-1.5"
"Parainen Utö","2020","2","16","22:00","-1.5"
"Parainen Utö","2020","2","16","23:00","-1.6"
"Parainen Utö","2020","2","17","00:00","-1.4"
"Parainen Utö","2020","2","17","01:00","-1.6"
"Parainen Utö","2020","2","17","02:00","-1.7"
"Parainen Utö","2020","2","17","03:00","-2"
"Parainen Utö","2020","2","17","04:00","-1.6"
"Parainen Utö","2020","2","17","05:00","-2.1"
"Parainen Utö","2020","2","17","06:00","-2"
"Parainen Utö","2020","2","17","07:00","17.9"
"Parainen Utö","2020","2","17","08:00","90.1"
"Parainen Utö","2020","2","17","09:00","187.8"
"Parainen Utö","2020","2","17","10:00","235.7"
"Parainen Utö","2020","2","17","11:00","206.3"
"Parainen Utö","2020","2","17","12:00","245"
"Parainen Utö","2020","2","17","13:00","216.4"
"Parainen Utö","2020","2","17","14:00","149.6"
"Parainen Utö","2020","2","17","15:00","67.8"
"Parainen Utö","2020","2","17","16:00","7"
"Parainen Utö","2020","2","17","17:00","-2.5"
"Parainen Utö","2020","2","17","18:00","-2.3"
"Parainen Utö","2020","2","17","19:00","-2.3"
"Parainen Utö","2020","2","17","20:00","-2.3"
"Parainen Utö","2020","2","17","21:00","-2.2"
"Parainen Utö","2020","2","17","22:00","-1.9"
"Parainen Utö","2020","2","17","23:00","-1.5"
"Parainen Utö","2020","2","18","00:00","-1.7"
"Parainen Utö","2020","2","18","01:00","-2"
"Parainen Utö","2020","2","18","02:00","-1.8"
"Parainen Utö","2020","2","18","03:00","-2"
"Parainen Utö","2020","2","18","04:00","-2.7"
"Parainen Utö","2020","2","18","05:00","-2.5"
"Parainen Utö","2020","2","18","06:00","-1.9"
"Parainen Utö","2020","2","18","07:00","19.6"
"Parainen Utö","2020","2","18","08:00","91.7"
"Parainen Utö","2020","2","18","09:00","178.9"
"Parainen Utö","2020","2","18","10:00","214.3"
"Parainen Utö","2020","2","18","11:00","255.2"
"Parainen Utö","2020","2","18","12:00","243.3"
"Parainen Utö","2020","2","18","13:00","192.8"
"Parainen Utö","2020","2","18","14:00","121.5"
"Parainen Utö","2020","2","18","15:00","57.6"
"Parainen Utö","2020","2","18","16:00","4.8"
"Parainen Utö","2020","2","18","17:00","-1.9"
"Parainen Utö","2020","2","18","18:00","-1.6"
"Parainen Utö","2020","2","18","19:00","-2.1"
"Parainen Utö","2020","2","18","20:00","-2.2"
"Parainen Utö","2020","2","18","21:00","-2.3"
"Parainen Utö","2020","2","18","22:00","-2.3"
"Parainen Utö","2020","2","18","23:00","-2.3"
"Parainen Utö","2020","2","19","00:00","-2.6"
"Parainen Utö","2020","2","19","01:00","-2.8"
"Parainen Utö","2020","2","19","02:00","-2.6"
"Parainen Utö","2020","2","19","03:00","-2.7"
"Parainen Utö","2020","2","19","04:00","-2.8"
"Parainen Utö","2020","2","19","05:00","-2.6"
"Parainen Utö","2020","2","19","06:00","-1.9"
"Parainen Utö","2020","2","19","07:00","27.3"
"Parainen Utö","2020","2","19","08:00","126.6"
"Parainen Utö","2020","2","19","09:00","213.7"
"Parainen Utö","2020","2","19","10:00","256.8"
"Parainen Utö","2020","2","19","11:00","293.2"
"Parainen Utö","2020","2","19","12:00","300.1"
"Parainen Utö","2020","2","19","13:00","255"
"Parainen Utö","2020","2","19","14:00","165.8"
"Parainen Utö","2020","2","19","15:00","82.4"
"Parainen Utö","2020","2","19","16:00","9.8"
"Parainen Utö","2020","2","19","17:00","-2.6"
"Parainen Utö","2020","2","19","18:00","-2.8"
"Parainen Utö","2020","2","19","19:00","-2.4"
"Parainen Utö","2020","2","19","20:00","-2.7"
"Parainen Utö","2020","2","19","21:00","-2"
"Parainen Utö","2020","2","19","22:00","-2"
"Parainen Utö","2020","2","19","23:00","-2.5"
"Parainen Utö","2020","2","20","00:00","-2.4"
"Parainen Utö","2020","2","20","01:00","-2.6"
"Parainen Utö","2020","2","20","02:00","-2.6"
"Parainen Utö","2020","2","20","03:00","-2.7"
"Parainen Utö","2020","2","20","04:00","-2.7"
"Parainen Utö","2020","2","20","05:00","-2.2"
"Parainen Utö","2020","2","20","06:00","-0.6"
"Parainen Utö","2020","2","20","07:00","34.7"
"Parainen Utö","2020","2","20","08:00","133.4"
"Parainen Utö","2020","2","20","09:00","209.2"
"Parainen Utö","2020","2","20","10:00","309.8"
"Parainen Utö","2020","2","20","11:00","338.1"
"Parainen Utö","2020","2","20","12:00","319"
"Parainen Utö","2020","2","20","13:00","220.6"
"Parainen Utö","2020","2","20","14:00","131.3"
"Parainen Utö","2020","2","20","15:00","22.8"
"Parainen Utö","2020","2","20","16:00","3.4"
"Parainen Utö","2020","2","20","17:00","-1.2"
"Parainen Utö","2020","2","20","18:00","-1.5"
"Parainen Utö","2020","2","20","19:00","-1.7"
"Parainen Utö","2020","2","20","20:00","-2"
"Parainen Utö","2020","2","20","21:00","-2"
"Parainen Utö","2020","2","20","22:00","-2.1"
"Parainen Utö","2020","2","20","23:00","-1.6"
"Parainen Utö","2020","2","21","00:00","-1.9"
"Parainen Utö","2020","2","21","01:00","-1.7"
"Parainen Utö","2020","2","21","02:00","-1.8"
"Parainen Utö","2020","2","21","03:00","-1.8"
"Parainen Utö","2020","2","21","04:00","-1.6"
"Parainen Utö","2020","2","21","05:00","-1.4"
"Parainen Utö","2020","2","21","06:00","-1.5"
"Parainen Utö","2020","2","21","07:00","2.3"
"Parainen Utö","2020","2","21","08:00","11.7"
"Parainen Utö","2020","2","21","09:00","39.6"
"Parainen Utö","2020","2","21","10:00","49.5"
"Parainen Utö","2020","2","21","11:00","186.5"
"Parainen Utö","2020","2","21","12:00","278.4"
"Parainen Utö","2020","2","21","13:00","257.7"
"Parainen Utö","2020","2","21","14:00","179.9"
"Parainen Utö","2020","2","21","15:00","94.7"
"Parainen Utö","2020","2","21","16:00","12.9"
"Parainen Utö","2020","2","21","17:00","-2.7"
"Parainen Utö","2020","2","21","18:00","-2.8"
"Parainen Utö","2020","2","21","19:00","-2.6"
"Parainen Utö","2020","2","21","20:00","-2.4"
"Parainen Utö","2020","2","21","21:00","-2.3"
"Parainen Utö","2020","2","21","22:00","-1.9"
"Parainen Utö","2020","2","21","23:00","-2"
"Parainen Utö","2020","2","22","00:00","-2.2"
"Parainen Utö","2020","2","22","01:00","-1.9"
"Parainen Utö","2020","2","22","02:00","-1.9"
"Parainen Utö","2020","2","22","03:00","-2.1"
"Parainen Utö","2020","2","22","04:00","-1.7"
"Parainen Utö","2020","2","22","05:00","-1.5"
"Parainen Utö","2020","2","22","06:00","-1.5"
"Parainen Utö","2020","2","22","07:00","0.9"
"Parainen Utö","2020","2","22","08:00","8.1"
"Parainen Utö","2020","2","22","09:00","19.6"
"Parainen Utö","2020","2","22","10:00","33.7"
"Parainen Utö","2020","2","22","11:00","23.2"
"Parainen Utö","2020","2","22","12:00","22.7"
"Parainen Utö","2020","2","22","13:00","64.8"
"Parainen Utö","2020","2","22","14:00","67"
"Parainen Utö","2020","2","22","15:00","25.1"
"Parainen Utö","2020","2","22","16:00","10.6"
"Parainen Utö","2020","2","22","17:00","-1.9"
"Parainen Utö","2020","2","22","18:00","-2.6"
"Parainen Utö","2020","2","22","19:00","-2.2"
"Parainen Utö","2020","2","22","20:00","-2"
"Parainen Utö","2020","2","22","21:00","-1.8"
"Parainen Utö","2020","2","22","22:00","-2.6"
"Parainen Utö","2020","2","22","23:00","-2.6"
"Parainen Utö","2020","2","23","00:00","-3"
"Parainen Utö","2020","2","23","01:00","-2.7"
"Parainen Utö","2020","2","23","02:00","-2.7"
"Parainen Utö","2020","2","23","03:00","-2.6"
"Parainen Utö","2020","2","23","04:00","-2.7"
"Parainen Utö","2020","2","23","05:00","-2.8"
"Parainen Utö","2020","2","23","06:00","-0.4"
"Parainen Utö","2020","2","23","07:00","20.9"
"Parainen Utö","2020","2","23","08:00","60.8"
"Parainen Utö","2020","2","23","09:00","241.2"
"Parainen Utö","2020","2","23","10:00","314.8"
"Parainen Utö","2020","2","23","11:00","344.1"
"Parainen Utö","2020","2","23","12:00","332.6"
"Parainen Utö","2020","2","23","13:00","284.6"
"Parainen Utö","2020","2","23","14:00","188.7"
"Parainen Utö","2020","2","23","15:00","105.5"
"Parainen Utö","2020","2","23","16:00","17.9"
"Parainen Utö","2020","2","23","17:00","-2.6"
"Parainen Utö","2020","2","23","18:00","-2.9"
"Parainen Utö","2020","2","23","19:00","-3.1"
"Parainen Utö","2020","2","23","20:00","-2.8"
"Parainen Utö","2020","2","23","21:00","-2.8"
"Parainen Utö","2020","2","23","22:00","-2.9"
"Parainen Utö","2020","2","23","23:00","-2.4"
"Parainen Utö","2020","2","24","00:00","-2.6"
"Parainen Utö","2020","2","24","01:00","-1.9"
"Parainen Utö","2020","2","24","02:00","-2.2"
"Parainen Utö","2020","2","24","03:00","-2.7"
"Parainen Utö","2020","2","24","04:00","-2.9"
"Parainen Utö","2020","2","24","05:00","-2.8"
"Parainen Utö","2020","2","24","06:00","-0.3"
"Parainen Utö","2020","2","24","07:00","50.9"
"Parainen Utö","2020","2","24","08:00","155"
"Parainen Utö","2020","2","24","09:00","254.8"
"Parainen Utö","2020","2","24","10:00","326.3"
"Parainen Utö","2020","2","24","11:00","357.9"
"Parainen Utö","2020","2","24","12:00","347.6"
"Parainen Utö","2020","2","24","13:00","295.7"
"Parainen Utö","2020","2","24","14:00","198.5"
"Parainen Utö","2020","2","24","15:00","113.6"
"Parainen Utö","2020","2","24","16:00","21.3"
"Parainen Utö","2020","2","24","17:00","-2.7"
"Parainen Utö","2020","2","24","18:00","-2.9"
"Parainen Utö","2020","2","24","19:00","-3"
"Parainen Utö","2020","2","24","20:00","-2.5"
"Parainen Utö","2020","2","24","21:00","-2.7"
"Parainen Utö","2020","2","24","22:00","-2.7"
"Parainen Utö","2020","2","24","23:00","-2.5"
"Parainen Utö","2020","2","25","00:00","-2.7"
"Parainen Utö","2020","2","25","01:00","-2.5"
"Parainen Utö","2020","2","25","02:00","-2.5"
"Parainen Utö","2020","2","25","03:00","-2.8"
"Parainen Utö","2020","2","25","04:00","-2.7"
"Parainen Utö","2020","2","25","05:00","-2.8"
"Parainen Utö","2020","2","25","06:00","0.2"
"Parainen Utö","2020","2","25","07:00","44.9"
"Parainen Utö","2020","2","25","08:00","150.1"
"Parainen Utö","2020","2","25","09:00","250.9"
"Parainen Utö","2020","2","25","10:00","335.1"
"Parainen Utö","2020","2","25","11:00","331.5"
"Parainen Utö","2020","2","25","12:00","241.5"
"Parainen Utö","2020","2","25","13:00","210.4"
"Parainen Utö","2020","2","25","14:00","117.3"
"Parainen Utö","2020","2","25","15:00","60"
"Parainen Utö","2020","2","25","16:00","10.8"
"Parainen Utö","2020","2","25","17:00","-2"
"Parainen Utö","2020","2","25","18:00","-2.3"
"Parainen Utö","2020","2","25","19:00","-2.3"
"Parainen Utö","2020","2","25","20:00","-2.3"
"Parainen Utö","2020","2","25","21:00","-2"
"Parainen Utö","2020","2","25","22:00","-2"
"Parainen Utö","2020","2","25","23:00","-2.1"
"Parainen Utö","2020","2","26","00:00","-1.9"
"Parainen Utö","2020","2","26","01:00","-1.8"
"Parainen Utö","2020","2","26","02:00","-1.5"
"Parainen Utö","2020","2","26","03:00","-1.6"
"Parainen Utö","2020","2","26","04:00","-1.8"
"Parainen Utö","2020","2","26","05:00","-1.7"
"Parainen Utö","2020","2","26","06:00","0.6"
"Parainen Utö","2020","2","26","07:00","26.7"
"Parainen Utö","2020","2","26","08:00","70.8"
"Parainen Utö","2020","2","26","09:00","133"
"Parainen Utö","2020","2","26","10:00","208.1"
"Parainen Utö","2020","2","26","11:00","225.2"
"Parainen Utö","2020","2","26","12:00","370.1"
"Parainen Utö","2020","2","26","13:00","176.6"
"Parainen Utö","2020","2","26","14:00","86"
"Parainen Utö","2020","2","26","15:00","46.6"
"Parainen Utö","2020","2","26","16:00","11.2"
"Parainen Utö","2020","2","26","17:00","-1.8"
"Parainen Utö","2020","2","26","18:00","-2.2"
"Parainen Utö","2020","2","26","19:00","-2"
"Parainen Utö","2020","2","26","20:00","-1.6"
"Parainen Utö","2020","2","26","21:00","-2"
"Parainen Utö","2020","2","26","22:00","-2.1"
"Parainen Utö","2020","2","26","23:00","-1.6"
"Parainen Utö","2020","2","27","00:00","-1.7"
"Parainen Utö","2020","2","27","01:00","-1.7"
"Parainen Utö","2020","2","27","02:00","-1.8"
"Parainen Utö","2020","2","27","03:00","-1.7"
"Parainen Utö","2020","2","27","04:00","-2.1"
"Parainen Utö","2020","2","27","05:00","-2.3"
"Parainen Utö","2020","2","27","06:00","1.7"
"Parainen Utö","2020","2","27","07:00","63.9"
"Parainen Utö","2020","2","27","08:00","102.3"
"Parainen Utö","2020","2","27","09:00","95.2"
"Parainen Utö","2020","2","27","10:00","99.4"
"Parainen Utö","2020","2","27","11:00","101.8"
"Parainen Utö","2020","2","27","12:00","153.2"
"Parainen Utö","2020","2","27","13:00","202.1"
"Parainen Utö","2020","2","27","14:00","156.3"
"Parainen Utö","2020","2","27","15:00","50.5"
"Parainen Utö","2020","2","27","16:00","11.9"
"Parainen Utö","2020","2","27","17:00","-2.1"
"Parainen Utö","2020","2","27","18:00","-3"
"Parainen Utö","2020","2","27","19:00","-2.8"
"Parainen Utö","2020","2","27","20:00","-2.6"
"Parainen Utö","2020","2","27","21:00","-2.9"
"Parainen Utö","2020","2","27","22:00","-2.6"
"Parainen Utö","2020","2","27","23:00","-2"
"Parainen Utö","2020","2","28","00:00","-2.1"
"Parainen Utö","2020","2","28","01:00","-2.4"
"Parainen Utö","2020","2","28","02:00","-2.4"
"Parainen Utö","2020","2","28","03:00","-2.2"
"Parainen Utö","2020","2","28","04:00","-2.5"
"Parainen Utö","2020","2","28","05:00","-2"
"-","2020","2","28","06:00","-"
"Parainen Utö","2020","2","28","07:00","78.2"
"Parainen Utö","2020","2","28","08:00","194.5"
"Parainen Utö","2020","2","28","09:00","297.7"
"Parainen Utö","2020","2","28","10:00","369.7"
"Parainen Utö","2020","2","28","11:00","399.7"
"Parainen Utö","2020","2","28","12:00","390.3"
"Parainen Utö","2020","2","28","13:00","338.1"
"Parainen Utö","2020","2","28","14:00","231.9"
"Parainen Utö","2020","2","28","15:00","135"
"Parainen Utö","2020","2","28","16:00","31.8"
"Parainen Utö","2020","2","28","17:00","-2.1"
"Parainen Utö","2020","2","28","18:00","-2.9"
"Parainen Utö","2020","2","28","19:00","-2.7"
"Parainen Utö","2020","2","28","20:00","-2.4"
"Parainen Utö","2020","2","28","21:00","-2.6"
"Parainen Utö","2020","2","28","22:00","-2.5"
"Parainen Utö","2020","2","28","23:00","-2.5"
"Parainen Utö","2020","2","29","00:00","-2.2"
"Parainen Utö","2020","2","29","01:00","-2.5"
"Parainen Utö","2020","2","29","02:00","-1.4"
"Parainen Utö","2020","2","29","03:00","-1.3"
"Parainen Utö","2020","2","29","04:00","-1.3"
"Parainen Utö","2020","2","29","05:00","-1.6"
"Parainen Utö","2020","2","29","06:00","1.5"
"Parainen Utö","2020","2","29","07:00","51.8"
"Parainen Utö","2020","2","29","08:00","165.4"
"Parainen Utö","2020","2","29","09:00","235.6"
"Parainen Utö","2020","2","29","10:00","113.1"
"Parainen Utö","2020","2","29","11:00","127"
"Parainen Utö","2020","2","29","12:00","143.6"
"Parainen Utö","2020","2","29","13:00","105.9"
"Parainen Utö","2020","2","29","14:00","71.9"
"Parainen Utö","2020","2","29","15:00","59.6"
"Parainen Utö","2020","2","29","16:00","4.7"
"Parainen Utö","2020","2","29","17:00","-0.6"
"Parainen Utö","2020","2","29","18:00","-0.7"
"Parainen Utö","2020","2","29","19:00","-0.8"
"Parainen Utö","2020","2","29","20:00","-1"
"Parainen Utö","2020","2","29","21:00","-0.9"
"Parainen Utö","2020","2","29","22:00","-2.4"
"Parainen Utö","2020","2","29","23:00","-2"
"Parainen Utö","2020","3","1","00:00","-1.1"
"Parainen Utö","2020","3","1","01:00","-1"
"Parainen Utö","2020","3","1","02:00","-1.1"
"Parainen Utö","2020","3","1","03:00","-1.8"
"Parainen Utö","2020","3","1","04:00","-2.1"
"Parainen Utö","2020","3","1","05:00","-1.7"
"Parainen Utö","2020","3","1","06:00","-0.4"
"Parainen Utö","2020","3","1","07:00","10.7"
"Parainen Utö","2020","3","1","08:00","17"
"Parainen Utö","2020","3","1","09:00","24.7"
"Parainen Utö","2020","3","1","10:00","60"
"Parainen Utö","2020","3","1","11:00","183.6"
"Parainen Utö","2020","3","1","12:00","248.5"
"Parainen Utö","2020","3","1","13:00","149.1"
"Parainen Utö","2020","3","1","14:00","71.4"
"Parainen Utö","2020","3","1","15:00","55.9"
"Parainen Utö","2020","3","1","16:00","14.7"
"Parainen Utö","2020","3","1","17:00","-1.8"
"Parainen Utö","2020","3","1","18:00","-1.7"
"Parainen Utö","2020","3","1","19:00","-1.9"
"Parainen Utö","2020","3","1","20:00","-1.9"
"Parainen Utö","2020","3","1","21:00","-1.4"
"Parainen Utö","2020","3","1","22:00","-1.5"
"Parainen Utö","2020","3","1","23:00","-1.2"
"Parainen Utö","2020","3","2","00:00","-1.3"
"Parainen Utö","2020","3","2","01:00","-1.6"
"Parainen Utö","2020","3","2","02:00","-1.8"
"Parainen Utö","2020","3","2","03:00","-2"
"Parainen Utö","2020","3","2","04:00","-1.7"
"Parainen Utö","2020","3","2","05:00","-2"
"Parainen Utö","2020","3","2","06:00","7.3"
"Parainen Utö","2020","3","2","07:00","47.9"
"Parainen Utö","2020","3","2","08:00","191.6"
"Parainen Utö","2020","3","2","09:00","268.5"
"Parainen Utö","2020","3","2","10:00","358.4"
"Parainen Utö","2020","3","2","11:00","334.5"
"Parainen Utö","2020","3","2","12:00","324.1"
"Parainen Utö","2020","3","2","13:00","269"
"Parainen Utö","2020","3","2","14:00","202.2"
"Parainen Utö","2020","3","2","15:00","81.6"
"Parainen Utö","2020","3","2","16:00","22"
"Parainen Utö","2020","3","2","17:00","-1"
"Parainen Utö","2020","3","2","18:00","-1"
"Parainen Utö","2020","3","2","19:00","-1.2"
"Parainen Utö","2020","3","2","20:00","-1"
"Parainen Utö","2020","3","2","21:00","-0.9"
"Parainen Utö","2020","3","2","22:00","-1.1"
"Parainen Utö","2020","3","2","23:00","-1.1"
"Parainen Utö","2020","3","3","00:00","-1.4"
"Parainen Utö","2020","3","3","01:00","-1.5"
"Parainen Utö","2020","3","3","02:00","-1.5"
"Parainen Utö","2020","3","3","03:00","-1.4"
"Parainen Utö","2020","3","3","04:00","-1.4"
"Parainen Utö","2020","3","3","05:00","-1.6"
"Parainen Utö","2020","3","3","06:00","0.9"
"Parainen Utö","2020","3","3","07:00","20.2"
"Parainen Utö","2020","3","3","08:00","59.8"
"Parainen Utö","2020","3","3","09:00","109.4"
"Parainen Utö","2020","3","3","10:00","168.9"
"Parainen Utö","2020","3","3","11:00","81"
"Parainen Utö","2020","3","3","12:00","40.2"
"Parainen Utö","2020","3","3","13:00","52"
"Parainen Utö","2020","3","3","14:00","30.1"
"Parainen Utö","2020","3","3","15:00","22.5"
"Parainen Utö","2020","3","3","16:00","4.7"
"Parainen Utö","2020","3","3","17:00","-1"
"Parainen Utö","2020","3","3","18:00","-1.4"
"Parainen Utö","2020","3","3","19:00","-1.3"
"Parainen Utö","2020","3","3","20:00","-1.3"
"Parainen Utö","2020","3","3","21:00","-1.2"
"Parainen Utö","2020","3","3","22:00","-1.2"
"Parainen Utö","2020","3","3","23:00","-1.2"
"Parainen Utö","2020","3","4","00:00","-1.2"
"Parainen Utö","2020","3","4","01:00","-1.3"
"Parainen Utö","2020","3","4","02:00","-1.6"
"Parainen Utö","2020","3","4","03:00","-1.4"
"Parainen Utö","2020","3","4","04:00","-1.8"
"Parainen Utö","2020","3","4","05:00","-1.9"
"Parainen Utö","2020","3","4","06:00","-0.1"
"Parainen Utö","2020","3","4","07:00","8.4"
"Parainen Utö","2020","3","4","08:00","9.3"
"Parainen Utö","2020","3","4","09:00","20.6"
"Parainen Utö","2020","3","4","10:00","24.6"
"Parainen Utö","2020","3","4","11:00","45.7"
"Parainen Utö","2020","3","4","12:00","31.8"
"Parainen Utö","2020","3","4","13:00","23.1"
"Parainen Utö","2020","3","4","14:00","16.1"
"Parainen Utö","2020","3","4","15:00","12.6"
"Parainen Utö","2020","3","4","16:00","2.8"
"Parainen Utö","2020","3","4","17:00","-0.4"
"Parainen Utö","2020","3","4","18:00","-0.8"
"Parainen Utö","2020","3","4","19:00","-0.7"
"Parainen Utö","2020","3","4","20:00","-0.7"
"Parainen Utö","2020","3","4","21:00","-0.7"
"Parainen Utö","2020","3","4","22:00","-0.3"
"Parainen Utö","2020","3","4","23:00","-0.5"
"Parainen Utö","2020","3","5","00:00","-0.5"
"Parainen Utö","2020","3","5","01:00","-1.2"
"Parainen Utö","2020","3","5","02:00","-1.4"
"Parainen Utö","2020","3","5","03:00","-1.3"
"Parainen Utö","2020","3","5","04:00","-1.1"
"Parainen Utö","2020","3","5","05:00","-1.2"
"Parainen Utö","2020","3","5","06:00","3.7"
"Parainen Utö","2020","3","5","07:00","24.6"
"Parainen Utö","2020","3","5","08:00","83.6"
"Parainen Utö","2020","3","5","09:00","198.3"
"Parainen Utö","2020","3","5","10:00","220.3"
"Parainen Utö","2020","3","5","11:00","352.4"
"Parainen Utö","2020","3","5","12:00","357.7"
"Parainen Utö","2020","3","5","13:00","199.6"
"Parainen Utö","2020","3","5","14:00","173.9"
"Parainen Utö","2020","3","5","15:00","113.1"
"Parainen Utö","2020","3","5","16:00","18.4"
"Parainen Utö","2020","3","5","17:00","-0.3"
"Parainen Utö","2020","3","5","18:00","-1.7"
"Parainen Utö","2020","3","5","19:00","-1.7"
"Parainen Utö","2020","3","5","20:00","-1.4"
"Parainen Utö","2020","3","5","21:00","-1.3"
"Parainen Utö","2020","3","5","22:00","-1.3"
"Parainen Utö","2020","3","5","23:00","-1.4"
"Parainen Utö","2020","3","6","00:00","-1.3"
"Parainen Utö","2020","3","6","01:00","-2.2"
"Parainen Utö","2020","3","6","02:00","-2.5"
"Parainen Utö","2020","3","6","03:00","-2.7"
"Parainen Utö","2020","3","6","04:00","-2.5"
"Parainen Utö","2020","3","6","05:00","-2.5"
"Parainen Utö","2020","3","6","06:00","11.1"
"Parainen Utö","2020","3","6","07:00","111.5"
"Parainen Utö","2020","3","6","08:00","231.2"
"Parainen Utö","2020","3","6","09:00","333.4"
"Parainen Utö","2020","3","6","10:00","405.2"
"Parainen Utö","2020","3","6","11:00","436.6"
"Parainen Utö","2020","3","6","12:00","420.9"
"Parainen Utö","2020","3","6","13:00","369.8"
"Parainen Utö","2020","3","6","14:00","264.8"
"Parainen Utö","2020","3","6","15:00","177"
"Parainen Utö","2020","3","6","16:00","55.1"
"Parainen Utö","2020","3","6","17:00","-0.2"
"Parainen Utö","2020","3","6","18:00","-2.6"
"Parainen Utö","2020","3","6","19:00","-2.6"
"Parainen Utö","2020","3","6","20:00","-2.6"
"Parainen Utö","2020","3","6","21:00","-2.5"
"Parainen Utö","2020","3","6","22:00","-2.2"
"Parainen Utö","2020","3","6","23:00","-2.3"
"Parainen Utö","2020","3","7","00:00","-2.2"
"Parainen Utö","2020","3","7","01:00","-2.2"
"Parainen Utö","2020","3","7","02:00","-1.9"
"Parainen Utö","2020","3","7","03:00","-1.7"
"Parainen Utö","2020","3","7","04:00","-1.7"
"Parainen Utö","2020","3","7","05:00","-2"
"Parainen Utö","2020","3","7","06:00","10.1"
"Parainen Utö","2020","3","7","07:00","56.2"
"Parainen Utö","2020","3","7","08:00","119.5"
"Parainen Utö","2020","3","7","09:00","210.1"
"Parainen Utö","2020","3","7","10:00","275.4"
"Parainen Utö","2020","3","7","11:00","337"
"Parainen Utö","2020","3","7","12:00","302.7"
"Parainen Utö","2020","3","7","13:00","266.3"
"Parainen Utö","2020","3","7","14:00","185.9"
"Parainen Utö","2020","3","7","15:00","97.5"
"Parainen Utö","2020","3","7","16:00","65.5"
"Parainen Utö","2020","3","7","17:00","2"
"Parainen Utö","2020","3","7","18:00","-2.3"
"Parainen Utö","2020","3","7","19:00","-2.2"
"Parainen Utö","2020","3","7","20:00","-2.4"
"Parainen Utö","2020","3","7","21:00","-2.6"
"Parainen Utö","2020","3","7","22:00","-2.3"
"Parainen Utö","2020","3","7","23:00","-2.4"
"Parainen Utö","2020","3","8","00:00","-2.2"
"Parainen Utö","2020","3","8","01:00","-2.2"
"Parainen Utö","2020","3","8","02:00","-2.4"
"Parainen Utö","2020","3","8","03:00","-2.3"
"Parainen Utö","2020","3","8","04:00","-2.2"
"Parainen Utö","2020","3","8","05:00","-2"
"Parainen Utö","2020","3","8","06:00","21.4"
"Parainen Utö","2020","3","8","07:00","116"
"Parainen Utö","2020","3","8","08:00","247.2"
"Parainen Utö","2020","3","8","09:00","313.7"
"Parainen Utö","2020","3","8","10:00","279.8"
"Parainen Utö","2020","3","8","11:00","325.2"
"Parainen Utö","2020","3","8","12:00","341.1"
"Parainen Utö","2020","3","8","13:00","312.4"
"Parainen Utö","2020","3","8","14:00","244.4"
"Parainen Utö","2020","3","8","15:00","156"
"Parainen Utö","2020","3","8","16:00","38"
"Parainen Utö","2020","3","8","17:00","0.7"
"Parainen Utö","2020","3","8","18:00","-1.9"
"Parainen Utö","2020","3","8","19:00","-1.7"
"Parainen Utö","2020","3","8","20:00","-1.1"
"Parainen Utö","2020","3","8","21:00","-1.3"
"Parainen Utö","2020","3","8","22:00","-1.5"
"Parainen Utö","2020","3","8","23:00","-2"
"Parainen Utö","2020","3","9","00:00","-2"
"Parainen Utö","2020","3","9","01:00","-1.2"
"Parainen Utö","2020","3","9","02:00","-1.4"
"Parainen Utö","2020","3","9","03:00","-1.7"
"Parainen Utö","2020","3","9","04:00","-1.7"
"Parainen Utö","2020","3","9","05:00","-0.9"
"Parainen Utö","2020","3","9","06:00","3.6"
"Parainen Utö","2020","3","9","07:00","26.7"
"Parainen Utö","2020","3","9","08:00","102"
"Parainen Utö","2020","3","9","09:00","139.3"
"Parainen Utö","2020","3","9","10:00","145"
"Parainen Utö","2020","3","9","11:00","184.2"
"Parainen Utö","2020","3","9","12:00","281.3"
"Parainen Utö","2020","3","9","13:00","145.9"
"Parainen Utö","2020","3","9","14:00","111.7"
"Parainen Utö","2020","3","9","15:00","65.9"
"Parainen Utö","2020","3","9","16:00","15.9"
"Parainen Utö","2020","3","9","17:00","0.9"
"Parainen Utö","2020","3","9","18:00","-0.8"
"Parainen Utö","2020","3","9","19:00","-0.8"
"Parainen Utö","2020","3","9","20:00","-1"
"Parainen Utö","2020","3","9","21:00","-0.9"
"Parainen Utö","2020","3","9","22:00","-1"
"Parainen Utö","2020","3","9","23:00","-1.1"
"Parainen Utö","2020","3","10","00:00","-1.2"
"Parainen Utö","2020","3","10","01:00","-1.4"
"Parainen Utö","2020","3","10","02:00","-1.7"
"Parainen Utö","2020","3","10","03:00","-1.2"
"Parainen Utö","2020","3","10","04:00","-1.1"
"Parainen Utö","2020","3","10","05:00","-0.9"
"Parainen Utö","2020","3","10","06:00","3.3"
"Parainen Utö","2020","3","10","07:00","16.4"
"Parainen Utö","2020","3","10","08:00","33.4"
"Parainen Utö","2020","3","10","09:00","64.9"
"Parainen Utö","2020","3","10","10:00","71.2"
"Parainen Utö","2020","3","10","11:00","100.6"
"Parainen Utö","2020","3","10","12:00","197.5"
"Parainen Utö","2020","3","10","13:00","177.8"
"Parainen Utö","2020","3","10","14:00","132.4"
"Parainen Utö","2020","3","10","15:00","101.1"
"Parainen Utö","2020","3","10","16:00","33.1"
"Parainen Utö","2020","3","10","17:00","1.4"
"Parainen Utö","2020","3","10","18:00","-0.7"
"Parainen Utö","2020","3","10","19:00","-1.2"
"Parainen Utö","2020","3","10","20:00","-1"
"Parainen Utö","2020","3","10","21:00","-0.8"
"Parainen Utö","2020","3","10","22:00","-1.4"
"Parainen Utö","2020","3","10","23:00","-1.7"
"Parainen Utö","2020","3","11","00:00","-1.4"
"Parainen Utö","2020","3","11","01:00","-1.9"
"Parainen Utö","2020","3","11","02:00","-1.8"
"Parainen Utö","2020","3","11","03:00","-1.8"
"Parainen Utö","2020","3","11","04:00","-1.6"
"Parainen Utö","2020","3","11","05:00","-1.5"
"Parainen Utö","2020","3","11","06:00","1.9"
"Parainen Utö","2020","3","11","07:00","12.8"
"Parainen Utö","2020","3","11","08:00","56.6"
"Parainen Utö","2020","3","11","09:00","104.6"
"Parainen Utö","2020","3","11","10:00","136.4"
"Parainen Utö","2020","3","11","11:00","129.4"
"Parainen Utö","2020","3","11","12:00","154.1"
"Parainen Utö","2020","3","11","13:00","128.2"
"Parainen Utö","2020","3","11","14:00","97.9"
"Parainen Utö","2020","3","11","15:00","91.4"
"Parainen Utö","2020","3","11","16:00","51.4"
"Parainen Utö","2020","3","11","17:00","2"
"Parainen Utö","2020","3","11","18:00","-1.4"
"Parainen Utö","2020","3","11","19:00","-1.8"
"Parainen Utö","2020","3","11","20:00","-1.9"
"Parainen Utö","2020","3","11","21:00","-2.8"
"Parainen Utö","2020","3","11","22:00","-1.9"
"Parainen Utö","2020","3","11","23:00","-2.5"
"Parainen Utö","2020","3","12","00:00","-2.5"
"Parainen Utö","2020","3","12","01:00","-2.7"
"Parainen Utö","2020","3","12","02:00","-2.3"
"Parainen Utö","2020","3","12","03:00","-2.1"
"Parainen Utö","2020","3","12","04:00","-1.7"
"Parainen Utö","2020","3","12","05:00","-1.3"
"Parainen Utö","2020","3","12","06:00","15.1"
"Parainen Utö","2020","3","12","07:00","71.9"
"Parainen Utö","2020","3","12","08:00","200.5"
"Parainen Utö","2020","3","12","09:00","372.7"
"Parainen Utö","2020","3","12","10:00","272.6"
"Parainen Utö","2020","3","12","11:00","182.1"
"Parainen Utö","2020","3","12","12:00","283.4"
"Parainen Utö","2020","3","12","13:00","94.2"
"Parainen Utö","2020","3","12","14:00","24.1"
"Parainen Utö","2020","3","12","15:00","15.6"
"Parainen Utö","2020","3","12","16:00","14.1"
"Parainen Utö","2020","3","12","17:00","1.7"
"Parainen Utö","2020","3","12","18:00","-1.1"
"Parainen Utö","2020","3","12","19:00","-1.8"
"Parainen Utö","2020","3","12","20:00","-1.6"
"Parainen Utö","2020","3","12","21:00","-1.9"
"Parainen Utö","2020","3","12","22:00","-2"
"Parainen Utö","2020","3","12","23:00","-1.9"
"Parainen Utö","2020","3","13","00:00","-2.2"
"Parainen Utö","2020","3","13","01:00","-2"
"Parainen Utö","2020","3","13","02:00","-2.8"
"Parainen Utö","2020","3","13","03:00","-2.7"
"Parainen Utö","2020","3","13","04:00","-2.1"
"Parainen Utö","2020","3","13","05:00","-1"
"Parainen Utö","2020","3","13","06:00","17.7"
"Parainen Utö","2020","3","13","07:00","107.6"
"Parainen Utö","2020","3","13","08:00","279.1"
"Parainen Utö","2020","3","13","09:00","332.2"
"Parainen Utö","2020","3","13","10:00","199.1"
"Parainen Utö","2020","3","13","11:00","503.9"
"Parainen Utö","2020","3","13","12:00","338.6"
"Parainen Utö","2020","3","13","13:00","400.4"
"Parainen Utö","2020","3","13","14:00","212.6"
"Parainen Utö","2020","3","13","15:00","89.1"
"Parainen Utö","2020","3","13","16:00","44.8"
"Parainen Utö","2020","3","13","17:00","4.3"
"Parainen Utö","2020","3","13","18:00","-2.4"
"Parainen Utö","2020","3","13","19:00","-2.8"
"Parainen Utö","2020","3","13","20:00","-2.8"
"Parainen Utö","2020","3","13","21:00","-1.9"
"Parainen Utö","2020","3","13","22:00","-2.3"
"Parainen Utö","2020","3","13","23:00","-2.3"
"Parainen Utö","2020","3","14","00:00","-2.2"
"Parainen Utö","2020","3","14","01:00","-2.1"
"Parainen Utö","2020","3","14","02:00","-1.8"
"Parainen Utö","2020","3","14","03:00","-1.8"
"Parainen Utö","2020","3","14","04:00","-2"
"Parainen Utö","2020","3","14","05:00","-1.1"
"Parainen Utö","2020","3","14","06:00","28"
"Parainen Utö","2020","3","14","07:00","128.4"
"Parainen Utö","2020","3","14","08:00","239.8"
"Parainen Utö","2020","3","14","09:00","219.5"
"Parainen Utö","2020","3","14","10:00","405.2"
"Parainen Utö","2020","3","14","11:00","455.9"
"Parainen Utö","2020","3","14","12:00","355.9"
"Parainen Utö","2020","3","14","13:00","343.5"
"Parainen Utö","2020","3","14","14:00","342.1"
"Parainen Utö","2020","3","14","15:00","180.2"
"Parainen Utö","2020","3","14","16:00","115.7"
"Parainen Utö","2020","3","14","17:00","11.8"
"Parainen Utö","2020","3","14","18:00","-2.9"
"Parainen Utö","2020","3","14","19:00","-3"
"Parainen Utö","2020","3","14","20:00","-2.5"
"Parainen Utö","2020","3","14","21:00","-2.4"
"Parainen Utö","2020","3","14","22:00","-2.7"
"Parainen Utö","2020","3","14","23:00","-2.7"
"Parainen Utö","2020","3","15","00:00","-2.9"
"Parainen Utö","2020","3","15","01:00","-2.6"
"Parainen Utö","2020","3","15","02:00","-2.8"
"Parainen Utö","2020","3","15","03:00","-2.7"
"Parainen Utö","2020","3","15","04:00","-2.8"
"Parainen Utö","2020","3","15","05:00","0.1"
"Parainen Utö","2020","3","15","06:00","51.6"
"Parainen Utö","2020","3","15","07:00","167.5"
"Parainen Utö","2020","3","15","08:00","284.8"
"Parainen Utö","2020","3","15","09:00","387.1"
"Parainen Utö","2020","3","15","10:00","479.3"
"Parainen Utö","2020","3","15","11:00","444.9"
"Parainen Utö","2020","3","15","12:00","357.6"
"Parainen Utö","2020","3","15","13:00","198"
"Parainen Utö","2020","3","15","14:00","180.1"
"Parainen Utö","2020","3","15","15:00","109.1"
"Parainen Utö","2020","3","15","16:00","26.3"
"Parainen Utö","2020","3","15","17:00","0.9"
"Parainen Utö","2020","3","15","18:00","-1.5"
"Parainen Utö","2020","3","15","19:00","-1.8"
"Parainen Utö","2020","3","15","20:00","-1.9"
"Parainen Utö","2020","3","15","21:00","-1.8"
"Parainen Utö","2020","3","15","22:00","-2"
"Parainen Utö","2020","3","15","23:00","-1.8"
"Parainen Utö","2020","3","16","00:00","-1.9"
"Parainen Utö","2020","3","16","01:00","-1.8"
"Parainen Utö","2020","3","16","02:00","-1.7"
"Parainen Utö","2020","3","16","03:00","-1.7"
"Parainen Utö","2020","3","16","04:00","-1.8"
"Parainen Utö","2020","3","16","05:00","-1.5"
"Parainen Utö","2020","3","16","06:00","8.4"
"Parainen Utö","2020","3","16","07:00","25.5"
"Parainen Utö","2020","3","16","08:00","62"
"Parainen Utö","2020","3","16","09:00","80.7"
"Parainen Utö","2020","3","16","10:00","151.5"
"Parainen Utö","2020","3","16","11:00","278"
"Parainen Utö","2020","3","16","12:00","486.3"
"Parainen Utö","2020","3","16","13:00","438.6"
"Parainen Utö","2020","3","16","14:00","326.6"
"Parainen Utö","2020","3","16","15:00","238.1"
"Parainen Utö","2020","3","16","16:00","112.2"
"Parainen Utö","2020","3","16","17:00","14.9"
"Parainen Utö","2020","3","16","18:00","-2.5"
"Parainen Utö","2020","3","16","19:00","-2.6"
"Parainen Utö","2020","3","16","20:00","-2.7"
"Parainen Utö","2020","3","16","21:00","-2.6"
"Parainen Utö","2020","3","16","22:00","-2.3"
"Parainen Utö","2020","3","16","23:00","-2.4"
"Parainen Utö","2020","3","17","00:00","-2.3"
"Parainen Utö","2020","3","17","01:00","-2.2"
"Parainen Utö","2020","3","17","02:00","-2.6"
"Parainen Utö","2020","3","17","03:00","-2.7"
"Parainen Utö","2020","3","17","04:00","-2.5"
"Parainen Utö","2020","3","17","05:00","3.6"
"Parainen Utö","2020","3","17","06:00","22.3"
"Parainen Utö","2020","3","17","07:00","103.5"
"Parainen Utö","2020","3","17","08:00","142.1"
"Parainen Utö","2020","3","17","09:00","121.1"
"Parainen Utö","2020","3","17","10:00","144.4"
"Parainen Utö","2020","3","17","11:00","157.8"
"Parainen Utö","2020","3","17","12:00","132.2"
"Parainen Utö","2020","3","17","13:00","251.3"
"Parainen Utö","2020","3","17","14:00","176.5"
"Parainen Utö","2020","3","17","15:00","67.5"
"Parainen Utö","2020","3","17","16:00","45.9"
"Parainen Utö","2020","3","17","17:00","15.5"
"Parainen Utö","2020","3","17","18:00","-2.3"
"Parainen Utö","2020","3","17","19:00","-2.6"
"Parainen Utö","2020","3","17","20:00","-2.3"
"Parainen Utö","2020","3","17","21:00","-2.4"
"Parainen Utö","2020","3","17","22:00","-2.2"
"Parainen Utö","2020","3","17","23:00","-1.8"
"Parainen Utö","2020","3","18","00:00","-1.8"
"Parainen Utö","2020","3","18","01:00","-1.9"
"Parainen Utö","2020","3","18","02:00","-2.2"
"Parainen Utö","2020","3","18","03:00","-2"
"Parainen Utö","2020","3","18","04:00","-1.7"
"Parainen Utö","2020","3","18","05:00","0.5"
"Parainen Utö","2020","3","18","06:00","31.7"
"Parainen Utö","2020","3","18","07:00","82.2"
"Parainen Utö","2020","3","18","08:00","118.7"
"Parainen Utö","2020","3","18","09:00","99.7"
"Parainen Utö","2020","3","18","10:00","80.7"
"Parainen Utö","2020","3","18","11:00","143.8"
"Parainen Utö","2020","3","18","12:00","99.4"
"Parainen Utö","2020","3","18","13:00","86.2"
"Parainen Utö","2020","3","18","14:00","72.3"
"Parainen Utö","2020","3","18","15:00","78.5"
"Parainen Utö","2020","3","18","16:00","26"
"Parainen Utö","2020","3","18","17:00","1.4"
"Parainen Utö","2020","3","18","18:00","-1.8"
"Parainen Utö","2020","3","18","19:00","-1.9"
"Parainen Utö","2020","3","18","20:00","-2.1"
"Parainen Utö","2020","3","18","21:00","-2.3"
"Parainen Utö","2020","3","18","22:00","-2.7"
"Parainen Utö","2020","3","18","23:00","-2.7"
"Parainen Utö","2020","3","19","00:00","-2.5"
"Parainen Utö","2020","3","19","01:00","-2.7"
"Parainen Utö","2020","3","19","02:00","-2.8"
"Parainen Utö","2020","3","19","03:00","-3"
"Parainen Utö","2020","3","19","04:00","-2.8"
"Parainen Utö","2020","3","19","05:00","3.4"
"Parainen Utö","2020","3","19","06:00","75.2"
"Parainen Utö","2020","3","19","07:00","202.9"
"Parainen Utö","2020","3","19","08:00","330.3"
"Parainen Utö","2020","3","19","09:00","433"
"Parainen Utö","2020","3","19","10:00","502.8"
"Parainen Utö","2020","3","19","11:00","529.7"
"Parainen Utö","2020","3","19","12:00","514.4"
"Parainen Utö","2020","3","19","13:00","459.7"
"Parainen Utö","2020","3","19","14:00","340"
"Parainen Utö","2020","3","19","15:00","252.4"
"Parainen Utö","2020","3","19","16:00","126"
"Parainen Utö","2020","3","19","17:00","22.3"
"Parainen Utö","2020","3","19","18:00","-2.6"
"Parainen Utö","2020","3","19","19:00","-2.8"
"Parainen Utö","2020","3","19","20:00","-2.6"
"Parainen Utö","2020","3","19","21:00","-2.3"
"Parainen Utö","2020","3","19","22:00","-2.1"
"Parainen Utö","2020","3","19","23:00","-2.4"
"Parainen Utö","2020","3","20","00:00","-2.5"
"Parainen Utö","2020","3","20","01:00","-2.4"
"Parainen Utö","2020","3","20","02:00","-2.8"
"Parainen Utö","2020","3","20","03:00","-2.8"
"Parainen Utö","2020","3","20","04:00","-2.6"
"Parainen Utö","2020","3","20","05:00","2.4"
"Parainen Utö","2020","3","20","06:00","39.5"
"Parainen Utö","2020","3","20","07:00","68.1"
"Parainen Utö","2020","3","20","08:00","92.2"
"Parainen Utö","2020","3","20","09:00","198.9"
"Parainen Utö","2020","3","20","10:00","242.4"
"Parainen Utö","2020","3","20","11:00","277.5"
"Parainen Utö","2020","3","20","12:00","399"
"Parainen Utö","2020","3","20","13:00","354"
"Parainen Utö","2020","3","20","14:00","359.6"
"Parainen Utö","2020","3","20","15:00","264.6"
"Parainen Utö","2020","3","20","16:00","134.9"
"Parainen Utö","2020","3","20","17:00","23.8"
"Parainen Utö","2020","3","20","18:00","-2.8"
"Parainen Utö","2020","3","20","19:00","-2.9"
"Parainen Utö","2020","3","20","20:00","-2.8"
"Parainen Utö","2020","3","20","21:00","-2.8"
"Parainen Utö","2020","3","20","22:00","-2.9"
"Parainen Utö","2020","3","20","23:00","-2.6"
"Parainen Utö","2020","3","21","00:00","-2.7"
"Parainen Utö","2020","3","21","01:00","-2.7"
"Parainen Utö","2020","3","21","02:00","-2.6"
"Parainen Utö","2020","3","21","03:00","-2.2"
"Parainen Utö","2020","3","21","04:00","-1.9"
"Parainen Utö","2020","3","21","05:00","1.9"
"Parainen Utö","2020","3","21","06:00","59.2"
"Parainen Utö","2020","3","21","07:00","198.2"
"Parainen Utö","2020","3","21","08:00","242.7"
"Parainen Utö","2020","3","21","09:00","452"
"Parainen Utö","2020","3","21","10:00","529.8"
"Parainen Utö","2020","3","21","11:00","546.1"
"Parainen Utö","2020","3","21","12:00","444.5"
"Parainen Utö","2020","3","21","13:00","317.4"
"Parainen Utö","2020","3","21","14:00","236.9"
"Parainen Utö","2020","3","21","15:00","231.2"
"Parainen Utö","2020","3","21","16:00","137.1"
"Parainen Utö","2020","3","21","17:00","35.6"
"Parainen Utö","2020","3","21","18:00","-2.3"
"Parainen Utö","2020","3","21","19:00","-3"
"Parainen Utö","2020","3","21","20:00","-2.6"
"Parainen Utö","2020","3","21","21:00","-2.7"
"Parainen Utö","2020","3","21","22:00","-2.8"
"Parainen Utö","2020","3","21","23:00","-2.6"
"Parainen Utö","2020","3","22","00:00","-2.5"
"Parainen Utö","2020","3","22","01:00","-2.5"
"Parainen Utö","2020","3","22","02:00","-2.7"
"Parainen Utö","2020","3","22","03:00","-2.5"
"Parainen Utö","2020","3","22","04:00","-2.5"
"Parainen Utö","2020","3","22","05:00","9.2"
"Parainen Utö","2020","3","22","06:00","98.9"
"Parainen Utö","2020","3","22","07:00","233.5"
"Parainen Utö","2020","3","22","08:00","361"
"Parainen Utö","2020","3","22","09:00","465.4"
"Parainen Utö","2020","3","22","10:00","533.3"
"Parainen Utö","2020","3","22","11:00","546.8"
"Parainen Utö","2020","3","22","12:00","541.5"
"Parainen Utö","2020","3","22","13:00","487.5"
"Parainen Utö","2020","3","22","14:00","358.9"
"Parainen Utö","2020","3","22","15:00","244.3"
"Parainen Utö","2020","3","22","16:00","97.5"
"Parainen Utö","2020","3","22","17:00","18.8"
"Parainen Utö","2020","3","22","18:00","-2.2"
"Parainen Utö","2020","3","22","19:00","-2.4"
"Parainen Utö","2020","3","22","20:00","-2.6"
"Parainen Utö","2020","3","22","21:00","-2.6"
"Parainen Utö","2020","3","22","22:00","-2.5"
"Parainen Utö","2020","3","22","23:00","-2.5"
"Parainen Utö","2020","3","23","00:00","-2.4"
"Parainen Utö","2020","3","23","01:00","-2.4"
"Parainen Utö","2020","3","23","02:00","-2.3"
"Parainen Utö","2020","3","23","03:00","-2.3"
"Parainen Utö","2020","3","23","04:00","-2.2"
"Parainen Utö","2020","3","23","05:00","4.4"
"Parainen Utö","2020","3","23","06:00","59.4"
"Parainen Utö","2020","3","23","07:00","131.9"
"Parainen Utö","2020","3","23","08:00","261.7"
"Parainen Utö","2020","3","23","09:00","283.8"
"Parainen Utö","2020","3","23","10:00","439.1"
"Parainen Utö","2020","3","23","11:00","327.8"
"Parainen Utö","2020","3","23","12:00","467.1"
"Parainen Utö","2020","3","23","13:00","261.5"
"Parainen Utö","2020","3","23","14:00","348.9"
"Parainen Utö","2020","3","23","15:00","183.5"
"Parainen Utö","2020","3","23","16:00","64.7"
"Parainen Utö","2020","3","23","17:00","14.4"
"Parainen Utö","2020","3","23","18:00","-2.1"
"Parainen Utö","2020","3","23","19:00","-2.5"
"Parainen Utö","2020","3","23","20:00","-2.3"
"Parainen Utö","2020","3","23","21:00","-2.6"
"Parainen Utö","2020","3","23","22:00","-2.3"
"Parainen Utö","2020","3","23","23:00","-2.5"
"Parainen Utö","2020","3","24","00:00","-2.7"
"Parainen Utö","2020","3","24","01:00","-2.4"
"Parainen Utö","2020","3","24","02:00","-2.7"
"Parainen Utö","2020","3","24","03:00","-2.6"
"Parainen Utö","2020","3","24","04:00","-2.6"
"Parainen Utö","2020","3","24","05:00","11.6"
"Parainen Utö","2020","3","24","06:00","87"
"Parainen Utö","2020","3","24","07:00","240.4"
"Parainen Utö","2020","3","24","08:00","374.1"
"Parainen Utö","2020","3","24","09:00","473"
"Parainen Utö","2020","3","24","10:00","556.7"
"Parainen Utö","2020","3","24","11:00","517"
"Parainen Utö","2020","3","24","12:00","363.1"
"Parainen Utö","2020","3","24","13:00","451.4"
"Parainen Utö","2020","3","24","14:00","337.6"
"Parainen Utö","2020","3","24","15:00","153.5"
"Parainen Utö","2020","3","24","16:00","98.8"
"Parainen Utö","2020","3","24","17:00","25"
"Parainen Utö","2020","3","24","18:00","-2.3"
"Parainen Utö","2020","3","24","19:00","-2.7"
"Parainen Utö","2020","3","24","20:00","-2.8"
"Parainen Utö","2020","3","24","21:00","-2.5"
"Parainen Utö","2020","3","24","22:00","-2.6"
"Parainen Utö","2020","3","24","23:00","-2.7"
"Parainen Utö","2020","3","25","00:00","-2.7"
"Parainen Utö","2020","3","25","01:00","-2.7"
"Parainen Utö","2020","3","25","02:00","-2.6"
"Parainen Utö","2020","3","25","03:00","-2.7"
"Parainen Utö","2020","3","25","04:00","-2"
"Parainen Utö","2020","3","25","05:00","7.8"
"Parainen Utö","2020","3","25","06:00","65.6"
"Parainen Utö","2020","3","25","07:00","150.4"
"Parainen Utö","2020","3","25","08:00","167.8"
"Parainen Utö","2020","3","25","09:00","274.3"
"Parainen Utö","2020","3","25","10:00","366.1"
"Parainen Utö","2020","3","25","11:00","350.9"
"Parainen Utö","2020","3","25","12:00","598.4"
"Parainen Utö","2020","3","25","13:00","472.9"
"Parainen Utö","2020","3","25","14:00","386.4"
"Parainen Utö","2020","3","25","15:00","235"
"Parainen Utö","2020","3","25","16:00","126.6"
"Parainen Utö","2020","3","25","17:00","21.7"
"Parainen Utö","2020","3","25","18:00","-2.2"
"Parainen Utö","2020","3","25","19:00","-2.6"
"Parainen Utö","2020","3","25","20:00","-2.7"
"Parainen Utö","2020","3","25","21:00","-2.6"
"Parainen Utö","2020","3","25","22:00","-2.5"
"Parainen Utö","2020","3","25","23:00","-2.4"
"Parainen Utö","2020","3","26","00:00","-2.4"
"Parainen Utö","2020","3","26","01:00","-2.4"
"Parainen Utö","2020","3","26","02:00","-2.3"
"Parainen Utö","2020","3","26","03:00","-2.4"
"Parainen Utö","2020","3","26","04:00","-2.4"
"Parainen Utö","2020","3","26","05:00","8.8"
"Parainen Utö","2020","3","26","06:00","78.2"
"Parainen Utö","2020","3","26","07:00","207"
"Parainen Utö","2020","3","26","08:00","337.9"
"Parainen Utö","2020","3","26","09:00","453.3"
"Parainen Utö","2020","3","26","10:00","501.5"
"Parainen Utö","2020","3","26","11:00","578"
"Parainen Utö","2020","3","26","12:00","564.6"
"Parainen Utö","2020","3","26","13:00","475.5"
"Parainen Utö","2020","3","26","14:00","376.4"
"Parainen Utö","2020","3","26","15:00","252.9"
"Parainen Utö","2020","3","26","16:00","120.7"
"Parainen Utö","2020","3","26","17:00","42"
"Parainen Utö","2020","3","26","18:00","-1.5"
"Parainen Utö","2020","3","26","19:00","-2.8"
"Parainen Utö","2020","3","26","20:00","-2.6"
"Parainen Utö","2020","3","26","21:00","-2.8"
"Parainen Utö","2020","3","26","22:00","-2.7"
"Parainen Utö","2020","3","26","23:00","-2.9"
"Parainen Utö","2020","3","27","00:00","-2.6"
"Parainen Utö","2020","3","27","01:00","-2.7"
"Parainen Utö","2020","3","27","02:00","-2.7"
"Parainen Utö","2020","3","27","03:00","-2.5"
"Parainen Utö","2020","3","27","04:00","-2.5"
"Parainen Utö","2020","3","27","05:00","19.7"
"Parainen Utö","2020","3","27","06:00","95.6"
"Parainen Utö","2020","3","27","07:00","170.7"
"Parainen Utö","2020","3","27","08:00","230.8"
"Parainen Utö","2020","3","27","09:00","261.7"
"Parainen Utö","2020","3","27","10:00","299"
"Parainen Utö","2020","3","27","11:00","224"
"Parainen Utö","2020","3","27","12:00","241.1"
"Parainen Utö","2020","3","27","13:00","240.4"
"Parainen Utö","2020","3","27","14:00","202.8"
"Parainen Utö","2020","3","27","15:00","126.9"
"Parainen Utö","2020","3","27","16:00","71.5"
"Parainen Utö","2020","3","27","17:00","17.3"
"Parainen Utö","2020","3","27","18:00","-0.5"
"Parainen Utö","2020","3","27","19:00","-1.3"
"Parainen Utö","2020","3","27","20:00","-1.4"
"Parainen Utö","2020","3","27","21:00","-1.5"
"Parainen Utö","2020","3","27","22:00","-1"
"Parainen Utö","2020","3","27","23:00","-1.9"
"Parainen Utö","2020","3","28","00:00","-2.2"
"Parainen Utö","2020","3","28","01:00","-2.6"
"Parainen Utö","2020","3","28","02:00","-2.4"
"Parainen Utö","2020","3","28","03:00","-1.7"
"Parainen Utö","2020","3","28","04:00","-2"
"Parainen Utö","2020","3","28","05:00","19.2"
"Parainen Utö","2020","3","28","06:00","109.5"
"Parainen Utö","2020","3","28","07:00","260.1"
"Parainen Utö","2020","3","28","08:00","387.4"
"Parainen Utö","2020","3","28","09:00","494.4"
"Parainen Utö","2020","3","28","10:00","562.5"
"Parainen Utö","2020","3","28","11:00","596.2"
"Parainen Utö","2020","3","28","12:00","589.2"
"Parainen Utö","2020","3","28","13:00","426.9"
"Parainen Utö","2020","3","28","14:00","367.7"
"Parainen Utö","2020","3","28","15:00","221.6"
"Parainen Utö","2020","3","28","16:00","101.4"
"Parainen Utö","2020","3","28","17:00","35.9"
"Parainen Utö","2020","3","28","18:00","-1.2"
"Parainen Utö","2020","3","28","19:00","-2.4"
"Parainen Utö","2020","3","28","20:00","-2.7"
"Parainen Utö","2020","3","28","21:00","-2.5"
"Parainen Utö","2020","3","28","22:00","-2.2"
"Parainen Utö","2020","3","28","23:00","-2.4"
"Parainen Utö","2020","3","29","00:00","-2.5"
"Parainen Utö","2020","3","29","01:00","-2.6"
"Parainen Utö","2020","3","29","02:00","-2.8"
"Parainen Utö","2020","3","29","03:00","-3"
"Parainen Utö","2020","3","29","04:00","-2.4"
"Parainen Utö","2020","3","29","05:00","31.8"
"Parainen Utö","2020","3","29","06:00","113.2"
"Parainen Utö","2020","3","29","07:00","280.3"
"Parainen Utö","2020","3","29","08:00","377.1"
"Parainen Utö","2020","3","29","09:00","525.9"
"Parainen Utö","2020","3","29","10:00","537.3"
"Parainen Utö","2020","3","29","11:00","597.9"
"Parainen Utö","2020","3","29","12:00","458.9"
"Parainen Utö","2020","3","29","13:00","436.4"
"Parainen Utö","2020","3","29","14:00","282"
"Parainen Utö","2020","3","29","15:00","312.8"
"Parainen Utö","2020","3","29","16:00","167.9"
"Parainen Utö","2020","3","29","17:00","58.6"
"Parainen Utö","2020","3","29","18:00","-0.4"
"Parainen Utö","2020","3","29","19:00","-2.7"
"Parainen Utö","2020","3","29","20:00","-2.3"
"Parainen Utö","2020","3","29","21:00","-2.5"
"Parainen Utö","2020","3","29","22:00","-2.2"
"Parainen Utö","2020","3","29","23:00","-1.8"
"Parainen Utö","2020","3","30","00:00","-1.4"
"Parainen Utö","2020","3","30","01:00","-1.2"
"Parainen Utö","2020","3","30","02:00","-1.3"
"Parainen Utö","2020","3","30","03:00","-1.4"
"Parainen Utö","2020","3","30","04:00","-1.1"
"Parainen Utö","2020","3","30","05:00","27.8"
"Parainen Utö","2020","3","30","06:00","124.7"
"Parainen Utö","2020","3","30","07:00","115.7"
"Parainen Utö","2020","3","30","08:00","233.9"
"Parainen Utö","2020","3","30","09:00","190.3"
"Parainen Utö","2020","3","30","10:00","315.3"
"Parainen Utö","2020","3","30","11:00","504.5"
"Parainen Utö","2020","3","30","12:00","391.9"
"Parainen Utö","2020","3","30","13:00","190.1"
"Parainen Utö","2020","3","30","14:00","133.7"
"Parainen Utö","2020","3","30","15:00","175.8"
"Parainen Utö","2020","3","30","16:00","79.1"
"Parainen Utö","2020","3","30","17:00","57.7"
"Parainen Utö","2020","3","30","18:00","0.2"
"Parainen Utö","2020","3","30","19:00","-2.7"
"Parainen Utö","2020","3","30","20:00","-2.7"
"Parainen Utö","2020","3","30","21:00","-2.8"
"Parainen Utö","2020","3","30","22:00","-2.6"
"Parainen Utö","2020","3","30","23:00","-2.7"
"Parainen Utö","2020","3","31","00:00","-2.7"
"Parainen Utö","2020","3","31","01:00","-2.4"
"Parainen Utö","2020","3","31","02:00","-2.5"
"Parainen Utö","2020","3","31","03:00","-2.4"
"Parainen Utö","2020","3","31","04:00","-1.8"
"Parainen Utö","2020","3","31","05:00","41.3"
"Parainen Utö","2020","3","31","06:00","135.8"
"Parainen Utö","2020","3","31","07:00","258.5"
"Parainen Utö","2020","3","31","08:00","413.6"
"Parainen Utö","2020","3","31","09:00","529.9"
"Parainen Utö","2020","3","31","10:00","504.1"
"Parainen Utö","2020","3","31","11:00","399.1"
"Parainen Utö","2020","3","31","12:00","248.6"
"Parainen Utö","2020","3","31","13:00","190.9"
"Parainen Utö","2020","3","31","14:00","115.3"
"Parainen Utö","2020","3","31","15:00","89.1"
"Parainen Utö","2020","3","31","16:00","78.6"
"Parainen Utö","2020","3","31","17:00","23.2"
"Parainen Utö","2020","3","31","18:00","-0.5"
"Parainen Utö","2020","3","31","19:00","-1.8"
"Parainen Utö","2020","3","31","20:00","-1.8"
"Parainen Utö","2020","3","31","21:00","-1.9"
"Parainen Utö","2020","3","31","22:00","-2.4"
"Parainen Utö","2020","3","31","23:00","-2.9"
"Parainen Utö","2020","4","1","00:00","-2.5"
"Parainen Utö","2020","4","1","01:00","-2.6"
"Parainen Utö","2020","4","1","02:00","-2.4"
"Parainen Utö","2020","4","1","03:00","-2.9"
"Parainen Utö","2020","4","1","04:00","-1.7"
"Parainen Utö","2020","4","1","05:00","35.7"
"Parainen Utö","2020","4","1","06:00","168.1"
"Parainen Utö","2020","4","1","07:00","241.3"
"Parainen Utö","2020","4","1","08:00","404"
"Parainen Utö","2020","4","1","09:00","523.1"
"Parainen Utö","2020","4","1","10:00","592.8"
"Parainen Utö","2020","4","1","11:00","619.9"
"Parainen Utö","2020","4","1","12:00","591.9"
"Parainen Utö","2020","4","1","13:00","478.9"
"Parainen Utö","2020","4","1","14:00","270.7"
"Parainen Utö","2020","4","1","15:00","153.4"
"Parainen Utö","2020","4","1","16:00","101.7"
"Parainen Utö","2020","4","1","17:00","36"
"Parainen Utö","2020","4","1","18:00","1.4"
"Parainen Utö","2020","4","1","19:00","-2.3"
"Parainen Utö","2020","4","1","20:00","-1.5"
"Parainen Utö","2020","4","1","21:00","-2.3"
"Parainen Utö","2020","4","1","22:00","-2.3"
"Parainen Utö","2020","4","1","23:00","-2.2"
"Parainen Utö","2020","4","2","00:00","-1.6"
"Parainen Utö","2020","4","2","01:00","-1.4"
"Parainen Utö","2020","4","2","02:00","-1.8"
"Parainen Utö","2020","4","2","03:00","-1.9"
"Parainen Utö","2020","4","2","04:00","-0.9"
"Parainen Utö","2020","4","2","05:00","41.6"
"Parainen Utö","2020","4","2","06:00","165.2"
"Parainen Utö","2020","4","2","07:00","296.6"
"Parainen Utö","2020","4","2","08:00","424"
"Parainen Utö","2020","4","2","09:00","526.3"
"Parainen Utö","2020","4","2","10:00","594.9"
"Parainen Utö","2020","4","2","11:00","606.9"
"Parainen Utö","2020","4","2","12:00","605.5"
"Parainen Utö","2020","4","2","13:00","510.1"
"Parainen Utö","2020","4","2","14:00","289.8"
"Parainen Utö","2020","4","2","15:00","99.2"
"Parainen Utö","2020","4","2","16:00","54"
"Parainen Utö","2020","4","2","17:00","66.8"
"Parainen Utö","2020","4","2","18:00","0.8"
"Parainen Utö","2020","4","2","19:00","-1.6"
"Parainen Utö","2020","4","2","20:00","-1.6"
"Parainen Utö","2020","4","2","21:00","-2.2"
"Parainen Utö","2020","4","2","22:00","-1.7"
"Parainen Utö","2020","4","2","23:00","-1.8"
"Parainen Utö","2020","4","3","00:00","-1.8"
"Parainen Utö","2020","4","3","01:00","-1.8"
"Parainen Utö","2020","4","3","02:00","-2"
"Parainen Utö","2020","4","3","03:00","-2"
"Parainen Utö","2020","4","3","04:00","-1.1"
"Parainen Utö","2020","4","3","05:00","32.8"
"Parainen Utö","2020","4","3","06:00","28.9"
"Parainen Utö","2020","4","3","07:00","87.2"
"Parainen Utö","2020","4","3","08:00","103.6"
"Parainen Utö","2020","4","3","09:00","99.7"
"Parainen Utö","2020","4","3","10:00","385.9"
"Parainen Utö","2020","4","3","11:00","320.1"
"Parainen Utö","2020","4","3","12:00","356"
"Parainen Utö","2020","4","3","13:00","241.6"
"Parainen Utö","2020","4","3","14:00","166"
"Parainen Utö","2020","4","3","15:00","275.5"
"Parainen Utö","2020","4","3","16:00","198.1"
"Parainen Utö","2020","4","3","17:00","69.1"
"Parainen Utö","2020","4","3","18:00","2"
"Parainen Utö","2020","4","3","19:00","-2.6"
"Parainen Utö","2020","4","3","20:00","-2.2"
"Parainen Utö","2020","4","3","21:00","-2.2"
"Parainen Utö","2020","4","3","22:00","-3.2"
"Parainen Utö","2020","4","3","23:00","-2.7"
"Parainen Utö","2020","4","4","00:00","-2.9"
"Parainen Utö","2020","4","4","01:00","-3"
"Parainen Utö","2020","4","4","02:00","-3"
"Parainen Utö","2020","4","4","03:00","-2.7"
"Parainen Utö","2020","4","4","04:00","-0.2"
"Parainen Utö","2020","4","4","05:00","52"
"Parainen Utö","2020","4","4","06:00","177.1"
"Parainen Utö","2020","4","4","07:00","317.2"
"Parainen Utö","2020","4","4","08:00","451.8"
"Parainen Utö","2020","4","4","09:00","551.9"
"Parainen Utö","2020","4","4","10:00","615.5"
"Parainen Utö","2020","4","4","11:00","638.6"
"Parainen Utö","2020","4","4","12:00","618.1"
"Parainen Utö","2020","4","4","13:00","522.4"
"Parainen Utö","2020","4","4","14:00","466.6"
"Parainen Utö","2020","4","4","15:00","343.2"
"Parainen Utö","2020","4","4","16:00","189.2"
"Parainen Utö","2020","4","4","17:00","98"
"Parainen Utö","2020","4","4","18:00","3.4"
"Parainen Utö","2020","4","4","19:00","-2.5"
"Parainen Utö","2020","4","4","20:00","-2.8"
"Parainen Utö","2020","4","4","21:00","-2.6"
"Parainen Utö","2020","4","4","22:00","-2.6"
"Parainen Utö","2020","4","4","23:00","-2.4"
"Parainen Utö","2020","4","5","00:00","-2.4"
"Parainen Utö","2020","4","5","01:00","-2.6"
"Parainen Utö","2020","4","5","02:00","-2.7"
"Parainen Utö","2020","4","5","03:00","-2.6"
"Parainen Utö","2020","4","5","04:00","-0.1"
"Parainen Utö","2020","4","5","05:00","61.7"
"Parainen Utö","2020","4","5","06:00","193.6"
"Parainen Utö","2020","4","5","07:00","331.3"
"Parainen Utö","2020","4","5","08:00","463.7"
"Parainen Utö","2020","4","5","09:00","563.1"
"Parainen Utö","2020","4","5","10:00","630.7"
"Parainen Utö","2020","4","5","11:00","656.8"
"Parainen Utö","2020","4","5","12:00","643.7"
"Parainen Utö","2020","4","5","13:00","526.2"
"Parainen Utö","2020","4","5","14:00","424.9"
"Parainen Utö","2020","4","5","15:00","210.9"
"Parainen Utö","2020","4","5","16:00","108"
"Parainen Utö","2020","4","5","17:00","33.2"
"Parainen Utö","2020","4","5","18:00","1.9"
"Parainen Utö","2020","4","5","19:00","-1.5"
"Parainen Utö","2020","4","5","20:00","-1.3"
"Parainen Utö","2020","4","5","21:00","-1.5"
"Parainen Utö","2020","4","5","22:00","-1.4"
"Parainen Utö","2020","4","5","23:00","-1.6"
"Parainen Utö","2020","4","6","00:00","-1.3"
"Parainen Utö","2020","4","6","01:00","-1.3"
"Parainen Utö","2020","4","6","02:00","-1.2"
"Parainen Utö","2020","4","6","03:00","-1.3"
"Parainen Utö","2020","4","6","04:00","-0.8"
"Parainen Utö","2020","4","6","05:00","29.9"
"Parainen Utö","2020","4","6","06:00","118"
"Parainen Utö","2020","4","6","07:00","149.3"
"Parainen Utö","2020","4","6","08:00","250.7"
"Parainen Utö","2020","4","6","09:00","436.1"
"Parainen Utö","2020","4","6","10:00","550.7"
"Parainen Utö","2020","4","6","11:00","616.9"
"Parainen Utö","2020","4","6","12:00","480.5"
"Parainen Utö","2020","4","6","13:00","417.4"
"Parainen Utö","2020","4","6","14:00","497.2"
"Parainen Utö","2020","4","6","15:00","353.8"
"Parainen Utö","2020","4","6","16:00","219"
"Parainen Utö","2020","4","6","17:00","87.6"
"Parainen Utö","2020","4","6","18:00","8"
"Parainen Utö","2020","4","6","19:00","-2.5"
"Parainen Utö","2020","4","6","20:00","-2.6"
"Parainen Utö","2020","4","6","21:00","-2.6"
"Parainen Utö","2020","4","6","22:00","-2.2"
"Parainen Utö","2020","4","6","23:00","-2.7"
"Parainen Utö","2020","4","7","00:00","-2.3"
"Parainen Utö","2020","4","7","01:00","-2.7"
"Parainen Utö","2020","4","7","02:00","-2.5"
"Parainen Utö","2020","4","7","03:00","-2.4"
"Parainen Utö","2020","4","7","04:00","0.6"
"Parainen Utö","2020","4","7","05:00","58.4"
"Parainen Utö","2020","4","7","06:00","187.9"
"Parainen Utö","2020","4","7","07:00","321.7"
"Parainen Utö","2020","4","7","08:00","441.5"
"Parainen Utö","2020","4","7","09:00","534.3"
"Parainen Utö","2020","4","7","10:00","591.9"
"Parainen Utö","2020","4","7","11:00","415.1"
"Parainen Utö","2020","4","7","12:00","90.1"
"Parainen Utö","2020","4","7","13:00","80.3"
"Parainen Utö","2020","4","7","14:00","169.3"
"Parainen Utö","2020","4","7","15:00","55.7"
"Parainen Utö","2020","4","7","16:00","26.6"
"Parainen Utö","2020","4","7","17:00","20.4"
"Parainen Utö","2020","4","7","18:00","7.3"
"Parainen Utö","2020","4","7","19:00","-2.6"
"Parainen Utö","2020","4","7","20:00","-2.6"
"Parainen Utö","2020","4","7","21:00","-2.6"
"Parainen Utö","2020","4","7","22:00","-2.7"
"Parainen Utö","2020","4","7","23:00","-2.7"
"Parainen Utö","2020","4","8","00:00","-2.6"
"Parainen Utö","2020","4","8","01:00","-2.4"
"Parainen Utö","2020","4","8","02:00","-2.5"
"Parainen Utö","2020","4","8","03:00","-2.4"
"Parainen Utö","2020","4","8","04:00","5.5"
"Parainen Utö","2020","4","8","05:00","83.1"
"Parainen Utö","2020","4","8","06:00","197.7"
"Parainen Utö","2020","4","8","07:00","335.3"
"Parainen Utö","2020","4","8","08:00","464.1"
"Parainen Utö","2020","4","8","09:00","448.8"
"Parainen Utö","2020","4","8","10:00","530.3"
"Parainen Utö","2020","4","8","11:00","546.9"
"Parainen Utö","2020","4","8","12:00","574.7"
"Parainen Utö","2020","4","8","13:00","448.2"
"Parainen Utö","2020","4","8","14:00","365.7"
"Parainen Utö","2020","4","8","15:00","296.9"
"Parainen Utö","2020","4","8","16:00","130.3"
"Parainen Utö","2020","4","8","17:00","41.8"
"Parainen Utö","2020","4","8","18:00","3"
"Parainen Utö","2020","4","8","19:00","-2.2"
"Parainen Utö","2020","4","8","20:00","-2.3"
"Parainen Utö","2020","4","8","21:00","-2"
"Parainen Utö","2020","4","8","22:00","-1.9"
"Parainen Utö","2020","4","8","23:00","-1.5"
"Parainen Utö","2020","4","9","00:00","-1.6"
"Parainen Utö","2020","4","9","01:00","-1.4"
"Parainen Utö","2020","4","9","02:00","-1.7"
"Parainen Utö","2020","4","9","03:00","-1.9"
"Parainen Utö","2020","4","9","04:00","0"
"Parainen Utö","2020","4","9","05:00","25.6"
"Parainen Utö","2020","4","9","06:00","129.8"
"Parainen Utö","2020","4","9","07:00","352.4"
"Parainen Utö","2020","4","9","08:00","476.6"
"Parainen Utö","2020","4","9","09:00","577.3"
"Parainen Utö","2020","4","9","10:00","642.4"
"Parainen Utö","2020","4","9","11:00","666.8"
"Parainen Utö","2020","4","9","12:00","561.4"
"Parainen Utö","2020","4","9","13:00","355.9"
"Parainen Utö","2020","4","9","14:00","478.7"
"Parainen Utö","2020","4","9","15:00","371.1"
"Parainen Utö","2020","4","9","16:00","238.1"
"Parainen Utö","2020","4","9","17:00","104"
"Parainen Utö","2020","4","9","18:00","11.8"
"Parainen Utö","2020","4","9","19:00","-2.9"
"Parainen Utö","2020","4","9","20:00","-3"
"Parainen Utö","2020","4","9","21:00","-2.8"
"Parainen Utö","2020","4","9","22:00","-2.8"
"Parainen Utö","2020","4","9","23:00","-2.1"
"Parainen Utö","2020","4","10","00:00","-2.3"
"Parainen Utö","2020","4","10","01:00","-2.5"
"Parainen Utö","2020","4","10","02:00","-2.8"
"Parainen Utö","2020","4","10","03:00","-2.8"
"Parainen Utö","2020","4","10","04:00","6.4"
"Parainen Utö","2020","4","10","05:00","84.2"
"Parainen Utö","2020","4","10","06:00","237.7"
"Parainen Utö","2020","4","10","07:00","377.6"
"Parainen Utö","2020","4","10","08:00","468.8"
"Parainen Utö","2020","4","10","09:00","561.2"
"Parainen Utö","2020","4","10","10:00","639.9"
"Parainen Utö","2020","4","10","11:00","668.9"
"Parainen Utö","2020","4","10","12:00","629.8"
"Parainen Utö","2020","4","10","13:00","522"
"Parainen Utö","2020","4","10","14:00","493.2"
"Parainen Utö","2020","4","10","15:00","365.3"
"Parainen Utö","2020","4","10","16:00","112.3"
"Parainen Utö","2020","4","10","17:00","60.4"
"Parainen Utö","2020","4","10","18:00","11.5"
"Parainen Utö","2020","4","10","19:00","-2.4"
"Parainen Utö","2020","4","10","20:00","-2.9"
"Parainen Utö","2020","4","10","21:00","-3"
"Parainen Utö","2020","4","10","22:00","-3.1"
"Parainen Utö","2020","4","10","23:00","-2.7"
"Parainen Utö","2020","4","11","00:00","-2.9"
"Parainen Utö","2020","4","11","01:00","-3.1"
"Parainen Utö","2020","4","11","02:00","-2.8"
"Parainen Utö","2020","4","11","03:00","-2.1"
"Parainen Utö","2020","4","11","04:00","2.4"
"Parainen Utö","2020","4","11","05:00","39.1"
"Parainen Utö","2020","4","11","06:00","155.6"
"Parainen Utö","2020","4","11","07:00","352.7"
"Parainen Utö","2020","4","11","08:00","492.9"
"Parainen Utö","2020","4","11","09:00","593.3"
"Parainen Utö","2020","4","11","10:00","658.7"
"Parainen Utö","2020","4","11","11:00","683.2"
"Parainen Utö","2020","4","11","12:00","662"
"Parainen Utö","2020","4","11","13:00","563.6"
"Parainen Utö","2020","4","11","14:00","452.4"
"Parainen Utö","2020","4","11","15:00","264.5"
"Parainen Utö","2020","4","11","16:00","178.1"
"Parainen Utö","2020","4","11","17:00","70.7"
"Parainen Utö","2020","4","11","18:00","6"
"Parainen Utö","2020","4","11","19:00","-1.6"
"Parainen Utö","2020","4","11","20:00","-1.8"
"Parainen Utö","2020","4","11","21:00","-1.7"
"Parainen Utö","2020","4","11","22:00","-1.5"
"Parainen Utö","2020","4","11","23:00","-1.5"
"Parainen Utö","2020","4","12","00:00","-1.6"
"Parainen Utö","2020","4","12","01:00","-1.8"
"Parainen Utö","2020","4","12","02:00","-2.1"
"Parainen Utö","2020","4","12","03:00","-1.7"
"Parainen Utö","2020","4","12","04:00","-0.1"
"Parainen Utö","2020","4","12","05:00","11.6"
"Parainen Utö","2020","4","12","06:00","21.9"
"Parainen Utö","2020","4","12","07:00","37.1"
"Parainen Utö","2020","4","12","08:00","67.6"
"Parainen Utö","2020","4","12","09:00","118.3"
"Parainen Utö","2020","4","12","10:00","132.8"
"Parainen Utö","2020","4","12","11:00","136.2"
"Parainen Utö","2020","4","12","12:00","187.3"
"Parainen Utö","2020","4","12","13:00","160.7"
"Parainen Utö","2020","4","12","14:00","229.5"
"Parainen Utö","2020","4","12","15:00","194.6"
"Parainen Utö","2020","4","12","16:00","89.1"
"Parainen Utö","2020","4","12","17:00","23.4"
"Parainen Utö","2020","4","12","18:00","4.2"
"Parainen Utö","2020","4","12","19:00","-1.5"
"Parainen Utö","2020","4","12","20:00","-1.5"
"Parainen Utö","2020","4","12","21:00","-2.5"
"Parainen Utö","2020","4","12","22:00","-2.2"
"Parainen Utö","2020","4","12","23:00","-1.5"
"Parainen Utö","2020","4","13","00:00","-1.7"
"Parainen Utö","2020","4","13","01:00","-1.8"
"Parainen Utö","2020","4","13","02:00","-1.8"
"Parainen Utö","2020","4","13","03:00","-2.1"
"Parainen Utö","2020","4","13","04:00","8.6"
"Parainen Utö","2020","4","13","05:00","114.8"
"Parainen Utö","2020","4","13","06:00","209.9"
"Parainen Utö","2020","4","13","07:00","383.2"
"Parainen Utö","2020","4","13","08:00","513.1"
"Parainen Utö","2020","4","13","09:00","555.3"
"Parainen Utö","2020","4","13","10:00","575.9"
"Parainen Utö","2020","4","13","11:00","436.2"
"Parainen Utö","2020","4","13","12:00","266.2"
"Parainen Utö","2020","4","13","13:00","456.3"
"Parainen Utö","2020","4","13","14:00","276.8"
"Parainen Utö","2020","4","13","15:00","238.7"
"Parainen Utö","2020","4","13","16:00","129.1"
"Parainen Utö","2020","4","13","17:00","42.3"
"Parainen Utö","2020","4","13","18:00","4.7"
"Parainen Utö","2020","4","13","19:00","-2.2"
"Parainen Utö","2020","4","13","20:00","-2"
"Parainen Utö","2020","4","13","21:00","-1.6"
"Parainen Utö","2020","4","13","22:00","-2.1"
"Parainen Utö","2020","4","13","23:00","-2"
"Parainen Utö","2020","4","14","00:00","-1.9"
"Parainen Utö","2020","4","14","01:00","-1.9"
"Parainen Utö","2020","4","14","02:00","-1.3"
"Parainen Utö","2020","4","14","03:00","-0.9"
"Parainen Utö","2020","4","14","04:00","2.6"
"Parainen Utö","2020","4","14","05:00","25.2"
"Parainen Utö","2020","4","14","06:00","53.8"
"Parainen Utö","2020","4","14","07:00","122"
"Parainen Utö","2020","4","14","08:00","122.9"
"Parainen Utö","2020","4","14","09:00","230.8"
"Parainen Utö","2020","4","14","10:00","252.7"
"Parainen Utö","2020","4","14","11:00","283.6"
"Parainen Utö","2020","4","14","12:00","221.6"
"Parainen Utö","2020","4","14","13:00","365.4"
"Parainen Utö","2020","4","14","14:00","395.9"
"Parainen Utö","2020","4","14","15:00","252.3"
"Parainen Utö","2020","4","14","16:00","201.1"
"Parainen Utö","2020","4","14","17:00","94.3"
"Parainen Utö","2020","4","14","18:00","8"
"Parainen Utö","2020","4","14","19:00","-2.2"
"Parainen Utö","2020","4","14","20:00","-1.9"
"Parainen Utö","2020","4","14","21:00","-1.7"
"Parainen Utö","2020","4","14","22:00","-1.9"
"Parainen Utö","2020","4","14","23:00","-1.5"
"Parainen Utö","2020","4","15","00:00","-1.8"
"Parainen Utö","2020","4","15","01:00","-2.1"
"Parainen Utö","2020","4","15","02:00","-1.7"
"Parainen Utö","2020","4","15","03:00","-1.6"
"Parainen Utö","2020","4","15","04:00","2.3"
"Parainen Utö","2020","4","15","05:00","50.6"
"Parainen Utö","2020","4","15","06:00","63.4"
"Parainen Utö","2020","4","15","07:00","216.7"
"Parainen Utö","2020","4","15","08:00","436.8"
"Parainen Utö","2020","4","15","09:00","610.1"
"Parainen Utö","2020","4","15","10:00","668.1"
"Parainen Utö","2020","4","15","11:00","700.4"
"Parainen Utö","2020","4","15","12:00","678.6"
"Parainen Utö","2020","4","15","13:00","576.2"
"Parainen Utö","2020","4","15","14:00","534.4"
"Parainen Utö","2020","4","15","15:00","341.9"
"Parainen Utö","2020","4","15","16:00","272.4"
"Parainen Utö","2020","4","15","17:00","57.2"
"Parainen Utö","2020","4","15","18:00","9.8"
"Parainen Utö","2020","4","15","19:00","-1.1"
"Parainen Utö","2020","4","15","20:00","-1.1"
"Parainen Utö","2020","4","15","21:00","-1.2"
"Parainen Utö","2020","4","15","22:00","-1.4"
"Parainen Utö","2020","4","15","23:00","-2"
"Parainen Utö","2020","4","16","00:00","-2.4"
"Parainen Utö","2020","4","16","01:00","-2.1"
"Parainen Utö","2020","4","16","02:00","-2"
"Parainen Utö","2020","4","16","03:00","-1.9"
"Parainen Utö","2020","4","16","04:00","10.1"
"Parainen Utö","2020","4","16","05:00","50.8"
"Parainen Utö","2020","4","16","06:00","63.8"
"Parainen Utö","2020","4","16","07:00","145.8"
"Parainen Utö","2020","4","16","08:00","240.3"
"Parainen Utö","2020","4","16","09:00","530.5"
"Parainen Utö","2020","4","16","10:00","429.7"
"Parainen Utö","2020","4","16","11:00","418.7"
"Parainen Utö","2020","4","16","12:00","665.1"
"Parainen Utö","2020","4","16","13:00","571.8"
"Parainen Utö","2020","4","16","14:00","527.4"
"Parainen Utö","2020","4","16","15:00","408.6"
"Parainen Utö","2020","4","16","16:00","248.4"
"Parainen Utö","2020","4","16","17:00","94.5"
"Parainen Utö","2020","4","16","18:00","25.3"
"Parainen Utö","2020","4","16","19:00","-2"
"Parainen Utö","2020","4","16","20:00","-2.3"
"Parainen Utö","2020","4","16","21:00","-1.9"
"Parainen Utö","2020","4","16","22:00","-2"
"Parainen Utö","2020","4","16","23:00","-2.7"
"Parainen Utö","2020","4","17","00:00","-2.6"
"Parainen Utö","2020","4","17","01:00","-2.6"
"Parainen Utö","2020","4","17","02:00","-2.6"
"Parainen Utö","2020","4","17","03:00","-2.2"
"Parainen Utö","2020","4","17","04:00","21"
"Parainen Utö","2020","4","17","05:00","111.8"
"Parainen Utö","2020","4","17","06:00","257.3"
"Parainen Utö","2020","4","17","07:00","401.6"
"Parainen Utö","2020","4","17","08:00","526.4"
"Parainen Utö","2020","4","17","09:00","608.5"
"Parainen Utö","2020","4","17","10:00","683.5"
"Parainen Utö","2020","4","17","11:00","423.9"
"Parainen Utö","2020","4","17","12:00","508.9"
"Parainen Utö","2020","4","17","13:00","584.2"
"Parainen Utö","2020","4","17","14:00","538.4"
"Parainen Utö","2020","4","17","15:00","418.1"
"Parainen Utö","2020","4","17","16:00","279.5"
"Parainen Utö","2020","4","17","17:00","141.2"
"Parainen Utö","2020","4","17","18:00","29.8"
"Parainen Utö","2020","4","17","19:00","-2"
"Parainen Utö","2020","4","17","20:00","-2.7"
"Parainen Utö","2020","4","17","21:00","-2.7"
"Parainen Utö","2020","4","17","22:00","-2.7"
"Parainen Utö","2020","4","17","23:00","-2.8"
"Parainen Utö","2020","4","18","00:00","-2.5"
"Parainen Utö","2020","4","18","01:00","-2.4"
"Parainen Utö","2020","4","18","02:00","-2.6"
"Parainen Utö","2020","4","18","03:00","-1.8"
"Parainen Utö","2020","4","18","04:00","10.3"
"Parainen Utö","2020","4","18","05:00","56"
"Parainen Utö","2020","4","18","06:00","192.4"
"Parainen Utö","2020","4","18","07:00","403.3"
"Parainen Utö","2020","4","18","08:00","536.5"
"Parainen Utö","2020","4","18","09:00","628.8"
"Parainen Utö","2020","4","18","10:00","689.2"
"Parainen Utö","2020","4","18","11:00","709.5"
"Parainen Utö","2020","4","18","12:00","690.5"
"Parainen Utö","2020","4","18","13:00","577.2"
"Parainen Utö","2020","4","18","14:00","536"
"Parainen Utö","2020","4","18","15:00","417.9"
"Parainen Utö","2020","4","18","16:00","280.2"
"Parainen Utö","2020","4","18","17:00","143.8"
"Parainen Utö","2020","4","18","18:00","33.6"
"Parainen Utö","2020","4","18","19:00","-1.6"
"Parainen Utö","2020","4","18","20:00","-2.7"
"Parainen Utö","2020","4","18","21:00","-2.2"
"Parainen Utö","2020","4","18","22:00","-1.4"
"Parainen Utö","2020","4","18","23:00","-1.6"
"Parainen Utö","2020","4","19","00:00","-1.4"
"Parainen Utö","2020","4","19","01:00","-1.9"
"Parainen Utö","2020","4","19","02:00","-1.5"
"Parainen Utö","2020","4","19","03:00","-1.8"
"Parainen Utö","2020","4","19","04:00","26.7"
"Parainen Utö","2020","4","19","05:00","131.1"
"Parainen Utö","2020","4","19","06:00","269.1"
"Parainen Utö","2020","4","19","07:00","410.6"
"Parainen Utö","2020","4","19","08:00","533.9"
"Parainen Utö","2020","4","19","09:00","629.9"
"Parainen Utö","2020","4","19","10:00","687.4"
"Parainen Utö","2020","4","19","11:00","702.6"
"Parainen Utö","2020","4","19","12:00","681.2"
"Parainen Utö","2020","4","19","13:00","575.4"
"Parainen Utö","2020","4","19","14:00","531.9"
"Parainen Utö","2020","4","19","15:00","417.1"
"Parainen Utö","2020","4","19","16:00","283.3"
"Parainen Utö","2020","4","19","17:00","149.3"
"Parainen Utö","2020","4","19","18:00","36"
"Parainen Utö","2020","4","19","19:00","-1.8"
"Parainen Utö","2020","4","19","20:00","-2.3"
"Parainen Utö","2020","4","19","21:00","-1.2"
"Parainen Utö","2020","4","19","22:00","-1.3"
"Parainen Utö","2020","4","19","23:00","-1.5"
"Parainen Utö","2020","4","20","00:00","-1.2"
"Parainen Utö","2020","4","20","01:00","-1.2"
"Parainen Utö","2020","4","20","02:00","-1.2"
"Parainen Utö","2020","4","20","03:00","-0.9"
"Parainen Utö","2020","4","20","04:00","13.9"
"Parainen Utö","2020","4","20","05:00","50.2"
"Parainen Utö","2020","4","20","06:00","86.8"
"Parainen Utö","2020","4","20","07:00","328.7"
"Parainen Utö","2020","4","20","08:00","325.2"
"Parainen Utö","2020","4","20","09:00","402.9"
"Parainen Utö","2020","4","20","10:00","409.8"
"Parainen Utö","2020","4","20","11:00","477"
"Parainen Utö","2020","4","20","12:00","558.1"
"Parainen Utö","2020","4","20","13:00","545.9"
"Parainen Utö","2020","4","20","14:00","376.7"
"Parainen Utö","2020","4","20","15:00","294.1"
"Parainen Utö","2020","4","20","16:00","175.6"
"Parainen Utö","2020","4","20","17:00","115.4"
"Parainen Utö","2020","4","20","18:00","51.2"
"Parainen Utö","2020","4","20","19:00","0.5"
"Parainen Utö","2020","4","20","20:00","-2.4"
"Parainen Utö","2020","4","20","21:00","-2.3"
"Parainen Utö","2020","4","20","22:00","-2.3"
"Parainen Utö","2020","4","20","23:00","-2.3"
"Parainen Utö","2020","4","21","00:00","-2.3"
"Parainen Utö","2020","4","21","01:00","-2.5"
"Parainen Utö","2020","4","21","02:00","-2.5"
"Parainen Utö","2020","4","21","03:00","-1.3"
"Parainen Utö","2020","4","21","04:00","34.5"
"Parainen Utö","2020","4","21","05:00","148.5"
"Parainen Utö","2020","4","21","06:00","285.1"
"Parainen Utö","2020","4","21","07:00","425.7"
"Parainen Utö","2020","4","21","08:00","550.8"
"Parainen Utö","2020","4","21","09:00","647.2"
"Parainen Utö","2020","4","21","10:00","707"
"Parainen Utö","2020","4","21","11:00","728.9"
"Parainen Utö","2020","4","21","12:00","702.3"
"Parainen Utö","2020","4","21","13:00","599.4"
"Parainen Utö","2020","4","21","14:00","547.2"
"Parainen Utö","2020","4","21","15:00","428.9"
"Parainen Utö","2020","4","21","16:00","296.1"
"Parainen Utö","2020","4","21","17:00","151.9"
"Parainen Utö","2020","4","21","18:00","43.5"
"Parainen Utö","2020","4","21","19:00","-0.3"
"Parainen Utö","2020","4","21","20:00","-2.5"
"Parainen Utö","2020","4","21","21:00","-2.5"
"Parainen Utö","2020","4","21","22:00","-2.4"
"Parainen Utö","2020","4","21","23:00","-2.1"
"Parainen Utö","2020","4","22","00:00","-2.3"
"Parainen Utö","2020","4","22","01:00","-2.3"
"Parainen Utö","2020","4","22","02:00","-2.3"
"Parainen Utö","2020","4","22","03:00","-1.2"
"Parainen Utö","2020","4","22","04:00","36"
"Parainen Utö","2020","4","22","05:00","145.5"
"Parainen Utö","2020","4","22","06:00","283.8"
"Parainen Utö","2020","4","22","07:00","422.7"
"Parainen Utö","2020","4","22","08:00","544.7"
"Parainen Utö","2020","4","22","09:00","639.5"
"Parainen Utö","2020","4","22","10:00","701.2"
"Parainen Utö","2020","4","22","11:00","730.4"
"Parainen Utö","2020","4","22","12:00","689.8"
"Parainen Utö","2020","4","22","13:00","594.7"
"Parainen Utö","2020","4","22","14:00","547"
"Parainen Utö","2020","4","22","15:00","434.3"
"Parainen Utö","2020","4","22","16:00","299.8"
"Parainen Utö","2020","4","22","17:00","156.3"
"Parainen Utö","2020","4","22","18:00","36.7"
"Parainen Utö","2020","4","22","19:00","-0.8"
"Parainen Utö","2020","4","22","20:00","-2.5"
"Parainen Utö","2020","4","22","21:00","-2.3"
"Parainen Utö","2020","4","22","22:00","-2.2"
"Parainen Utö","2020","4","22","23:00","-2.3"
"Parainen Utö","2020","4","23","00:00","-2.2"
"Parainen Utö","2020","4","23","01:00","-1.9"
"Parainen Utö","2020","4","23","02:00","-1.9"
"Parainen Utö","2020","4","23","03:00","0.7"
"Parainen Utö","2020","4","23","04:00","40.9"
"Parainen Utö","2020","4","23","05:00","113.8"
"Parainen Utö","2020","4","23","06:00","287.1"
"Parainen Utö","2020","4","23","07:00","404.1"
"Parainen Utö","2020","4","23","08:00","551.4"
"-","2020","4","23","09:00","-"
"Parainen Utö","2020","4","23","10:00","710.8"
"Parainen Utö","2020","4","23","11:00","733.5"
"Parainen Utö","2020","4","23","12:00","708.7"
"Parainen Utö","2020","4","23","13:00","603.5"
"Parainen Utö","2020","4","23","14:00","564.8"
"Parainen Utö","2020","4","23","15:00","437.5"
"Parainen Utö","2020","4","23","16:00","300.7"
"Parainen Utö","2020","4","23","17:00","164.9"
"Parainen Utö","2020","4","23","18:00","43.9"
"Parainen Utö","2020","4","23","19:00","-0.5"
"Parainen Utö","2020","4","23","20:00","-2.9"
"Parainen Utö","2020","4","23","21:00","-2.7"
"Parainen Utö","2020","4","23","22:00","-2.7"
"Parainen Utö","2020","4","23","23:00","-1.7"
"Parainen Utö","2020","4","24","00:00","-1.9"
"Parainen Utö","2020","4","24","01:00","-1.8"
"Parainen Utö","2020","4","24","02:00","-2.3"
"Parainen Utö","2020","4","24","03:00","-0.6"
"Parainen Utö","2020","4","24","04:00","25.6"
"Parainen Utö","2020","4","24","05:00","93"
"Parainen Utö","2020","4","24","06:00","292.1"
"Parainen Utö","2020","4","24","07:00","435.4"
"Parainen Utö","2020","4","24","08:00","558.7"
"Parainen Utö","2020","4","24","09:00","653.7"
"Parainen Utö","2020","4","24","10:00","712.9"
"Parainen Utö","2020","4","24","11:00","736.6"
"Parainen Utö","2020","4","24","12:00","715.5"
"Parainen Utö","2020","4","24","13:00","615.9"
"Parainen Utö","2020","4","24","14:00","565"
"Parainen Utö","2020","4","24","15:00","448.4"
"Parainen Utö","2020","4","24","16:00","311.9"
"Parainen Utö","2020","4","24","17:00","186.3"
"Parainen Utö","2020","4","24","18:00","63.1"
"Parainen Utö","2020","4","24","19:00","0.3"
"Parainen Utö","2020","4","24","20:00","-2.9"
"Parainen Utö","2020","4","24","21:00","-2.7"
"Parainen Utö","2020","4","24","22:00","-2.4"
"Parainen Utö","2020","4","24","23:00","-2.4"
"Parainen Utö","2020","4","25","00:00","-3.1"
"Parainen Utö","2020","4","25","01:00","-2.6"
"Parainen Utö","2020","4","25","02:00","-2"
"Parainen Utö","2020","4","25","03:00","-0.3"
"Parainen Utö","2020","4","25","04:00","40.8"
"Parainen Utö","2020","4","25","05:00","164.3"
"Parainen Utö","2020","4","25","06:00","296.2"
"Parainen Utö","2020","4","25","07:00","442.6"
"Parainen Utö","2020","4","25","08:00","569.9"
"Parainen Utö","2020","4","25","09:00","665"
"Parainen Utö","2020","4","25","10:00","723.7"
"Parainen Utö","2020","4","25","11:00","727.9"
"Parainen Utö","2020","4","25","12:00","168"
"Parainen Utö","2020","4","25","13:00","323.2"
"Parainen Utö","2020","4","25","14:00","560.3"
"Parainen Utö","2020","4","25","15:00","441.1"
"Parainen Utö","2020","4","25","16:00","312.2"
"Parainen Utö","2020","4","25","17:00","166.3"
"Parainen Utö","2020","4","25","18:00","45.8"
"Parainen Utö","2020","4","25","19:00","-0.1"
"Parainen Utö","2020","4","25","20:00","-3.1"
"Parainen Utö","2020","4","25","21:00","-2.1"
"Parainen Utö","2020","4","25","22:00","-2.5"
"Parainen Utö","2020","4","25","23:00","-2.2"
"Parainen Utö","2020","4","26","00:00","-2.3"
"Parainen Utö","2020","4","26","01:00","-2.1"
"Parainen Utö","2020","4","26","02:00","-1.6"
"Parainen Utö","2020","4","26","03:00","0.1"
"Parainen Utö","2020","4","26","04:00","20.2"
"Parainen Utö","2020","4","26","05:00","57.7"
"Parainen Utö","2020","4","26","06:00","200.1"
"Parainen Utö","2020","4","26","07:00","405.9"
"Parainen Utö","2020","4","26","08:00","296.6"
"Parainen Utö","2020","4","26","09:00","79.7"
"Parainen Utö","2020","4","26","10:00","480.3"
"Parainen Utö","2020","4","26","11:00","311.8"
"Parainen Utö","2020","4","26","12:00","635.8"
"Parainen Utö","2020","4","26","13:00","617.1"
"Parainen Utö","2020","4","26","14:00","567.2"
"Parainen Utö","2020","4","26","15:00","449.3"
"Parainen Utö","2020","4","26","16:00","313.1"
"Parainen Utö","2020","4","26","17:00","177.9"
"Parainen Utö","2020","4","26","18:00","53.5"
"Parainen Utö","2020","4","26","19:00","1.7"
"Parainen Utö","2020","4","26","20:00","-3"
"Parainen Utö","2020","4","26","21:00","-2.8"
"Parainen Utö","2020","4","26","22:00","-2.8"
"Parainen Utö","2020","4","26","23:00","-2.8"
"Parainen Utö","2020","4","27","00:00","-2.9"
"Parainen Utö","2020","4","27","01:00","-2.4"
"Parainen Utö","2020","4","27","02:00","-2.7"
"Parainen Utö","2020","4","27","03:00","0.5"
"Parainen Utö","2020","4","27","04:00","45.3"
"Parainen Utö","2020","4","27","05:00","173.5"
"Parainen Utö","2020","4","27","06:00","309"
"Parainen Utö","2020","4","27","07:00","443.3"
"Parainen Utö","2020","4","27","08:00","571.1"
"Parainen Utö","2020","4","27","09:00","678.3"
"Parainen Utö","2020","4","27","10:00","679.2"
"Parainen Utö","2020","4","27","11:00","751.4"
"Parainen Utö","2020","4","27","12:00","701.8"
"Parainen Utö","2020","4","27","13:00","543.5"
"Parainen Utö","2020","4","27","14:00","466.8"
"Parainen Utö","2020","4","27","15:00","463.4"
"Parainen Utö","2020","4","27","16:00","321.7"
"Parainen Utö","2020","4","27","17:00","173.9"
"Parainen Utö","2020","4","27","18:00","36.8"
"Parainen Utö","2020","4","27","19:00","1.3"
"Parainen Utö","2020","4","27","20:00","-2.7"
"Parainen Utö","2020","4","27","21:00","-2.7"
"Parainen Utö","2020","4","27","22:00","-1.9"
"Parainen Utö","2020","4","27","23:00","-1.4"
"Parainen Utö","2020","4","28","00:00","-1.6"
"Parainen Utö","2020","4","28","01:00","-1.8"
"Parainen Utö","2020","4","28","02:00","-1.1"
"Parainen Utö","2020","4","28","03:00","0.3"
"Parainen Utö","2020","4","28","04:00","19.8"
"Parainen Utö","2020","4","28","05:00","37.7"
"Parainen Utö","2020","4","28","06:00","70"
"Parainen Utö","2020","4","28","07:00","138.2"
"Parainen Utö","2020","4","28","08:00","217.8"
"Parainen Utö","2020","4","28","09:00","366.6"
"Parainen Utö","2020","4","28","10:00","289.3"
"Parainen Utö","2020","4","28","11:00","261.9"
"Parainen Utö","2020","4","28","12:00","317.1"
"Parainen Utö","2020","4","28","13:00","316.4"
"Parainen Utö","2020","4","28","14:00","337"
"Parainen Utö","2020","4","28","15:00","150.6"
"Parainen Utö","2020","4","28","16:00","62.7"
"Parainen Utö","2020","4","28","17:00","56.1"
"Parainen Utö","2020","4","28","18:00","16.7"
"Parainen Utö","2020","4","28","19:00","-0.2"
"Parainen Utö","2020","4","28","20:00","-2"
"Parainen Utö","2020","4","28","21:00","-1.7"
"Parainen Utö","2020","4","28","22:00","-2"
"Parainen Utö","2020","4","28","23:00","-2.2"
"Parainen Utö","2020","4","29","00:00","-1.6"
"Parainen Utö","2020","4","29","01:00","-1.3"
"Parainen Utö","2020","4","29","02:00","-1.6"
"Parainen Utö","2020","4","29","03:00","1.6"
"Parainen Utö","2020","4","29","04:00","52.6"
"Parainen Utö","2020","4","29","05:00","170.1"
"Parainen Utö","2020","4","29","06:00","281.3"
"Parainen Utö","2020","4","29","07:00","384.8"
"Parainen Utö","2020","4","29","08:00","355.4"
"Parainen Utö","2020","4","29","09:00","609.8"
"Parainen Utö","2020","4","29","10:00","645"
"Parainen Utö","2020","4","29","11:00","704.8"
"Parainen Utö","2020","4","29","12:00","741.5"
"Parainen Utö","2020","4","29","13:00","636.6"
"Parainen Utö","2020","4","29","14:00","583.8"
"Parainen Utö","2020","4","29","15:00","464.6"
"Parainen Utö","2020","4","29","16:00","326.6"
"Parainen Utö","2020","4","29","17:00","191.7"
"Parainen Utö","2020","4","29","18:00","64.8"
"Parainen Utö","2020","4","29","19:00","3.2"
"Parainen Utö","2020","4","29","20:00","-2.8"
"Parainen Utö","2020","4","29","21:00","-2.8"
"Parainen Utö","2020","4","29","22:00","-2.7"
"Parainen Utö","2020","4","29","23:00","-3"
"Parainen Utö","2020","4","30","00:00","-2.8"
"Parainen Utö","2020","4","30","01:00","-2.7"
"Parainen Utö","2020","4","30","02:00","-3.1"
"Parainen Utö","2020","4","30","03:00","2.4"
"Parainen Utö","2020","4","30","04:00","61.4"
"Parainen Utö","2020","4","30","05:00","188.1"
"Parainen Utö","2020","4","30","06:00","325.8"
"Parainen Utö","2020","4","30","07:00","463.2"
"Parainen Utö","2020","4","30","08:00","576.7"
"Parainen Utö","2020","4","30","09:00","670.9"
"Parainen Utö","2020","4","30","10:00","734.2"
"Parainen Utö","2020","4","30","11:00","754.2"
"Parainen Utö","2020","4","30","12:00","739.7"
"Parainen Utö","2020","4","30","13:00","637.4"
"Parainen Utö","2020","4","30","14:00","588.6"
"Parainen Utö","2020","4","30","15:00","470.6"
"Parainen Utö","2020","4","30","16:00","334.4"
"Parainen Utö","2020","4","30","17:00","194.4"
"Parainen Utö","2020","4","30","18:00","68.9"
"Parainen Utö","2020","4","30","19:00","3.8"
"Parainen Utö","2020","4","30","20:00","-2.8"
"Parainen Utö","2020","4","30","21:00","-2.5"
"Parainen Utö","2020","4","30","22:00","-2.6"
"Parainen Utö","2020","4","30","23:00","-2.7"
"Parainen Utö","2020","5","1","00:00","-2.2"
"Parainen Utö","2020","5","1","01:00","-1.5"
"Parainen Utö","2020","5","1","02:00","-1.1"
"Parainen Utö","2020","5","1","03:00","0.8"
"Parainen Utö","2020","5","1","04:00","32"
"Parainen Utö","2020","5","1","05:00","49.7"
"Parainen Utö","2020","5","1","06:00","113.4"
"Parainen Utö","2020","5","1","07:00","95.8"
"Parainen Utö","2020","5","1","08:00","67.9"
"Parainen Utö","2020","5","1","09:00","71.7"
"Parainen Utö","2020","5","1","10:00","114.1"
"Parainen Utö","2020","5","1","11:00","182.2"
"Parainen Utö","2020","5","1","12:00","452.9"
"Parainen Utö","2020","5","1","13:00","248.5"
"Parainen Utö","2020","5","1","14:00","157.6"
"Parainen Utö","2020","5","1","15:00","52.1"
"Parainen Utö","2020","5","1","16:00","22.1"
"Parainen Utö","2020","5","1","17:00","14.6"
"Parainen Utö","2020","5","1","18:00","10.1"
"Parainen Utö","2020","5","1","19:00","-0.3"
"Parainen Utö","2020","5","1","20:00","-0.8"
"Parainen Utö","2020","5","1","21:00","-1.2"
"Parainen Utö","2020","5","1","22:00","-1.2"
"Parainen Utö","2020","5","1","23:00","-1.2"
"Parainen Utö","2020","5","2","00:00","-1.8"
"Parainen Utö","2020","5","2","01:00","-2"
"Parainen Utö","2020","5","2","02:00","-1.6"
"Parainen Utö","2020","5","2","03:00","2.8"
"Parainen Utö","2020","5","2","04:00","39"
"Parainen Utö","2020","5","2","05:00","78.6"
"Parainen Utö","2020","5","2","06:00","121.5"
"Parainen Utö","2020","5","2","07:00","205.4"
"Parainen Utö","2020","5","2","08:00","284.4"
"Parainen Utö","2020","5","2","09:00","211.9"
"Parainen Utö","2020","5","2","10:00","235.3"
"Parainen Utö","2020","5","2","11:00","304.7"
"Parainen Utö","2020","5","2","12:00","355.8"
"Parainen Utö","2020","5","2","13:00","433.6"
"Parainen Utö","2020","5","2","14:00","286.8"
"Parainen Utö","2020","5","2","15:00","483.8"
"Parainen Utö","2020","5","2","16:00","296.2"
"Parainen Utö","2020","5","2","17:00","133.9"
"Parainen Utö","2020","5","2","18:00","38.6"
"Parainen Utö","2020","5","2","19:00","3.5"
"Parainen Utö","2020","5","2","20:00","-0.6"
"Parainen Utö","2020","5","2","21:00","-0.6"
"Parainen Utö","2020","5","2","22:00","-0.7"
"Parainen Utö","2020","5","2","23:00","-0.9"
"Parainen Utö","2020","5","3","00:00","-1.1"
"Parainen Utö","2020","5","3","01:00","-1"
"Parainen Utö","2020","5","3","02:00","-1"
"Parainen Utö","2020","5","3","03:00","4.1"
"Parainen Utö","2020","5","3","04:00","34.8"
"Parainen Utö","2020","5","3","05:00","93.9"
"Parainen Utö","2020","5","3","06:00","232"
"Parainen Utö","2020","5","3","07:00","392.8"
"Parainen Utö","2020","5","3","08:00","378.2"
"Parainen Utö","2020","5","3","09:00","297.9"
"Parainen Utö","2020","5","3","10:00","380"
"Parainen Utö","2020","5","3","11:00","573.2"
"Parainen Utö","2020","5","3","12:00","641.8"
"Parainen Utö","2020","5","3","13:00","487.3"
"Parainen Utö","2020","5","3","14:00","358"
"Parainen Utö","2020","5","3","15:00","324.3"
"Parainen Utö","2020","5","3","16:00","185.5"
"Parainen Utö","2020","5","3","17:00","155.8"
"Parainen Utö","2020","5","3","18:00","40.4"
"Parainen Utö","2020","5","3","19:00","2.9"
"Parainen Utö","2020","5","3","20:00","-1.4"
"Parainen Utö","2020","5","3","21:00","-1"
"Parainen Utö","2020","5","3","22:00","-1.1"
"Parainen Utö","2020","5","3","23:00","-1"
"Parainen Utö","2020","5","4","00:00","-1.4"
"Parainen Utö","2020","5","4","01:00","-1.5"
"Parainen Utö","2020","5","4","02:00","-1.4"
"Parainen Utö","2020","5","4","03:00","2.1"
"Parainen Utö","2020","5","4","04:00","40.8"
"Parainen Utö","2020","5","4","05:00","84.8"
"Parainen Utö","2020","5","4","06:00","166.2"
"Parainen Utö","2020","5","4","07:00","257.1"
"Parainen Utö","2020","5","4","08:00","324.3"
"Parainen Utö","2020","5","4","09:00","331.4"
"Parainen Utö","2020","5","4","10:00","359.8"
"Parainen Utö","2020","5","4","11:00","330.2"
"Parainen Utö","2020","5","4","12:00","280.5"
"Parainen Utö","2020","5","4","13:00","244.1"
"Parainen Utö","2020","5","4","14:00","198.6"
"Parainen Utö","2020","5","4","15:00","138.1"
"Parainen Utö","2020","5","4","16:00","99.8"
"Parainen Utö","2020","5","4","17:00","49.7"
"Parainen Utö","2020","5","4","18:00","16.9"
"Parainen Utö","2020","5","4","19:00","2.4"
"Parainen Utö","2020","5","4","20:00","-0.4"
"Parainen Utö","2020","5","4","21:00","-0.9"
"Parainen Utö","2020","5","4","22:00","-1.6"
"Parainen Utö","2020","5","4","23:00","-2.4"
"Parainen Utö","2020","5","5","00:00","-1"
"Parainen Utö","2020","5","5","01:00","-1"
"Parainen Utö","2020","5","5","02:00","-0.7"
"Parainen Utö","2020","5","5","03:00","4.2"
"Parainen Utö","2020","5","5","04:00","22.5"
"Parainen Utö","2020","5","5","05:00","45.5"
"Parainen Utö","2020","5","5","06:00","102.2"
"Parainen Utö","2020","5","5","07:00","191.8"
"Parainen Utö","2020","5","5","08:00","231.9"
"Parainen Utö","2020","5","5","09:00","271"
"Parainen Utö","2020","5","5","10:00","344.5"
"Parainen Utö","2020","5","5","11:00","542.8"
"Parainen Utö","2020","5","5","12:00","740.9"
"Parainen Utö","2020","5","5","13:00","643.3"
"Parainen Utö","2020","5","5","14:00","599.2"
"Parainen Utö","2020","5","5","15:00","484.4"
"Parainen Utö","2020","5","5","16:00","352.1"
"Parainen Utö","2020","5","5","17:00","213.9"
"Parainen Utö","2020","5","5","18:00","89.1"
"Parainen Utö","2020","5","5","19:00","6.8"
"Parainen Utö","2020","5","5","20:00","-2.8"
"Parainen Utö","2020","5","5","21:00","-3"
"Parainen Utö","2020","5","5","22:00","-3.1"
"Parainen Utö","2020","5","5","23:00","-2.8"
"Parainen Utö","2020","5","6","00:00","-2.7"
"Parainen Utö","2020","5","6","01:00","-2.8"
"Parainen Utö","2020","5","6","02:00","-2.4"
"Parainen Utö","2020","5","6","03:00","5.9"
"Parainen Utö","2020","5","6","04:00","99.8"
"Parainen Utö","2020","5","6","05:00","232.5"
"Parainen Utö","2020","5","6","06:00","302.3"
"Parainen Utö","2020","5","6","07:00","445.1"
"Parainen Utö","2020","5","6","08:00","433.3"
"Parainen Utö","2020","5","6","09:00","604.8"
"Parainen Utö","2020","5","6","10:00","723.5"
"Parainen Utö","2020","5","6","11:00","738.8"
"Parainen Utö","2020","5","6","12:00","538.2"
"Parainen Utö","2020","5","6","13:00","303.4"
"Parainen Utö","2020","5","6","14:00","591.5"
"Parainen Utö","2020","5","6","15:00","489.7"
"Parainen Utö","2020","5","6","16:00","358.1"
"Parainen Utö","2020","5","6","17:00","163.9"
"Parainen Utö","2020","5","6","18:00","55.3"
"Parainen Utö","2020","5","6","19:00","9"
"Parainen Utö","2020","5","6","20:00","-2.8"
"Parainen Utö","2020","5","6","21:00","-2.7"
"Parainen Utö","2020","5","6","22:00","-2.4"
"Parainen Utö","2020","5","6","23:00","-2.9"
"Parainen Utö","2020","5","7","00:00","-2.8"
"Parainen Utö","2020","5","7","01:00","-2.8"
"Parainen Utö","2020","5","7","02:00","-2.6"
"Parainen Utö","2020","5","7","03:00","8.2"
"Parainen Utö","2020","5","7","04:00","92"
"Parainen Utö","2020","5","7","05:00","218.9"
"Parainen Utö","2020","5","7","06:00","361.7"
"Parainen Utö","2020","5","7","07:00","500.4"
"Parainen Utö","2020","5","7","08:00","620.4"
"Parainen Utö","2020","5","7","09:00","715.5"
"Parainen Utö","2020","5","7","10:00","771.4"
"Parainen Utö","2020","5","7","11:00","789.2"
"Parainen Utö","2020","5","7","12:00","766"
"Parainen Utö","2020","5","7","13:00","663.9"
"Parainen Utö","2020","5","7","14:00","591.8"
"Parainen Utö","2020","5","7","15:00","498.7"
"Parainen Utö","2020","5","7","16:00","371.1"
"Parainen Utö","2020","5","7","17:00","227.4"
"Parainen Utö","2020","5","7","18:00","99.4"
"Parainen Utö","2020","5","7","19:00","10.6"
"Parainen Utö","2020","5","7","20:00","-2.6"
"Parainen Utö","2020","5","7","21:00","-2.9"
"Parainen Utö","2020","5","7","22:00","-2.9"
"Parainen Utö","2020","5","7","23:00","-2.8"
"Parainen Utö","2020","5","8","00:00","-2.8"
"Parainen Utö","2020","5","8","01:00","-2.6"
"Parainen Utö","2020","5","8","02:00","-2.4"
"Parainen Utö","2020","5","8","03:00","9.2"
"Parainen Utö","2020","5","8","04:00","83"
"Parainen Utö","2020","5","8","05:00","231.2"
"Parainen Utö","2020","5","8","06:00","370.3"
"Parainen Utö","2020","5","8","07:00","395.9"
"Parainen Utö","2020","5","8","08:00","476.1"
"Parainen Utö","2020","5","8","09:00","477.2"
"Parainen Utö","2020","5","8","10:00","567.7"
"Parainen Utö","2020","5","8","11:00","567.7"
"Parainen Utö","2020","5","8","12:00","723.9"
"Parainen Utö","2020","5","8","13:00","633.8"
"Parainen Utö","2020","5","8","14:00","467.3"
"Parainen Utö","2020","5","8","15:00","101"
"Parainen Utö","2020","5","8","16:00","146.7"
"Parainen Utö","2020","5","8","17:00","145.9"
"Parainen Utö","2020","5","8","18:00","42.5"
"Parainen Utö","2020","5","8","19:00","17"
"Parainen Utö","2020","5","8","20:00","-1.9"
"Parainen Utö","2020","5","8","21:00","-2.8"
"Parainen Utö","2020","5","8","22:00","-2.4"
"Parainen Utö","2020","5","8","23:00","-2"
"Parainen Utö","2020","5","9","00:00","-2.3"
"Parainen Utö","2020","5","9","01:00","-2.8"
"Parainen Utö","2020","5","9","02:00","-2.8"
"Parainen Utö","2020","5","9","03:00","10.8"
"Parainen Utö","2020","5","9","04:00","100.6"
"Parainen Utö","2020","5","9","05:00","227.5"
"Parainen Utö","2020","5","9","06:00","368"
"Parainen Utö","2020","5","9","07:00","509"
"Parainen Utö","2020","5","9","08:00","605.5"
"Parainen Utö","2020","5","9","09:00","589.8"
"Parainen Utö","2020","5","9","10:00","780.9"
"Parainen Utö","2020","5","9","11:00","801.7"
"Parainen Utö","2020","5","9","12:00","779.1"
"Parainen Utö","2020","5","9","13:00","668.7"
"Parainen Utö","2020","5","9","14:00","617.7"
"Parainen Utö","2020","5","9","15:00","506.6"
"Parainen Utö","2020","5","9","16:00","372.4"
"Parainen Utö","2020","5","9","17:00","238.3"
"Parainen Utö","2020","5","9","18:00","90.2"
"Parainen Utö","2020","5","9","19:00","12.7"
"Parainen Utö","2020","5","9","20:00","-2.4"
"Parainen Utö","2020","5","9","21:00","-3.1"
"Parainen Utö","2020","5","9","22:00","-2.9"
"Parainen Utö","2020","5","9","23:00","-2.7"
"Parainen Utö","2020","5","10","00:00","-2.8"
"Parainen Utö","2020","5","10","01:00","-3"
"Parainen Utö","2020","5","10","02:00","-2.3"
"Parainen Utö","2020","5","10","03:00","13.3"
"Parainen Utö","2020","5","10","04:00","101.5"
"Parainen Utö","2020","5","10","05:00","231.4"
"Parainen Utö","2020","5","10","06:00","366.2"
"Parainen Utö","2020","5","10","07:00","497.2"
"Parainen Utö","2020","5","10","08:00","467.8"
"Parainen Utö","2020","5","10","09:00","527.6"
"Parainen Utö","2020","5","10","10:00","550.2"
"Parainen Utö","2020","5","10","11:00","677.7"
"Parainen Utö","2020","5","10","12:00","633.1"
"Parainen Utö","2020","5","10","13:00","555.4"
"Parainen Utö","2020","5","10","14:00","508.6"
"Parainen Utö","2020","5","10","15:00","428.9"
"Parainen Utö","2020","5","10","16:00","196.2"
"Parainen Utö","2020","5","10","17:00","56.3"
"Parainen Utö","2020","5","10","18:00","7.2"
"Parainen Utö","2020","5","10","19:00","1.3"
"Parainen Utö","2020","5","10","20:00","-2.1"
"Parainen Utö","2020","5","10","21:00","-1.8"
"Parainen Utö","2020","5","10","22:00","-1.4"
"Parainen Utö","2020","5","10","23:00","-1"
"Parainen Utö","2020","5","11","00:00","-1.1"
"Parainen Utö","2020","5","11","01:00","-1.5"
"Parainen Utö","2020","5","11","02:00","-1.6"
"Parainen Utö","2020","5","11","03:00","0.7"
"Parainen Utö","2020","5","11","04:00","6.3"
"Parainen Utö","2020","5","11","05:00","12.9"
"Parainen Utö","2020","5","11","06:00","33.9"
"Parainen Utö","2020","5","11","07:00","120.6"
"Parainen Utö","2020","5","11","08:00","239.8"
"Parainen Utö","2020","5","11","09:00","460.4"
"Parainen Utö","2020","5","11","10:00","798.1"
"Parainen Utö","2020","5","11","11:00","650.4"
"Parainen Utö","2020","5","11","12:00","415.8"
"Parainen Utö","2020","5","11","13:00","454.9"
"Parainen Utö","2020","5","11","14:00","501.9"
"Parainen Utö","2020","5","11","15:00","523.3"
"Parainen Utö","2020","5","11","16:00","385.5"
"Parainen Utö","2020","5","11","17:00","245.8"
"Parainen Utö","2020","5","11","18:00","114.6"
"Parainen Utö","2020","5","11","19:00","18"
"Parainen Utö","2020","5","11","20:00","-2.2"
"Parainen Utö","2020","5","11","21:00","-3.2"
"Parainen Utö","2020","5","11","22:00","-3.2"
"Parainen Utö","2020","5","11","23:00","-2.8"
"Parainen Utö","2020","5","12","00:00","-2.9"
"Parainen Utö","2020","5","12","01:00","-2.9"
"Parainen Utö","2020","5","12","02:00","-2.2"
"Parainen Utö","2020","5","12","03:00","14"
"Parainen Utö","2020","5","12","04:00","113"
"Parainen Utö","2020","5","12","05:00","243.5"
"Parainen Utö","2020","5","12","06:00","385.6"
"Parainen Utö","2020","5","12","07:00","523.6"
"Parainen Utö","2020","5","12","08:00","642.9"
"Parainen Utö","2020","5","12","09:00","735.2"
"Parainen Utö","2020","5","12","10:00","795.7"
"Parainen Utö","2020","5","12","11:00","817.2"
"Parainen Utö","2020","5","12","12:00","794.4"
"Parainen Utö","2020","5","12","13:00","675.3"
"Parainen Utö","2020","5","12","14:00","638.9"
"Parainen Utö","2020","5","12","15:00","515.4"
"Parainen Utö","2020","5","12","16:00","386.9"
"Parainen Utö","2020","5","12","17:00","242.4"
"Parainen Utö","2020","5","12","18:00","95.4"
"Parainen Utö","2020","5","12","19:00","16.2"
"Parainen Utö","2020","5","12","20:00","-2"
"Parainen Utö","2020","5","12","21:00","-2.5"
"Parainen Utö","2020","5","12","22:00","-2.3"
"Parainen Utö","2020","5","12","23:00","-2"
"Parainen Utö","2020","5","13","00:00","-1.3"
"Parainen Utö","2020","5","13","01:00","-1.6"
"Parainen Utö","2020","5","13","02:00","-1.6"
"Parainen Utö","2020","5","13","03:00","0.2"
"Parainen Utö","2020","5","13","04:00","7.7"
"Parainen Utö","2020","5","13","05:00","57.8"
"Parainen Utö","2020","5","13","06:00","143.1"
"Parainen Utö","2020","5","13","07:00","231.5"
"Parainen Utö","2020","5","13","08:00","641.4"
"Parainen Utö","2020","5","13","09:00","761.1"
"Parainen Utö","2020","5","13","10:00","821"
"Parainen Utö","2020","5","13","11:00","865.4"
"Parainen Utö","2020","5","13","12:00","466.6"
"Parainen Utö","2020","5","13","13:00","308.3"
"Parainen Utö","2020","5","13","14:00","231.6"
"Parainen Utö","2020","5","13","15:00","285.5"
"Parainen Utö","2020","5","13","16:00","268.6"
"Parainen Utö","2020","5","13","17:00","98.8"
"Parainen Utö","2020","5","13","18:00","56.2"
"Parainen Utö","2020","5","13","19:00","18"
"Parainen Utö","2020","5","13","20:00","-1.6"
"Parainen Utö","2020","5","13","21:00","-3.1"
"Parainen Utö","2020","5","13","22:00","-2.7"
"Parainen Utö","2020","5","13","23:00","-3"
"Parainen Utö","2020","5","14","00:00","-3.1"
"Parainen Utö","2020","5","14","01:00","-3.2"
"Parainen Utö","2020","5","14","02:00","-1.8"
"Parainen Utö","2020","5","14","03:00","20.3"
"Parainen Utö","2020","5","14","04:00","131"
"Parainen Utö","2020","5","14","05:00","253.3"
"Parainen Utö","2020","5","14","06:00","313.1"
"Parainen Utö","2020","5","14","07:00","455"
"Parainen Utö","2020","5","14","08:00","531.9"
"Parainen Utö","2020","5","14","09:00","580.2"
"Parainen Utö","2020","5","14","10:00","735.4"
"Parainen Utö","2020","5","14","11:00","824.1"
"Parainen Utö","2020","5","14","12:00","798.7"
"Parainen Utö","2020","5","14","13:00","668.6"
"Parainen Utö","2020","5","14","14:00","635.6"
"Parainen Utö","2020","5","14","15:00","522.2"
"Parainen Utö","2020","5","14","16:00","399.6"
"Parainen Utö","2020","5","14","17:00","251.6"
"Parainen Utö","2020","5","14","18:00","96.7"
"Parainen Utö","2020","5","14","19:00","16.8"
"Parainen Utö","2020","5","14","20:00","-1.3"
"Parainen Utö","2020","5","14","21:00","-2.1"
"Parainen Utö","2020","5","14","22:00","-2.3"
"Parainen Utö","2020","5","14","23:00","-2.2"
"Parainen Utö","2020","5","15","00:00","-1.9"
"Parainen Utö","2020","5","15","01:00","-2"
"Parainen Utö","2020","5","15","02:00","-1.5"
"Parainen Utö","2020","5","15","03:00","9.2"
"Parainen Utö","2020","5","15","04:00","93.3"
"Parainen Utö","2020","5","15","05:00","164.5"
"Parainen Utö","2020","5","15","06:00","280.4"
"Parainen Utö","2020","5","15","07:00","529.5"
"Parainen Utö","2020","5","15","08:00","654.5"
"Parainen Utö","2020","5","15","09:00","767.2"
"Parainen Utö","2020","5","15","10:00","679.8"
"Parainen Utö","2020","5","15","11:00","534.7"
"Parainen Utö","2020","5","15","12:00","624.3"
"Parainen Utö","2020","5","15","13:00","612.1"
"Parainen Utö","2020","5","15","14:00","493.5"
"Parainen Utö","2020","5","15","15:00","350.6"
"Parainen Utö","2020","5","15","16:00","179.9"
"Parainen Utö","2020","5","15","17:00","74.6"
"Parainen Utö","2020","5","15","18:00","39.4"
"Parainen Utö","2020","5","15","19:00","9.1"
"Parainen Utö","2020","5","15","20:00","-1.8"
"Parainen Utö","2020","5","15","21:00","-1.7"
"Parainen Utö","2020","5","15","22:00","-1.9"
"Parainen Utö","2020","5","15","23:00","-1.6"
"Parainen Utö","2020","5","16","00:00","-1.1"
"Parainen Utö","2020","5","16","01:00","-1.2"
"Parainen Utö","2020","5","16","02:00","-1"
"Parainen Utö","2020","5","16","03:00","5.8"
"Parainen Utö","2020","5","16","04:00","13.8"
"Parainen Utö","2020","5","16","05:00","87.7"
"Parainen Utö","2020","5","16","06:00","150.6"
"Parainen Utö","2020","5","16","07:00","272"
"Parainen Utö","2020","5","16","08:00","116.3"
"Parainen Utö","2020","5","16","09:00","269"
"Parainen Utö","2020","5","16","10:00","582.4"
"Parainen Utö","2020","5","16","11:00","424.2"
"Parainen Utö","2020","5","16","12:00","350.1"
"Parainen Utö","2020","5","16","13:00","390.8"
"Parainen Utö","2020","5","16","14:00","440.1"
"Parainen Utö","2020","5","16","15:00","535.3"
"Parainen Utö","2020","5","16","16:00","374"
"Parainen Utö","2020","5","16","17:00","254.8"
"Parainen Utö","2020","5","16","18:00","107"
"Parainen Utö","2020","5","16","19:00","36.5"
"Parainen Utö","2020","5","16","20:00","-1.1"
"Parainen Utö","2020","5","16","21:00","-2.9"
"Parainen Utö","2020","5","16","22:00","-1.8"
"Parainen Utö","2020","5","16","23:00","-1.6"
"Parainen Utö","2020","5","17","00:00","-1.7"
"Parainen Utö","2020","5","17","01:00","-2.3"
"Parainen Utö","2020","5","17","02:00","-0.9"
"Parainen Utö","2020","5","17","03:00","20"
"Parainen Utö","2020","5","17","04:00","68.9"
"Parainen Utö","2020","5","17","05:00","270.9"
"Parainen Utö","2020","5","17","06:00","343.6"
"Parainen Utö","2020","5","17","07:00","357"
"Parainen Utö","2020","5","17","08:00","445"
"Parainen Utö","2020","5","17","09:00","353.6"
"Parainen Utö","2020","5","17","10:00","536.8"
"Parainen Utö","2020","5","17","11:00","774.7"
"Parainen Utö","2020","5","17","12:00","805.2"
"Parainen Utö","2020","5","17","13:00","554.5"
"Parainen Utö","2020","5","17","14:00","406.7"
"Parainen Utö","2020","5","17","15:00","368.4"
"Parainen Utö","2020","5","17","16:00","164.6"
"Parainen Utö","2020","5","17","17:00","222.1"
"Parainen Utö","2020","5","17","18:00","133.2"
"Parainen Utö","2020","5","17","19:00","29.6"
"Parainen Utö","2020","5","17","20:00","0.1"
"Parainen Utö","2020","5","17","21:00","-2.8"
"Parainen Utö","2020","5","17","22:00","-2.9"
"Parainen Utö","2020","5","17","23:00","-3"
"Parainen Utö","2020","5","18","00:00","-3"
"Parainen Utö","2020","5","18","01:00","-3"
"Parainen Utö","2020","5","18","02:00","-0.9"
"Parainen Utö","2020","5","18","03:00","28.5"
"Parainen Utö","2020","5","18","04:00","124.3"
"Parainen Utö","2020","5","18","05:00","214.8"
"Parainen Utö","2020","5","18","06:00","397"
"Parainen Utö","2020","5","18","07:00","533.6"
"Parainen Utö","2020","5","18","08:00","657.2"
"Parainen Utö","2020","5","18","09:00","748.9"
"Parainen Utö","2020","5","18","10:00","806.3"
"Parainen Utö","2020","5","18","11:00","823.9"
"Parainen Utö","2020","5","18","12:00","783.9"
"Parainen Utö","2020","5","18","13:00","674.8"
"Parainen Utö","2020","5","18","14:00","650.2"
"Parainen Utö","2020","5","18","15:00","523.4"
"Parainen Utö","2020","5","18","16:00","205.5"
"Parainen Utö","2020","5","18","17:00","117.6"
"Parainen Utö","2020","5","18","18:00","64.8"
"Parainen Utö","2020","5","18","19:00","45"
"Parainen Utö","2020","5","18","20:00","0"
"Parainen Utö","2020","5","18","21:00","-2.8"
"Parainen Utö","2020","5","18","22:00","-3"
"Parainen Utö","2020","5","18","23:00","-2.7"
"Parainen Utö","2020","5","19","00:00","-2.3"
"Parainen Utö","2020","5","19","01:00","-2"
"Parainen Utö","2020","5","19","02:00","0.4"
"Parainen Utö","2020","5","19","03:00","31.7"
"Parainen Utö","2020","5","19","04:00","104.7"
"Parainen Utö","2020","5","19","05:00","191.6"
"Parainen Utö","2020","5","19","06:00","341.1"
"Parainen Utö","2020","5","19","07:00","552.5"
"Parainen Utö","2020","5","19","08:00","659.7"
"Parainen Utö","2020","5","19","09:00","709.9"
"Parainen Utö","2020","5","19","10:00","781.2"
"Parainen Utö","2020","5","19","11:00","569.6"
"Parainen Utö","2020","5","19","12:00","587.8"
"Parainen Utö","2020","5","19","13:00","639.3"
"Parainen Utö","2020","5","19","14:00","633.2"
"Parainen Utö","2020","5","19","15:00","541.9"
"Parainen Utö","2020","5","19","16:00","376.5"
"Parainen Utö","2020","5","19","17:00","268.5"
"Parainen Utö","2020","5","19","18:00","139.4"
"Parainen Utö","2020","5","19","19:00","33.9"
"Parainen Utö","2020","5","19","20:00","0.3"
"Parainen Utö","2020","5","19","21:00","-3"
"Parainen Utö","2020","5","19","22:00","-3.1"
"Parainen Utö","2020","5","19","23:00","-3"
"Parainen Utö","2020","5","20","00:00","-2.6"
"Parainen Utö","2020","5","20","01:00","-2.6"
"Parainen Utö","2020","5","20","02:00","0"
"Parainen Utö","2020","5","20","03:00","27.3"
"Parainen Utö","2020","5","20","04:00","131"
"Parainen Utö","2020","5","20","05:00","269.4"
"Parainen Utö","2020","5","20","06:00","405.2"
"Parainen Utö","2020","5","20","07:00","542.6"
"Parainen Utö","2020","5","20","08:00","661.9"
"Parainen Utö","2020","5","20","09:00","752.1"
"Parainen Utö","2020","5","20","10:00","809.5"
"Parainen Utö","2020","5","20","11:00","829.9"
"Parainen Utö","2020","5","20","12:00","806.3"
"Parainen Utö","2020","5","20","13:00","667"
"Parainen Utö","2020","5","20","14:00","657.4"
"Parainen Utö","2020","5","20","15:00","542.8"
"Parainen Utö","2020","5","20","16:00","410.5"
"Parainen Utö","2020","5","20","17:00","273.6"
"Parainen Utö","2020","5","20","18:00","143.3"
"Parainen Utö","2020","5","20","19:00","36.5"
"Parainen Utö","2020","5","20","20:00","0.7"
"Parainen Utö","2020","5","20","21:00","-3.1"
"Parainen Utö","2020","5","20","22:00","-3"
"Parainen Utö","2020","5","20","23:00","-2.9"
"Parainen Utö","2020","5","21","00:00","-2.9"
"Parainen Utö","2020","5","21","01:00","-3.1"
"Parainen Utö","2020","5","21","02:00","-0.2"
"Parainen Utö","2020","5","21","03:00","33.9"
"Parainen Utö","2020","5","21","04:00","138.9"
"Parainen Utö","2020","5","21","05:00","269.1"
"Parainen Utö","2020","5","21","06:00","409.3"
"Parainen Utö","2020","5","21","07:00","544.8"
"Parainen Utö","2020","5","21","08:00","663.9"
"Parainen Utö","2020","5","21","09:00","757.2"
"Parainen Utö","2020","5","21","10:00","817.6"
"Parainen Utö","2020","5","21","11:00","838.6"
"Parainen Utö","2020","5","21","12:00","817.3"
"Parainen Utö","2020","5","21","13:00","683.9"
"Parainen Utö","2020","5","21","14:00","661.4"
"Parainen Utö","2020","5","21","15:00","543"
"Parainen Utö","2020","5","21","16:00","410.2"
"Parainen Utö","2020","5","21","17:00","270.2"
"Parainen Utö","2020","5","21","18:00","141.4"
"Parainen Utö","2020","5","21","19:00","38.6"
"Parainen Utö","2020","5","21","20:00","1.4"
"Parainen Utö","2020","5","21","21:00","-2.7"
"Parainen Utö","2020","5","21","22:00","-3"
"Parainen Utö","2020","5","21","23:00","-3"
"Parainen Utö","2020","5","22","00:00","-3"
"Parainen Utö","2020","5","22","01:00","-2.8"
"Parainen Utö","2020","5","22","02:00","0.8"
"Parainen Utö","2020","5","22","03:00","35"
"Parainen Utö","2020","5","22","04:00","139.4"
"Parainen Utö","2020","5","22","05:00","266.4"
"Parainen Utö","2020","5","22","06:00","406.3"
"Parainen Utö","2020","5","22","07:00","541.5"
"Parainen Utö","2020","5","22","08:00","659.9"
"Parainen Utö","2020","5","22","09:00","751.9"
"Parainen Utö","2020","5","22","10:00","810.4"
"Parainen Utö","2020","5","22","11:00","830.5"
"Parainen Utö","2020","5","22","12:00","806.9"
"Parainen Utö","2020","5","22","13:00","676.9"
"Parainen Utö","2020","5","22","14:00","657.5"
"Parainen Utö","2020","5","22","15:00","542.9"
"Parainen Utö","2020","5","22","16:00","412.1"
"Parainen Utö","2020","5","22","17:00","278.1"
"Parainen Utö","2020","5","22","18:00","149.8"
"Parainen Utö","2020","5","22","19:00","42.5"
"Parainen Utö","2020","5","22","20:00","1.6"
"Parainen Utö","2020","5","22","21:00","-3.1"
"Parainen Utö","2020","5","22","22:00","-3"
"Parainen Utö","2020","5","22","23:00","-3.1"
"Parainen Utö","2020","5","23","00:00","-3.1"
"Parainen Utö","2020","5","23","01:00","-3"
"Parainen Utö","2020","5","23","02:00","1.1"
"Parainen Utö","2020","5","23","03:00","39.8"
"Parainen Utö","2020","5","23","04:00","168.8"
"Parainen Utö","2020","5","23","05:00","260.2"
"Parainen Utö","2020","5","23","06:00","387.4"
"Parainen Utö","2020","5","23","07:00","527.1"
"Parainen Utö","2020","5","23","08:00","583.4"
"Parainen Utö","2020","5","23","09:00","745.2"
"Parainen Utö","2020","5","23","10:00","805.4"
"Parainen Utö","2020","5","23","11:00","805.4"
"Parainen Utö","2020","5","23","12:00","638.7"
"Parainen Utö","2020","5","23","13:00","491.2"
"Parainen Utö","2020","5","23","14:00","369.6"
"Parainen Utö","2020","5","23","15:00","251.6"
"Parainen Utö","2020","5","23","16:00","141.2"
"Parainen Utö","2020","5","23","17:00","70.4"
"Parainen Utö","2020","5","23","18:00","29.3"
"Parainen Utö","2020","5","23","19:00","9.2"
"Parainen Utö","2020","5","23","20:00","-0.3"
"Parainen Utö","2020","5","23","21:00","-1.3"
"Parainen Utö","2020","5","23","22:00","-2.9"
"Parainen Utö","2020","5","23","23:00","-2.3"
"Parainen Utö","2020","5","24","00:00","-1.7"
"Parainen Utö","2020","5","24","01:00","-1.5"
"Parainen Utö","2020","5","24","02:00","-0.5"
"Parainen Utö","2020","5","24","03:00","12.6"
"Parainen Utö","2020","5","24","04:00","30.5"
"Parainen Utö","2020","5","24","05:00","23.5"
"Parainen Utö","2020","5","24","06:00","37.2"
"Parainen Utö","2020","5","24","07:00","201.6"
"Parainen Utö","2020","5","24","08:00","265.4"
"Parainen Utö","2020","5","24","09:00","243.6"
"Parainen Utö","2020","5","24","10:00","340.1"
"Parainen Utö","2020","5","24","11:00","401.9"
"Parainen Utö","2020","5","24","12:00","402.3"
"Parainen Utö","2020","5","24","13:00","311.7"
"Parainen Utö","2020","5","24","14:00","218.5"
"Parainen Utö","2020","5","24","15:00","201.2"
"Parainen Utö","2020","5","24","16:00","177.3"
"Parainen Utö","2020","5","24","17:00","130.1"
"Parainen Utö","2020","5","24","18:00","71.7"
"Parainen Utö","2020","5","24","19:00","20.7"
"Parainen Utö","2020","5","24","20:00","2.1"
"Parainen Utö","2020","5","24","21:00","-0.8"
"Parainen Utö","2020","5","24","22:00","-0.6"
"Parainen Utö","2020","5","24","23:00","-0.7"
"Parainen Utö","2020","5","25","00:00","-0.6"
"Parainen Utö","2020","5","25","01:00","-0.7"
"Parainen Utö","2020","5","25","02:00","1"
"Parainen Utö","2020","5","25","03:00","11.5"
"Parainen Utö","2020","5","25","04:00","30.6"
"Parainen Utö","2020","5","25","05:00","72.7"
"Parainen Utö","2020","5","25","06:00","139.7"
"Parainen Utö","2020","5","25","07:00","190.6"
"Parainen Utö","2020","5","25","08:00","196.5"
"Parainen Utö","2020","5","25","09:00","394.6"
"Parainen Utö","2020","5","25","10:00","370.9"
"Parainen Utö","2020","5","25","11:00","501.2"
"Parainen Utö","2020","5","25","12:00","591.2"
"Parainen Utö","2020","5","25","13:00","520.2"
"Parainen Utö","2020","5","25","14:00","607"
"Parainen Utö","2020","5","25","15:00","539.9"
"Parainen Utö","2020","5","25","16:00","410.7"
"Parainen Utö","2020","5","25","17:00","274.9"
"Parainen Utö","2020","5","25","18:00","146.8"
"Parainen Utö","2020","5","25","19:00","45.2"
"Parainen Utö","2020","5","25","20:00","3.6"
"Parainen Utö","2020","5","25","21:00","-2.4"
"Parainen Utö","2020","5","25","22:00","-2.5"
"Parainen Utö","2020","5","25","23:00","-2.5"
"Parainen Utö","2020","5","26","00:00","-2.6"
"Parainen Utö","2020","5","26","01:00","-2.2"
"Parainen Utö","2020","5","26","02:00","2.6"
"Parainen Utö","2020","5","26","03:00","42.5"
"Parainen Utö","2020","5","26","04:00","148.6"
"Parainen Utö","2020","5","26","05:00","275.4"
"Parainen Utö","2020","5","26","06:00","410.9"
"Parainen Utö","2020","5","26","07:00","540.3"
"Parainen Utö","2020","5","26","08:00","652.9"
"Parainen Utö","2020","5","26","09:00","743"
"Parainen Utö","2020","5","26","10:00","802.6"
"Parainen Utö","2020","5","26","11:00","823.5"
"Parainen Utö","2020","5","26","12:00","804.1"
"Parainen Utö","2020","5","26","13:00","672.5"
"Parainen Utö","2020","5","26","14:00","660.6"
"Parainen Utö","2020","5","26","15:00","546.9"
"Parainen Utö","2020","5","26","16:00","418.7"
"Parainen Utö","2020","5","26","17:00","285.3"
"Parainen Utö","2020","5","26","18:00","154.1"
"Parainen Utö","2020","5","26","19:00","28.3"
"Parainen Utö","2020","5","26","20:00","1"
"Parainen Utö","2020","5","26","21:00","-2.7"
"Parainen Utö","2020","5","26","22:00","-2.8"
"Parainen Utö","2020","5","26","23:00","-2.7"
"Parainen Utö","2020","5","27","00:00","-2.5"
"Parainen Utö","2020","5","27","01:00","-2.5"
"Parainen Utö","2020","5","27","02:00","2.9"
"Parainen Utö","2020","5","27","03:00","49.4"
"Parainen Utö","2020","5","27","04:00","132.3"
"Parainen Utö","2020","5","27","05:00","205.9"
"Parainen Utö","2020","5","27","06:00","376.4"
"Parainen Utö","2020","5","27","07:00","523.4"
"Parainen Utö","2020","5","27","08:00","648.1"
"Parainen Utö","2020","5","27","09:00","699.6"
"Parainen Utö","2020","5","27","10:00","553.5"
"Parainen Utö","2020","5","27","11:00","389"
"Parainen Utö","2020","5","27","12:00","426.7"
"Parainen Utö","2020","5","27","13:00","415.3"
"Parainen Utö","2020","5","27","14:00","472.3"
"Parainen Utö","2020","5","27","15:00","293.8"
"Parainen Utö","2020","5","27","16:00","233.2"
"Parainen Utö","2020","5","27","17:00","132.9"
"Parainen Utö","2020","5","27","18:00","66.2"
"Parainen Utö","2020","5","27","19:00","28.5"
"Parainen Utö","2020","5","27","20:00","1.1"
"Parainen Utö","2020","5","27","21:00","-1.6"
"Parainen Utö","2020","5","27","22:00","-1.4"
"Parainen Utö","2020","5","27","23:00","-1.4"
"Parainen Utö","2020","5","28","00:00","-1.7"
"Parainen Utö","2020","5","28","01:00","-1.9"
"Parainen Utö","2020","5","28","02:00","2.4"
"Parainen Utö","2020","5","28","03:00","42"
"Parainen Utö","2020","5","28","04:00","150.5"
"Parainen Utö","2020","5","28","05:00","279.8"
"Parainen Utö","2020","5","28","06:00","419.8"
"Parainen Utö","2020","5","28","07:00","553.9"
"Parainen Utö","2020","5","28","08:00","672.2"
"Parainen Utö","2020","5","28","09:00","763.2"
"Parainen Utö","2020","5","28","10:00","822.3"
"Parainen Utö","2020","5","28","11:00","838.1"
"Parainen Utö","2020","5","28","12:00","818.6"
"Parainen Utö","2020","5","28","13:00","680"
"Parainen Utö","2020","5","28","14:00","670.9"
"Parainen Utö","2020","5","28","15:00","556.4"
"Parainen Utö","2020","5","28","16:00","426.4"
"Parainen Utö","2020","5","28","17:00","293.6"
"Parainen Utö","2020","5","28","18:00","167.4"
"Parainen Utö","2020","5","28","19:00","54.6"
"Parainen Utö","2020","5","28","20:00","4.3"
"Parainen Utö","2020","5","28","21:00","-2.6"
"Parainen Utö","2020","5","28","22:00","-2.7"
"Parainen Utö","2020","5","28","23:00","-2.9"
"Parainen Utö","2020","5","29","00:00","-2.7"
"Parainen Utö","2020","5","29","01:00","-2.4"
"Parainen Utö","2020","5","29","02:00","3.3"
"Parainen Utö","2020","5","29","03:00","47.4"
"Parainen Utö","2020","5","29","04:00","156.3"
"Parainen Utö","2020","5","29","05:00","283.8"
"Parainen Utö","2020","5","29","06:00","421.5"
"Parainen Utö","2020","5","29","07:00","552.2"
"Parainen Utö","2020","5","29","08:00","668.1"
"Parainen Utö","2020","5","29","09:00","756"
"Parainen Utö","2020","5","29","10:00","811.9"
"Parainen Utö","2020","5","29","11:00","831.1"
"Parainen Utö","2020","5","29","12:00","811.8"
"Parainen Utö","2020","5","29","13:00","678.9"
"Parainen Utö","2020","5","29","14:00","666.7"
"Parainen Utö","2020","5","29","15:00","552.7"
"Parainen Utö","2020","5","29","16:00","423.5"
"Parainen Utö","2020","5","29","17:00","289.5"
"Parainen Utö","2020","5","29","18:00","163.3"
"Parainen Utö","2020","5","29","19:00","55.5"
"Parainen Utö","2020","5","29","20:00","4.4"
"Parainen Utö","2020","5","29","21:00","-2.2"
"Parainen Utö","2020","5","29","22:00","-2.7"
"Parainen Utö","2020","5","29","23:00","-2.7"
"Parainen Utö","2020","5","30","00:00","-2.5"
"Parainen Utö","2020","5","30","01:00","-2"
"Parainen Utö","2020","5","30","02:00","4.4"
"Parainen Utö","2020","5","30","03:00","51.4"
"Parainen Utö","2020","5","30","04:00","88"
"Parainen Utö","2020","5","30","05:00","278.3"
"Parainen Utö","2020","5","30","06:00","407"
"Parainen Utö","2020","5","30","07:00","552.5"
"Parainen Utö","2020","5","30","08:00","668.8"
"Parainen Utö","2020","5","30","09:00","757.6"
"Parainen Utö","2020","5","30","10:00","814.8"
"Parainen Utö","2020","5","30","11:00","836.2"
"Parainen Utö","2020","5","30","12:00","818.2"
"Parainen Utö","2020","5","30","13:00","692.5"
"Parainen Utö","2020","5","30","14:00","670.7"
"Parainen Utö","2020","5","30","15:00","555.9"
"Parainen Utö","2020","5","30","16:00","428.5"
"Parainen Utö","2020","5","30","17:00","293.6"
"Parainen Utö","2020","5","30","18:00","165.3"
"Parainen Utö","2020","5","30","19:00","58.6"
"Parainen Utö","2020","5","30","20:00","5.5"
"Parainen Utö","2020","5","30","21:00","-2.4"
"Parainen Utö","2020","5","30","22:00","-2.7"
"Parainen Utö","2020","5","30","23:00","-2.9"
"Parainen Utö","2020","5","31","00:00","-3"
"Parainen Utö","2020","5","31","01:00","-2.5"
"Parainen Utö","2020","5","31","02:00","4.8"
"Parainen Utö","2020","5","31","03:00","51.8"
"Parainen Utö","2020","5","31","04:00","160.6"
"Parainen Utö","2020","5","31","05:00","287.9"
"Parainen Utö","2020","5","31","06:00","424.7"
"Parainen Utö","2020","5","31","07:00","554.7"
"Parainen Utö","2020","5","31","08:00","668.2"
"Parainen Utö","2020","5","31","09:00","756"
"Parainen Utö","2020","5","31","10:00","807.6"
"Parainen Utö","2020","5","31","11:00","822.1"
"Parainen Utö","2020","5","31","12:00","803.8"
"Parainen Utö","2020","5","31","13:00","686.8"
"Parainen Utö","2020","5","31","14:00","659.7"
"Parainen Utö","2020","5","31","15:00","551.8"
"Parainen Utö","2020","5","31","16:00","424.6"
"Parainen Utö","2020","5","31","17:00","284.7"
"Parainen Utö","2020","5","31","18:00","162.9"
"Parainen Utö","2020","5","31","19:00","56.3"
"Parainen Utö","2020","5","31","20:00","6.2"
"Parainen Utö","2020","5","31","21:00","-1.9"
"Parainen Utö","2020","5","31","22:00","-2.2"
"Parainen Utö","2020","5","31","23:00","-2.4"
"Parainen Utö","2020","6","1","00:00","-2.3"
"Parainen Utö","2020","6","1","01:00","-1.7"
"Parainen Utö","2020","6","1","02:00","5.4"
"Parainen Utö","2020","6","1","03:00","50.6"
"Parainen Utö","2020","6","1","04:00","151.2"
"Parainen Utö","2020","6","1","05:00","273.7"
"Parainen Utö","2020","6","1","06:00","410"
"Parainen Utö","2020","6","1","07:00","454.7"
"Parainen Utö","2020","6","1","08:00","655.9"
"Parainen Utö","2020","6","1","09:00","732.2"
"Parainen Utö","2020","6","1","10:00","788.6"
"Parainen Utö","2020","6","1","11:00","810.1"
"Parainen Utö","2020","6","1","12:00","792.5"
"Parainen Utö","2020","6","1","13:00","679.4"
"Parainen Utö","2020","6","1","14:00","649.9"
"Parainen Utö","2020","6","1","15:00","531.9"
"Parainen Utö","2020","6","1","16:00","446.4"
"Parainen Utö","2020","6","1","17:00","320.2"
"Parainen Utö","2020","6","1","18:00","199.1"
"Parainen Utö","2020","6","1","19:00","69.7"
"Parainen Utö","2020","6","1","20:00","10.5"
"Parainen Utö","2020","6","1","21:00","-2"
"Parainen Utö","2020","6","1","22:00","-2.3"
"Parainen Utö","2020","6","1","23:00","-2.6"
"Parainen Utö","2020","6","2","00:00","-2.6"
"Parainen Utö","2020","6","2","01:00","-2.4"
"Parainen Utö","2020","6","2","02:00","5.4"
"Parainen Utö","2020","6","2","03:00","51"
"Parainen Utö","2020","6","2","04:00","152"
"Parainen Utö","2020","6","2","05:00","282"
"Parainen Utö","2020","6","2","06:00","419.1"
"Parainen Utö","2020","6","2","07:00","550.1"
"Parainen Utö","2020","6","2","08:00","664.3"
"Parainen Utö","2020","6","2","09:00","753"
"Parainen Utö","2020","6","2","10:00","810.4"
"Parainen Utö","2020","6","2","11:00","831.8"
"Parainen Utö","2020","6","2","12:00","814.3"
"Parainen Utö","2020","6","2","13:00","693.6"
"Parainen Utö","2020","6","2","14:00","671.1"
"Parainen Utö","2020","6","2","15:00","559.3"
"Parainen Utö","2020","6","2","16:00","432.5"
"Parainen Utö","2020","6","2","17:00","296.8"
"Parainen Utö","2020","6","2","18:00","173.3"
"Parainen Utö","2020","6","2","19:00","68.3"
"Parainen Utö","2020","6","2","20:00","7.4"
"Parainen Utö","2020","6","2","21:00","-2.8"
"Parainen Utö","2020","6","2","22:00","-3"
"Parainen Utö","2020","6","2","23:00","-2.8"
"Parainen Utö","2020","6","3","00:00","-2.9"
"Parainen Utö","2020","6","3","01:00","-2.6"
"Parainen Utö","2020","6","3","02:00","8.4"
"Parainen Utö","2020","6","3","03:00","63.5"
"Parainen Utö","2020","6","3","04:00","169.3"
"Parainen Utö","2020","6","3","05:00","293.7"
"Parainen Utö","2020","6","3","06:00","426.7"
"Parainen Utö","2020","6","3","07:00","557.3"
"Parainen Utö","2020","6","3","08:00","676.6"
"Parainen Utö","2020","6","3","09:00","766.5"
"Parainen Utö","2020","6","3","10:00","826.3"
"Parainen Utö","2020","6","3","11:00","848.4"
"Parainen Utö","2020","6","3","12:00","832.5"
"Parainen Utö","2020","6","3","13:00","704.5"
"Parainen Utö","2020","6","3","14:00","685.2"
"Parainen Utö","2020","6","3","15:00","568.3"
"Parainen Utö","2020","6","3","16:00","439.4"
"Parainen Utö","2020","6","3","17:00","305.1"
"Parainen Utö","2020","6","3","18:00","172.6"
"Parainen Utö","2020","6","3","19:00","64.3"
"Parainen Utö","2020","6","3","20:00","7"
"Parainen Utö","2020","6","3","21:00","-1.9"
"Parainen Utö","2020","6","3","22:00","-2.3"
"Parainen Utö","2020","6","3","23:00","-1.9"
"Parainen Utö","2020","6","4","00:00","-1.3"
"Parainen Utö","2020","6","4","01:00","-1.2"
"Parainen Utö","2020","6","4","02:00","6.8"
"Parainen Utö","2020","6","4","03:00","58.6"
"Parainen Utö","2020","6","4","04:00","132.1"
"Parainen Utö","2020","6","4","05:00","240.1"
"Parainen Utö","2020","6","4","06:00","367.7"
"Parainen Utö","2020","6","4","07:00","472"
"Parainen Utö","2020","6","4","08:00","323.2"
"Parainen Utö","2020","6","4","09:00","233.7"
"Parainen Utö","2020","6","4","10:00","403.3"
"Parainen Utö","2020","6","4","11:00","629.9"
"Parainen Utö","2020","6","4","12:00","798.7"
"Parainen Utö","2020","6","4","13:00","675.1"
"Parainen Utö","2020","6","4","14:00","650.4"
"Parainen Utö","2020","6","4","15:00","432.6"
"Parainen Utö","2020","6","4","16:00","294.3"
"Parainen Utö","2020","6","4","17:00","141.2"
"Parainen Utö","2020","6","4","18:00","122.2"
"Parainen Utö","2020","6","4","19:00","34.3"
"Parainen Utö","2020","6","4","20:00","7.4"
"Parainen Utö","2020","6","4","21:00","-1.2"
"Parainen Utö","2020","6","4","22:00","-1.5"
"Parainen Utö","2020","6","4","23:00","-1.5"
"Parainen Utö","2020","6","5","00:00","-1.7"
"Parainen Utö","2020","6","5","01:00","-1.6"
"Parainen Utö","2020","6","5","02:00","2.9"
"Parainen Utö","2020","6","5","03:00","35.5"
"Parainen Utö","2020","6","5","04:00","111.4"
"Parainen Utö","2020","6","5","05:00","332.9"
"Parainen Utö","2020","6","5","06:00","235.1"
"Parainen Utö","2020","6","5","07:00","532"
"Parainen Utö","2020","6","5","08:00","658.3"
"Parainen Utö","2020","6","5","09:00","747.4"
"Parainen Utö","2020","6","5","10:00","804.8"
"Parainen Utö","2020","6","5","11:00","821.8"
"Parainen Utö","2020","6","5","12:00","813.7"
"Parainen Utö","2020","6","5","13:00","684.8"
"Parainen Utö","2020","6","5","14:00","663.7"
"Parainen Utö","2020","6","5","15:00","513"
"Parainen Utö","2020","6","5","16:00","315.2"
"Parainen Utö","2020","6","5","17:00","209.5"
"Parainen Utö","2020","6","5","18:00","75.3"
"Parainen Utö","2020","6","5","19:00","33.8"
"Parainen Utö","2020","6","5","20:00","5.7"
"Parainen Utö","2020","6","5","21:00","-1.6"
"Parainen Utö","2020","6","5","22:00","-2.1"
"Parainen Utö","2020","6","5","23:00","-1.8"
"Parainen Utö","2020","6","6","00:00","-1.8"
"Parainen Utö","2020","6","6","01:00","-1.5"
"Parainen Utö","2020","6","6","02:00","3.2"
"Parainen Utö","2020","6","6","03:00","3.4"
"Parainen Utö","2020","6","6","04:00","7"
"Parainen Utö","2020","6","6","05:00","31.7"
"Parainen Utö","2020","6","6","06:00","131.9"
"Parainen Utö","2020","6","6","07:00","144.4"
"Parainen Utö","2020","6","6","08:00","233.7"
"Parainen Utö","2020","6","6","09:00","747.2"
"Parainen Utö","2020","6","6","10:00","731.1"
"Parainen Utö","2020","6","6","11:00","305.7"
"Parainen Utö","2020","6","6","12:00","157"
"Parainen Utö","2020","6","6","13:00","464"
"Parainen Utö","2020","6","6","14:00","224.1"
"Parainen Utö","2020","6","6","15:00","194.9"
"Parainen Utö","2020","6","6","16:00","151.8"
"Parainen Utö","2020","6","6","17:00","130.3"
"Parainen Utö","2020","6","6","18:00","18.7"
"Parainen Utö","2020","6","6","19:00","17"
"Parainen Utö","2020","6","6","20:00","4.3"
"Parainen Utö","2020","6","6","21:00","-1.3"
"Parainen Utö","2020","6","6","22:00","-2"
"Parainen Utö","2020","6","6","23:00","-2.7"
"Parainen Utö","2020","6","7","00:00","-3"
"Parainen Utö","2020","6","7","01:00","-2.4"
"Parainen Utö","2020","6","7","02:00","5"
"Parainen Utö","2020","6","7","03:00","56.3"
"Parainen Utö","2020","6","7","04:00","162.8"
"Parainen Utö","2020","6","7","05:00","294.6"
"Parainen Utö","2020","6","7","06:00","430.3"
"Parainen Utö","2020","6","7","07:00","533"
"Parainen Utö","2020","6","7","08:00","672.6"
"Parainen Utö","2020","6","7","09:00","657.5"
"Parainen Utö","2020","6","7","10:00","680.9"
"Parainen Utö","2020","6","7","11:00","432.7"
"Parainen Utö","2020","6","7","12:00","723.9"
"Parainen Utö","2020","6","7","13:00","535.8"
"Parainen Utö","2020","6","7","14:00","426"
"Parainen Utö","2020","6","7","15:00","378"
"Parainen Utö","2020","6","7","16:00","289.1"
"Parainen Utö","2020","6","7","17:00","201.4"
"Parainen Utö","2020","6","7","18:00","124.9"
"Parainen Utö","2020","6","7","19:00","29.5"
"Parainen Utö","2020","6","7","20:00","5.5"
"Parainen Utö","2020","6","7","21:00","-1.9"
"Parainen Utö","2020","6","7","22:00","-2.6"
"Parainen Utö","2020","6","7","23:00","-2.7"
"Parainen Utö","2020","6","8","00:00","-2.6"
"Parainen Utö","2020","6","8","01:00","-1.8"
"Parainen Utö","2020","6","8","02:00","6.6"
"Parainen Utö","2020","6","8","03:00","43.1"
"Parainen Utö","2020","6","8","04:00","90.6"
"Parainen Utö","2020","6","8","05:00","80.2"
"Parainen Utö","2020","6","8","06:00","165"
"Parainen Utö","2020","6","8","07:00","228.3"
"Parainen Utö","2020","6","8","08:00","221.2"
"Parainen Utö","2020","6","8","09:00","165.9"
"Parainen Utö","2020","6","8","10:00","197.8"
"Parainen Utö","2020","6","8","11:00","151.5"
"Parainen Utö","2020","6","8","12:00","173.2"
"Parainen Utö","2020","6","8","13:00","151.9"
"Parainen Utö","2020","6","8","14:00","165.7"
"Parainen Utö","2020","6","8","15:00","166"
"Parainen Utö","2020","6","8","16:00","110.8"
"Parainen Utö","2020","6","8","17:00","63.5"
"Parainen Utö","2020","6","8","18:00","35.9"
"Parainen Utö","2020","6","8","19:00","12"
"Parainen Utö","2020","6","8","20:00","4.9"
"Parainen Utö","2020","6","8","21:00","-1"
"Parainen Utö","2020","6","8","22:00","-1.2"
"Parainen Utö","2020","6","8","23:00","-1.2"
"Parainen Utö","2020","6","9","00:00","-1.1"
"Parainen Utö","2020","6","9","01:00","-1.2"
"Parainen Utö","2020","6","9","02:00","3.6"
"Parainen Utö","2020","6","9","03:00","28.2"
"Parainen Utö","2020","6","9","04:00","64.5"
"Parainen Utö","2020","6","9","05:00","126.3"
"Parainen Utö","2020","6","9","06:00","286.8"
"Parainen Utö","2020","6","9","07:00","562.2"
"Parainen Utö","2020","6","9","08:00","675.1"
"Parainen Utö","2020","6","9","09:00","762.4"
"Parainen Utö","2020","6","9","10:00","817.4"
"Parainen Utö","2020","6","9","11:00","838.8"
"Parainen Utö","2020","6","9","12:00","818.3"
"Parainen Utö","2020","6","9","13:00","686.7"
"Parainen Utö","2020","6","9","14:00","668.7"
"Parainen Utö","2020","6","9","15:00","573"
"Parainen Utö","2020","6","9","16:00","437.5"
"Parainen Utö","2020","6","9","17:00","305.3"
"Parainen Utö","2020","6","9","18:00","180.4"
"Parainen Utö","2020","6","9","19:00","75.4"
"Parainen Utö","2020","6","9","20:00","9.9"
"Parainen Utö","2020","6","9","21:00","-2"
"Parainen Utö","2020","6","9","22:00","-3"
"Parainen Utö","2020","6","9","23:00","-2.5"
"Parainen Utö","2020","6","10","00:00","-2.6"
"Parainen Utö","2020","6","10","01:00","-1.7"
"Parainen Utö","2020","6","10","02:00","7.1"
"Parainen Utö","2020","6","10","03:00","62.3"
"Parainen Utö","2020","6","10","04:00","171.4"
"Parainen Utö","2020","6","10","05:00","298.4"
"Parainen Utö","2020","6","10","06:00","433.8"
"Parainen Utö","2020","6","10","07:00","564"
"Parainen Utö","2020","6","10","08:00","678.1"
"Parainen Utö","2020","6","10","09:00","767.1"
"Parainen Utö","2020","6","10","10:00","824.2"
"Parainen Utö","2020","6","10","11:00","846.8"
"Parainen Utö","2020","6","10","12:00","828.2"
"Parainen Utö","2020","6","10","13:00","686"
"Parainen Utö","2020","6","10","14:00","682.9"
"Parainen Utö","2020","6","10","15:00","571"
"Parainen Utö","2020","6","10","16:00","442.7"
"Parainen Utö","2020","6","10","17:00","310.1"
"Parainen Utö","2020","6","10","18:00","186.2"
"Parainen Utö","2020","6","10","19:00","82.6"
"Parainen Utö","2020","6","10","20:00","13.3"
"Parainen Utö","2020","6","10","21:00","-0.8"
"Parainen Utö","2020","6","10","22:00","-2.5"
"Parainen Utö","2020","6","10","23:00","-2.5"
"Parainen Utö","2020","6","11","00:00","-2.5"
"Parainen Utö","2020","6","11","01:00","-1.2"
"Parainen Utö","2020","6","11","02:00","6.4"
"Parainen Utö","2020","6","11","03:00","27.7"
"Parainen Utö","2020","6","11","04:00","160.4"
"Parainen Utö","2020","6","11","05:00","296.4"
"-","2020","6","11","06:00","-"
"Parainen Utö","2020","6","11","07:00","559.9"
"Parainen Utö","2020","6","11","08:00","672.8"
"Parainen Utö","2020","6","11","09:00","762.2"
"Parainen Utö","2020","6","11","10:00","817.8"
"Parainen Utö","2020","6","11","11:00","832.8"
"Parainen Utö","2020","6","11","12:00","814.9"
"Parainen Utö","2020","6","11","13:00","675.4"
"Parainen Utö","2020","6","11","14:00","677.3"
"Parainen Utö","2020","6","11","15:00","567.5"
"Parainen Utö","2020","6","11","16:00","435.9"
"Parainen Utö","2020","6","11","17:00","309.9"
"Parainen Utö","2020","6","11","18:00","190.7"
"Parainen Utö","2020","6","11","19:00","85.5"
"Parainen Utö","2020","6","11","20:00","13.6"
"Parainen Utö","2020","6","11","21:00","-1.4"
"Parainen Utö","2020","6","11","22:00","-2.4"
"Parainen Utö","2020","6","11","23:00","-2.7"
"Parainen Utö","2020","6","12","00:00","-2.5"
"Parainen Utö","2020","6","12","01:00","-1.5"
"Parainen Utö","2020","6","12","02:00","8.1"
"Parainen Utö","2020","6","12","03:00","81.4"
"Parainen Utö","2020","6","12","04:00","170.3"
"Parainen Utö","2020","6","12","05:00","295.5"
"Parainen Utö","2020","6","12","06:00","443.5"
"Parainen Utö","2020","6","12","07:00","577.9"
"Parainen Utö","2020","6","12","08:00","675.5"
"Parainen Utö","2020","6","12","09:00","749.6"
"Parainen Utö","2020","6","12","10:00","803.4"
"Parainen Utö","2020","6","12","11:00","846.9"
"-","2020","6","12","12:00","-"
"Parainen Utö","2020","6","12","13:00","679.1"
"Parainen Utö","2020","6","12","14:00","688.5"
"Parainen Utö","2020","6","12","15:00","579.2"
"Parainen Utö","2020","6","12","16:00","452"
"Parainen Utö","2020","6","12","17:00","318.1"
"Parainen Utö","2020","6","12","18:00","190.3"
"Parainen Utö","2020","6","12","19:00","81.1"
"Parainen Utö","2020","6","12","20:00","10.8"
"Parainen Utö","2020","6","12","21:00","-2.1"
"Parainen Utö","2020","6","12","22:00","-3.4"
"Parainen Utö","2020","6","12","23:00","-3.3"
"Parainen Utö","2020","6","13","00:00","-3.3"
"Parainen Utö","2020","6","13","01:00","-2.3"
"Parainen Utö","2020","6","13","02:00","7.1"
"Parainen Utö","2020","6","13","03:00","62.5"
"Parainen Utö","2020","6","13","04:00","168.9"
"Parainen Utö","2020","6","13","05:00","296.1"
"Parainen Utö","2020","6","13","06:00","427.3"
"Parainen Utö","2020","6","13","07:00","557.2"
"Parainen Utö","2020","6","13","08:00","670.3"
"Parainen Utö","2020","6","13","09:00","757.6"
"Parainen Utö","2020","6","13","10:00","814.2"
"Parainen Utö","2020","6","13","11:00","835.5"
"Parainen Utö","2020","6","13","12:00","818.3"
"Parainen Utö","2020","6","13","13:00","665"
"Parainen Utö","2020","6","13","14:00","664.4"
"Parainen Utö","2020","6","13","15:00","569.8"
"Parainen Utö","2020","6","13","16:00","432.2"
"Parainen Utö","2020","6","13","17:00","305"
"Parainen Utö","2020","6","13","18:00","183.3"
"Parainen Utö","2020","6","13","19:00","80.7"
"Parainen Utö","2020","6","13","20:00","11.3"
"Parainen Utö","2020","6","13","21:00","-1.8"
"Parainen Utö","2020","6","13","22:00","-3"
"Parainen Utö","2020","6","13","23:00","-3.2"
"Parainen Utö","2020","6","14","00:00","-3.3"
"Parainen Utö","2020","6","14","01:00","-2.4"
"Parainen Utö","2020","6","14","02:00","6.6"
"Parainen Utö","2020","6","14","03:00","65.8"
"Parainen Utö","2020","6","14","04:00","175.2"
"Parainen Utö","2020","6","14","05:00","302.3"
"Parainen Utö","2020","6","14","06:00","436.1"
"Parainen Utö","2020","6","14","07:00","566.2"
"Parainen Utö","2020","6","14","08:00","678.7"
"Parainen Utö","2020","6","14","09:00","767.4"
"Parainen Utö","2020","6","14","10:00","824.6"
"Parainen Utö","2020","6","14","11:00","845.7"
"Parainen Utö","2020","6","14","12:00","828.5"
"Parainen Utö","2020","6","14","13:00","675.6"
"Parainen Utö","2020","6","14","14:00","687.2"
"Parainen Utö","2020","6","14","15:00","577.4"
"Parainen Utö","2020","6","14","16:00","450.8"
"Parainen Utö","2020","6","14","17:00","318.9"
"Parainen Utö","2020","6","14","18:00","192.1"
"Parainen Utö","2020","6","14","19:00","85.3"
"Parainen Utö","2020","6","14","20:00","12.1"
"Parainen Utö","2020","6","14","21:00","-1.8"
"Parainen Utö","2020","6","14","22:00","-3.2"
"Parainen Utö","2020","6","14","23:00","-3.3"
"Parainen Utö","2020","6","15","00:00","-3.1"
"Parainen Utö","2020","6","15","01:00","-2.1"
"Parainen Utö","2020","6","15","02:00","8.8"
"Parainen Utö","2020","6","15","03:00","57.8"
"Parainen Utö","2020","6","15","04:00","122.8"
"Parainen Utö","2020","6","15","05:00","233.3"
"Parainen Utö","2020","6","15","06:00","177.5"
"Parainen Utö","2020","6","15","07:00","493.5"
"Parainen Utö","2020","6","15","08:00","508.4"
"Parainen Utö","2020","6","15","09:00","701.1"
"Parainen Utö","2020","6","15","10:00","525.7"
"Parainen Utö","2020","6","15","11:00","559.1"
"Parainen Utö","2020","6","15","12:00","609.3"
"Parainen Utö","2020","6","15","13:00","310.1"
"Parainen Utö","2020","6","15","14:00","227.1"
"Parainen Utö","2020","6","15","15:00","337.7"
"Parainen Utö","2020","6","15","16:00","346.3"
"Parainen Utö","2020","6","15","17:00","223.1"
"Parainen Utö","2020","6","15","18:00","176.1"
"Parainen Utö","2020","6","15","19:00","71.3"
"Parainen Utö","2020","6","15","20:00","9.2"
"Parainen Utö","2020","6","15","21:00","-0.7"
"Parainen Utö","2020","6","15","22:00","-1.4"
"Parainen Utö","2020","6","15","23:00","-1.5"
"Parainen Utö","2020","6","16","00:00","-2.1"
"Parainen Utö","2020","6","16","01:00","-1"
"Parainen Utö","2020","6","16","02:00","3.8"
"Parainen Utö","2020","6","16","03:00","36.2"
"Parainen Utö","2020","6","16","04:00","69.3"
"Parainen Utö","2020","6","16","05:00","40.8"
"Parainen Utö","2020","6","16","06:00","146.8"
"Parainen Utö","2020","6","16","07:00","220.9"
"Parainen Utö","2020","6","16","08:00","257.7"
"Parainen Utö","2020","6","16","09:00","184.7"
"Parainen Utö","2020","6","16","10:00","33.3"
"Parainen Utö","2020","6","16","11:00","26.8"
"Parainen Utö","2020","6","16","12:00","84"
"Parainen Utö","2020","6","16","13:00","163.1"
"Parainen Utö","2020","6","16","14:00","130.2"
"Parainen Utö","2020","6","16","15:00","95.6"
"Parainen Utö","2020","6","16","16:00","74.7"
"Parainen Utö","2020","6","16","17:00","88.7"
"Parainen Utö","2020","6","16","18:00","33"
"Parainen Utö","2020","6","16","19:00","27.8"
"Parainen Utö","2020","6","16","20:00","7.3"
"Parainen Utö","2020","6","16","21:00","-1.1"
"Parainen Utö","2020","6","16","22:00","-2.7"
"Parainen Utö","2020","6","16","23:00","-2.6"
"Parainen Utö","2020","6","17","00:00","-2.6"
"Parainen Utö","2020","6","17","01:00","-1.7"
"Parainen Utö","2020","6","17","02:00","8.1"
"Parainen Utö","2020","6","17","03:00","73.7"
"Parainen Utö","2020","6","17","04:00","173"
"Parainen Utö","2020","6","17","05:00","290.4"
"Parainen Utö","2020","6","17","06:00","415.8"
"Parainen Utö","2020","6","17","07:00","498.4"
"Parainen Utö","2020","6","17","08:00","319.8"
"Parainen Utö","2020","6","17","09:00","481.3"
"Parainen Utö","2020","6","17","10:00","802.2"
"Parainen Utö","2020","6","17","11:00","485.1"
"Parainen Utö","2020","6","17","12:00","337"
"Parainen Utö","2020","6","17","13:00","677.7"
"Parainen Utö","2020","6","17","14:00","640.6"
"Parainen Utö","2020","6","17","15:00","532.5"
"Parainen Utö","2020","6","17","16:00","422.3"
"Parainen Utö","2020","6","17","17:00","101.7"
"Parainen Utö","2020","6","17","18:00","62.9"
"Parainen Utö","2020","6","17","19:00","19.3"
"Parainen Utö","2020","6","17","20:00","4.1"
"Parainen Utö","2020","6","17","21:00","-0.6"
"Parainen Utö","2020","6","17","22:00","-1"
"Parainen Utö","2020","6","17","23:00","-0.9"
"Parainen Utö","2020","6","18","00:00","-1.1"
"Parainen Utö","2020","6","18","01:00","-0.5"
"Parainen Utö","2020","6","18","02:00","2.5"
"Parainen Utö","2020","6","18","03:00","16.4"
"Parainen Utö","2020","6","18","04:00","42.2"
"Parainen Utö","2020","6","18","05:00","84.8"
"Parainen Utö","2020","6","18","06:00","94.3"
"Parainen Utö","2020","6","18","07:00","368.7"
"Parainen Utö","2020","6","18","08:00","653.1"
"Parainen Utö","2020","6","18","09:00","743.8"
"Parainen Utö","2020","6","18","10:00","808.7"
"Parainen Utö","2020","6","18","11:00","832.8"
"Parainen Utö","2020","6","18","12:00","816"
"Parainen Utö","2020","6","18","13:00","661.5"
"Parainen Utö","2020","6","18","14:00","673.3"
"Parainen Utö","2020","6","18","15:00","560.8"
"Parainen Utö","2020","6","18","16:00","438.1"
"Parainen Utö","2020","6","18","17:00","312"
"Parainen Utö","2020","6","18","18:00","191.9"
"Parainen Utö","2020","6","18","19:00","86.4"
"Parainen Utö","2020","6","18","20:00","12.4"
"Parainen Utö","2020","6","18","21:00","-1.4"
"Parainen Utö","2020","6","18","22:00","-2.7"
"Parainen Utö","2020","6","18","23:00","-2.9"
"Parainen Utö","2020","6","19","00:00","-2.6"
"Parainen Utö","2020","6","19","01:00","-1.8"
"Parainen Utö","2020","6","19","02:00","8"
"Parainen Utö","2020","6","19","03:00","64.7"
"Parainen Utö","2020","6","19","04:00","168.4"
"Parainen Utö","2020","6","19","05:00","290.2"
"Parainen Utö","2020","6","19","06:00","423.9"
"Parainen Utö","2020","6","19","07:00","551.9"
"Parainen Utö","2020","6","19","08:00","663"
"Parainen Utö","2020","6","19","09:00","750.8"
"Parainen Utö","2020","6","19","10:00","803.2"
"Parainen Utö","2020","6","19","11:00","817.7"
"Parainen Utö","2020","6","19","12:00","802.2"
"Parainen Utö","2020","6","19","13:00","650.3"
"Parainen Utö","2020","6","19","14:00","661.2"
"Parainen Utö","2020","6","19","15:00","550.6"
"Parainen Utö","2020","6","19","16:00","426.1"
"Parainen Utö","2020","6","19","17:00","298.9"
"Parainen Utö","2020","6","19","18:00","179.3"
"Parainen Utö","2020","6","19","19:00","80.2"
"Parainen Utö","2020","6","19","20:00","13"
"Parainen Utö","2020","6","19","21:00","-1.3"
"Parainen Utö","2020","6","19","22:00","-3"
"Parainen Utö","2020","6","19","23:00","-2.9"
"Parainen Utö","2020","6","20","00:00","-2.9"
"Parainen Utö","2020","6","20","01:00","-1.6"
"Parainen Utö","2020","6","20","02:00","7.8"
"Parainen Utö","2020","6","20","03:00","61.7"
"Parainen Utö","2020","6","20","04:00","161"
"Parainen Utö","2020","6","20","05:00","281.2"
"Parainen Utö","2020","6","20","06:00","411.3"
"Parainen Utö","2020","6","20","07:00","538.3"
"Parainen Utö","2020","6","20","08:00","647.2"
"Parainen Utö","2020","6","20","09:00","733.1"
"Parainen Utö","2020","6","20","10:00","789.6"
"Parainen Utö","2020","6","20","11:00","812"
"Parainen Utö","2020","6","20","12:00","799.1"
"Parainen Utö","2020","6","20","13:00","652.8"
"Parainen Utö","2020","6","20","14:00","673.9"
"Parainen Utö","2020","6","20","15:00","572"
"Parainen Utö","2020","6","20","16:00","449.5"
"Parainen Utö","2020","6","20","17:00","318.2"
"Parainen Utö","2020","6","20","18:00","188.2"
"Parainen Utö","2020","6","20","19:00","80.7"
"Parainen Utö","2020","6","20","20:00","11.7"
"Parainen Utö","2020","6","20","21:00","-1.4"
"Parainen Utö","2020","6","20","22:00","-3.2"
"Parainen Utö","2020","6","20","23:00","-3.1"
"Parainen Utö","2020","6","21","00:00","-3.3"
"Parainen Utö","2020","6","21","01:00","-2.4"
"Parainen Utö","2020","6","21","02:00","6.9"
"Parainen Utö","2020","6","21","03:00","60.6"
"Parainen Utö","2020","6","21","04:00","164.4"
"Parainen Utö","2020","6","21","05:00","287.9"
"Parainen Utö","2020","6","21","06:00","416"
"Parainen Utö","2020","6","21","07:00","534.2"
"Parainen Utö","2020","6","21","08:00","643.1"
"Parainen Utö","2020","6","21","09:00","750.1"
"Parainen Utö","2020","6","21","10:00","806.9"
"Parainen Utö","2020","6","21","11:00","828.3"
"Parainen Utö","2020","6","21","12:00","812.3"
"Parainen Utö","2020","6","21","13:00","661"
"Parainen Utö","2020","6","21","14:00","676.5"
"Parainen Utö","2020","6","21","15:00","569.3"
"Parainen Utö","2020","6","21","16:00","445"
"Parainen Utö","2020","6","21","17:00","312.9"
"Parainen Utö","2020","6","21","18:00","188"
"Parainen Utö","2020","6","21","19:00","82.7"
"Parainen Utö","2020","6","21","20:00","12.6"
"Parainen Utö","2020","6","21","21:00","-1.7"
"Parainen Utö","2020","6","21","22:00","-3.1"
"Parainen Utö","2020","6","21","23:00","-3.1"
"Parainen Utö","2020","6","22","00:00","-3.3"
"Parainen Utö","2020","6","22","01:00","-2.4"
"Parainen Utö","2020","6","22","02:00","6.7"
"Parainen Utö","2020","6","22","03:00","64.5"
"Parainen Utö","2020","6","22","04:00","173.1"
"Parainen Utö","2020","6","22","05:00","299.9"
"Parainen Utö","2020","6","22","06:00","432"
"Parainen Utö","2020","6","22","07:00","561.3"
"Parainen Utö","2020","6","22","08:00","682"
"Parainen Utö","2020","6","22","09:00","776.8"
"Parainen Utö","2020","6","22","10:00","840.2"
"Parainen Utö","2020","6","22","11:00","863.1"
"Parainen Utö","2020","6","22","12:00","850.3"
"Parainen Utö","2020","6","22","13:00","694"
"Parainen Utö","2020","6","22","14:00","716.2"
"Parainen Utö","2020","6","22","15:00","594.3"
"Parainen Utö","2020","6","22","16:00","469.2"
"Parainen Utö","2020","6","22","17:00","336.9"
"Parainen Utö","2020","6","22","18:00","203.6"
"Parainen Utö","2020","6","22","19:00","52.2"
"Parainen Utö","2020","6","22","20:00","8.5"
"Parainen Utö","2020","6","22","21:00","-1.5"
"Parainen Utö","2020","6","22","22:00","-3.4"
"Parainen Utö","2020","6","22","23:00","-3.5"
"Parainen Utö","2020","6","23","00:00","-3.3"
"Parainen Utö","2020","6","23","01:00","-2.4"
"Parainen Utö","2020","6","23","02:00","6.9"
"Parainen Utö","2020","6","23","03:00","64.4"
"Parainen Utö","2020","6","23","04:00","171.4"
"Parainen Utö","2020","6","23","05:00","296.3"
"Parainen Utö","2020","6","23","06:00","429.9"
"Parainen Utö","2020","6","23","07:00","558.4"
"Parainen Utö","2020","6","23","08:00","671.4"
"Parainen Utö","2020","6","23","09:00","761.3"
"Parainen Utö","2020","6","23","10:00","818.9"
"Parainen Utö","2020","6","23","11:00","841"
"Parainen Utö","2020","6","23","12:00","831.3"
"Parainen Utö","2020","6","23","13:00","678.1"
"Parainen Utö","2020","6","23","14:00","696.9"
"Parainen Utö","2020","6","23","15:00","587.4"
"Parainen Utö","2020","6","23","16:00","458.7"
"Parainen Utö","2020","6","23","17:00","302.1"
"Parainen Utö","2020","6","23","18:00","190.9"
"Parainen Utö","2020","6","23","19:00","87.1"
"Parainen Utö","2020","6","23","20:00","12.5"
"Parainen Utö","2020","6","23","21:00","-1.8"
"Parainen Utö","2020","6","23","22:00","-3.1"
"Parainen Utö","2020","6","23","23:00","-3.2"
"Parainen Utö","2020","6","24","00:00","-2.9"
"Parainen Utö","2020","6","24","01:00","-2.2"
"Parainen Utö","2020","6","24","02:00","6.9"
"Parainen Utö","2020","6","24","03:00","61.2"
"Parainen Utö","2020","6","24","04:00","167.1"
"Parainen Utö","2020","6","24","05:00","292.3"
"Parainen Utö","2020","6","24","06:00","424.9"
"Parainen Utö","2020","6","24","07:00","554.6"
"Parainen Utö","2020","6","24","08:00","671"
"Parainen Utö","2020","6","24","09:00","752.2"
"Parainen Utö","2020","6","24","10:00","797.4"
"Parainen Utö","2020","6","24","11:00","823.4"
"Parainen Utö","2020","6","24","12:00","801.4"
"Parainen Utö","2020","6","24","13:00","658.7"
"Parainen Utö","2020","6","24","14:00","666.7"
"Parainen Utö","2020","6","24","15:00","564.7"
"Parainen Utö","2020","6","24","16:00","444.1"
"Parainen Utö","2020","6","24","17:00","314.2"
"Parainen Utö","2020","6","24","18:00","188.8"
"Parainen Utö","2020","6","24","19:00","81.1"
"Parainen Utö","2020","6","24","20:00","12.4"
"Parainen Utö","2020","6","24","21:00","-1.1"
"Parainen Utö","2020","6","24","22:00","-3"
"Parainen Utö","2020","6","24","23:00","-3.1"
"Parainen Utö","2020","6","25","00:00","-3.1"
"Parainen Utö","2020","6","25","01:00","-2.2"
"Parainen Utö","2020","6","25","02:00","8.1"
"Parainen Utö","2020","6","25","03:00","60.5"
"Parainen Utö","2020","6","25","04:00","163.6"
"Parainen Utö","2020","6","25","05:00","289.9"
"Parainen Utö","2020","6","25","06:00","408.3"
"Parainen Utö","2020","6","25","07:00","523.3"
"Parainen Utö","2020","6","25","08:00","629.5"
"Parainen Utö","2020","6","25","09:00","721.6"
"Parainen Utö","2020","6","25","10:00","784"
"Parainen Utö","2020","6","25","11:00","811.1"
"Parainen Utö","2020","6","25","12:00","795.3"
"Parainen Utö","2020","6","25","13:00","654.1"
"Parainen Utö","2020","6","25","14:00","661.8"
"Parainen Utö","2020","6","25","15:00","551.6"
"Parainen Utö","2020","6","25","16:00","427.3"
"Parainen Utö","2020","6","25","17:00","303.3"
"Parainen Utö","2020","6","25","18:00","180.9"
"Parainen Utö","2020","6","25","19:00","76.2"
"Parainen Utö","2020","6","25","20:00","12.2"
"Parainen Utö","2020","6","25","21:00","-2"
"Parainen Utö","2020","6","25","22:00","-3.2"
"Parainen Utö","2020","6","25","23:00","-3.1"
"Parainen Utö","2020","6","26","00:00","-3"
"Parainen Utö","2020","6","26","01:00","-2.7"
"Parainen Utö","2020","6","26","02:00","6.6"
"Parainen Utö","2020","6","26","03:00","55.5"
"Parainen Utö","2020","6","26","04:00","156.3"
"Parainen Utö","2020","6","26","05:00","284.7"
"Parainen Utö","2020","6","26","06:00","419.6"
"Parainen Utö","2020","6","26","07:00","550.7"
"Parainen Utö","2020","6","26","08:00","662.8"
"Parainen Utö","2020","6","26","09:00","747.6"
"Parainen Utö","2020","6","26","10:00","802.2"
"Parainen Utö","2020","6","26","11:00","821.1"
"Parainen Utö","2020","6","26","12:00","808.2"
"Parainen Utö","2020","6","26","13:00","664.6"
"Parainen Utö","2020","6","26","14:00","677.6"
"Parainen Utö","2020","6","26","15:00","574.2"
"Parainen Utö","2020","6","26","16:00","447.5"
"Parainen Utö","2020","6","26","17:00","317.9"
"Parainen Utö","2020","6","26","18:00","189.6"
"Parainen Utö","2020","6","26","19:00","84.7"
"Parainen Utö","2020","6","26","20:00","12.4"
"Parainen Utö","2020","6","26","21:00","-1.6"
"Parainen Utö","2020","6","26","22:00","-2.9"
"Parainen Utö","2020","6","26","23:00","-3.3"
"Parainen Utö","2020","6","27","00:00","-3.4"
"Parainen Utö","2020","6","27","01:00","-2.5"
"Parainen Utö","2020","6","27","02:00","6.6"
"Parainen Utö","2020","6","27","03:00","57"
"Parainen Utö","2020","6","27","04:00","159.8"
"Parainen Utö","2020","6","27","05:00","285.1"
"Parainen Utö","2020","6","27","06:00","417.3"
"Parainen Utö","2020","6","27","07:00","542.2"
"Parainen Utö","2020","6","27","08:00","648.4"
"Parainen Utö","2020","6","27","09:00","729.7"
"Parainen Utö","2020","6","27","10:00","786.4"
"Parainen Utö","2020","6","27","11:00","808.2"
"Parainen Utö","2020","6","27","12:00","788.7"
"Parainen Utö","2020","6","27","13:00","648.2"
"Parainen Utö","2020","6","27","14:00","640.3"
"Parainen Utö","2020","6","27","15:00","544.1"
"Parainen Utö","2020","6","27","16:00","421.7"
"Parainen Utö","2020","6","27","17:00","293.1"
"Parainen Utö","2020","6","27","18:00","171.3"
"Parainen Utö","2020","6","27","19:00","81.7"
"Parainen Utö","2020","6","27","20:00","14.5"
"Parainen Utö","2020","6","27","21:00","-1.1"
"Parainen Utö","2020","6","27","22:00","-3"
"Parainen Utö","2020","6","27","23:00","-2.9"
"Parainen Utö","2020","6","28","00:00","-2.7"
"Parainen Utö","2020","6","28","01:00","-1.8"
"Parainen Utö","2020","6","28","02:00","7.5"
"Parainen Utö","2020","6","28","03:00","54.5"
"Parainen Utö","2020","6","28","04:00","139.6"
"Parainen Utö","2020","6","28","05:00","239.7"
"Parainen Utö","2020","6","28","06:00","387.6"
"Parainen Utö","2020","6","28","07:00","517.3"
"Parainen Utö","2020","6","28","08:00","642.2"
"Parainen Utö","2020","6","28","09:00","390.5"
"Parainen Utö","2020","6","28","10:00","594"
"Parainen Utö","2020","6","28","11:00","825.1"
"Parainen Utö","2020","6","28","12:00","838.1"
"Parainen Utö","2020","6","28","13:00","588.5"
"Parainen Utö","2020","6","28","14:00","652.3"
"Parainen Utö","2020","6","28","15:00","546.6"
"Parainen Utö","2020","6","28","16:00","423.5"
"Parainen Utö","2020","6","28","17:00","251.3"
"Parainen Utö","2020","6","28","18:00","90.8"
"Parainen Utö","2020","6","28","19:00","52.8"
"Parainen Utö","2020","6","28","20:00","7"
"Parainen Utö","2020","6","28","21:00","-1.1"
"Parainen Utö","2020","6","28","22:00","-2"
"Parainen Utö","2020","6","28","23:00","-2.5"
"Parainen Utö","2020","6","29","00:00","-1.9"
"Parainen Utö","2020","6","29","01:00","-1.5"
"Parainen Utö","2020","6","29","02:00","8.2"
"Parainen Utö","2020","6","29","03:00","58.1"
"Parainen Utö","2020","6","29","04:00","142.9"
"Parainen Utö","2020","6","29","05:00","173"
"Parainen Utö","2020","6","29","06:00","144.5"
"Parainen Utö","2020","6","29","07:00","148.8"
"Parainen Utö","2020","6","29","08:00","208"
"Parainen Utö","2020","6","29","09:00","201.8"
"Parainen Utö","2020","6","29","10:00","135.4"
"Parainen Utö","2020","6","29","11:00","151.2"
"Parainen Utö","2020","6","29","12:00","273.2"
"Parainen Utö","2020","6","29","13:00","174.1"
"Parainen Utö","2020","6","29","14:00","153.5"
"Parainen Utö","2020","6","29","15:00","132.2"
"Parainen Utö","2020","6","29","16:00","207.7"
"Parainen Utö","2020","6","29","17:00","343.2"
"Parainen Utö","2020","6","29","18:00","254.2"
"Parainen Utö","2020","6","29","19:00","98.6"
"Parainen Utö","2020","6","29","20:00","7.3"
"Parainen Utö","2020","6","29","21:00","0"
"Parainen Utö","2020","6","29","22:00","-2"
"Parainen Utö","2020","6","29","23:00","-1.9"
"Parainen Utö","2020","6","30","00:00","-1.9"
"Parainen Utö","2020","6","30","01:00","-1.8"
"Parainen Utö","2020","6","30","02:00","-0.1"
"Parainen Utö","2020","6","30","03:00","8.3"
"Parainen Utö","2020","6","30","04:00","23.1"
"Parainen Utö","2020","6","30","05:00","72.5"
"Parainen Utö","2020","6","30","06:00","138.1"
"Parainen Utö","2020","6","30","07:00","140.2"
"Parainen Utö","2020","6","30","08:00","188.1"
"Parainen Utö","2020","6","30","09:00","224.4"
"Parainen Utö","2020","6","30","10:00","184.6"
"Parainen Utö","2020","6","30","11:00","220.6"
"Parainen Utö","2020","6","30","12:00","378.9"
"Parainen Utö","2020","6","30","13:00","606.6"
"Parainen Utö","2020","6","30","14:00","599.6"
"Parainen Utö","2020","6","30","15:00","245.5"
"Parainen Utö","2020","6","30","16:00","237.8"
"Parainen Utö","2020","6","30","17:00","176.2"
"Parainen Utö","2020","6","30","18:00","39.2"
"Parainen Utö","2020","6","30","19:00","25.5"
"Parainen Utö","2020","6","30","20:00","5.1"
"Parainen Utö","2020","6","30","21:00","-1.9"
"Parainen Utö","2020","6","30","22:00","-2.6"
"Parainen Utö","2020","6","30","23:00","-2.3"
"Parainen Utö","2020","7","1","00:00","-2.5"
"Parainen Utö","2020","7","1","01:00","-1.9"
"Parainen Utö","2020","7","1","02:00","3.3"
"Parainen Utö","2020","7","1","03:00","7"
"Parainen Utö","2020","7","1","04:00","21.4"
"Parainen Utö","2020","7","1","05:00","49.5"
"Parainen Utö","2020","7","1","06:00","281.6"
"Parainen Utö","2020","7","1","07:00","288.9"
"Parainen Utö","2020","7","1","08:00","442.6"
"Parainen Utö","2020","7","1","09:00","710.3"
"Parainen Utö","2020","7","1","10:00","732.4"
"Parainen Utö","2020","7","1","11:00","718.2"
"Parainen Utö","2020","7","1","12:00","738.2"
"Parainen Utö","2020","7","1","13:00","435.9"
"Parainen Utö","2020","7","1","14:00","655.7"
"Parainen Utö","2020","7","1","15:00","452.6"
"Parainen Utö","2020","7","1","16:00","161.7"
"Parainen Utö","2020","7","1","17:00","150.5"
"Parainen Utö","2020","7","1","18:00","58"
"Parainen Utö","2020","7","1","19:00","15.1"
"Parainen Utö","2020","7","1","20:00","4"
"Parainen Utö","2020","7","1","21:00","-0.9"
"Parainen Utö","2020","7","1","22:00","-2.4"
"Parainen Utö","2020","7","1","23:00","-1.7"
"Parainen Utö","2020","7","2","00:00","-1.5"
"Parainen Utö","2020","7","2","01:00","-1.1"
"Parainen Utö","2020","7","2","02:00","1.9"
"Parainen Utö","2020","7","2","03:00","15.1"
"Parainen Utö","2020","7","2","04:00","19.7"
"Parainen Utö","2020","7","2","05:00","231.6"
"Parainen Utö","2020","7","2","06:00","420.2"
"Parainen Utö","2020","7","2","07:00","470"
"Parainen Utö","2020","7","2","08:00","498"
"Parainen Utö","2020","7","2","09:00","448.2"
"Parainen Utö","2020","7","2","10:00","416.2"
"Parainen Utö","2020","7","2","11:00","534.3"
"Parainen Utö","2020","7","2","12:00","181.8"
"Parainen Utö","2020","7","2","13:00","121.6"
"Parainen Utö","2020","7","2","14:00","106.2"
"Parainen Utö","2020","7","2","15:00","126.4"
"Parainen Utö","2020","7","2","16:00","151.8"
"Parainen Utö","2020","7","2","17:00","185.4"
"Parainen Utö","2020","7","2","18:00","178.9"
"Parainen Utö","2020","7","2","19:00","80.9"
"Parainen Utö","2020","7","2","20:00","8.7"
"Parainen Utö","2020","7","2","21:00","-1.5"
"Parainen Utö","2020","7","2","22:00","-2.6"
"Parainen Utö","2020","7","2","23:00","-2.8"
"Parainen Utö","2020","7","3","00:00","-3.2"
"Parainen Utö","2020","7","3","01:00","-2.7"
"Parainen Utö","2020","7","3","02:00","4.9"
"Parainen Utö","2020","7","3","03:00","49.1"
"Parainen Utö","2020","7","3","04:00","159"
"Parainen Utö","2020","7","3","05:00","279.1"
"Parainen Utö","2020","7","3","06:00","419.7"
"Parainen Utö","2020","7","3","07:00","546.7"
"Parainen Utö","2020","7","3","08:00","664.7"
"Parainen Utö","2020","7","3","09:00","710.5"
"Parainen Utö","2020","7","3","10:00","737.7"
"Parainen Utö","2020","7","3","11:00","750.6"
"Parainen Utö","2020","7","3","12:00","731.6"
"Parainen Utö","2020","7","3","13:00","467.1"
"Parainen Utö","2020","7","3","14:00","363.8"
"Parainen Utö","2020","7","3","15:00","542.6"
"Parainen Utö","2020","7","3","16:00","377.6"
"Parainen Utö","2020","7","3","17:00","222.5"
"Parainen Utö","2020","7","3","18:00","89.6"
"Parainen Utö","2020","7","3","19:00","36.9"
"Parainen Utö","2020","7","3","20:00","6.7"
"Parainen Utö","2020","7","3","21:00","-2.2"
"Parainen Utö","2020","7","3","22:00","-2.7"
"Parainen Utö","2020","7","3","23:00","-2.2"
"Parainen Utö","2020","7","4","00:00","-2.2"
"Parainen Utö","2020","7","4","01:00","-2.4"
"Parainen Utö","2020","7","4","02:00","3.7"
"Parainen Utö","2020","7","4","03:00","45.6"
"Parainen Utö","2020","7","4","04:00","167.6"
"Parainen Utö","2020","7","4","05:00","133.6"
"Parainen Utö","2020","7","4","06:00","108.5"
"Parainen Utö","2020","7","4","07:00","94.4"
"Parainen Utö","2020","7","4","08:00","96.4"
"Parainen Utö","2020","7","4","09:00","141.5"
"Parainen Utö","2020","7","4","10:00","413.1"
"Parainen Utö","2020","7","4","11:00","336.3"
"Parainen Utö","2020","7","4","12:00","295"
"Parainen Utö","2020","7","4","13:00","387.3"
"Parainen Utö","2020","7","4","14:00","153.9"
"Parainen Utö","2020","7","4","15:00","184.9"
"Parainen Utö","2020","7","4","16:00","108.7"
"Parainen Utö","2020","7","4","17:00","89.5"
"Parainen Utö","2020","7","4","18:00","58.9"
"Parainen Utö","2020","7","4","19:00","36.5"
"Parainen Utö","2020","7","4","20:00","8.7"
"Parainen Utö","2020","7","4","21:00","-0.8"
"Parainen Utö","2020","7","4","22:00","-1.8"
"Parainen Utö","2020","7","4","23:00","-1.6"
"Parainen Utö","2020","7","5","00:00","-1.8"
"Parainen Utö","2020","7","5","01:00","-2.2"
"Parainen Utö","2020","7","5","02:00","0.1"
"Parainen Utö","2020","7","5","03:00","8.7"
"Parainen Utö","2020","7","5","04:00","38.6"
"Parainen Utö","2020","7","5","05:00","81.6"
"Parainen Utö","2020","7","5","06:00","176.6"
"Parainen Utö","2020","7","5","07:00","213.9"
"Parainen Utö","2020","7","5","08:00","153.7"
"Parainen Utö","2020","7","5","09:00","212.3"
"Parainen Utö","2020","7","5","10:00","353"
"Parainen Utö","2020","7","5","11:00","439"
"Parainen Utö","2020","7","5","12:00","304.1"
"Parainen Utö","2020","7","5","13:00","117"
"Parainen Utö","2020","7","5","14:00","71.5"
"Parainen Utö","2020","7","5","15:00","36.6"
"Parainen Utö","2020","7","5","16:00","39.4"
"Parainen Utö","2020","7","5","17:00","39.5"
"Parainen Utö","2020","7","5","18:00","48.2"
"Parainen Utö","2020","7","5","19:00","54.7"
"Parainen Utö","2020","7","5","20:00","7.8"
"Parainen Utö","2020","7","5","21:00","-0.8"
"Parainen Utö","2020","7","5","22:00","-2.1"
"Parainen Utö","2020","7","5","23:00","-2.7"
"Parainen Utö","2020","7","6","00:00","-2.7"
"Parainen Utö","2020","7","6","01:00","-2.3"
"Parainen Utö","2020","7","6","02:00","3.8"
"Parainen Utö","2020","7","6","03:00","47.1"
"Parainen Utö","2020","7","6","04:00","151"
"Parainen Utö","2020","7","6","05:00","276.4"
"Parainen Utö","2020","7","6","06:00","387.8"
"Parainen Utö","2020","7","6","07:00","543"
"Parainen Utö","2020","7","6","08:00","647.2"
"Parainen Utö","2020","7","6","09:00","749.2"
"Parainen Utö","2020","7","6","10:00","734.1"
"Parainen Utö","2020","7","6","11:00","826.8"
"Parainen Utö","2020","7","6","12:00","781.3"
"Parainen Utö","2020","7","6","13:00","687.5"
"Parainen Utö","2020","7","6","14:00","675.6"
"Parainen Utö","2020","7","6","15:00","559"
"Parainen Utö","2020","7","6","16:00","435.9"
"Parainen Utö","2020","7","6","17:00","308.9"
"Parainen Utö","2020","7","6","18:00","177.4"
"Parainen Utö","2020","7","6","19:00","58.8"
"Parainen Utö","2020","7","6","20:00","7.3"
"Parainen Utö","2020","7","6","21:00","-2.1"
"Parainen Utö","2020","7","6","22:00","-3"
"Parainen Utö","2020","7","6","23:00","-2.6"
"Parainen Utö","2020","7","7","00:00","-1.8"
"Parainen Utö","2020","7","7","01:00","-2.2"
"Parainen Utö","2020","7","7","02:00","2.1"
"Parainen Utö","2020","7","7","03:00","22.8"
"Parainen Utö","2020","7","7","04:00","75.3"
"Parainen Utö","2020","7","7","05:00","121.6"
"Parainen Utö","2020","7","7","06:00","352.1"
"Parainen Utö","2020","7","7","07:00","363.9"
"Parainen Utö","2020","7","7","08:00","368.7"
"Parainen Utö","2020","7","7","09:00","452.3"
"Parainen Utö","2020","7","7","10:00","392.3"
"Parainen Utö","2020","7","7","11:00","302.4"
"Parainen Utö","2020","7","7","12:00","780.6"
"Parainen Utö","2020","7","7","13:00","685.1"
"Parainen Utö","2020","7","7","14:00","672.9"
"Parainen Utö","2020","7","7","15:00","563.3"
"Parainen Utö","2020","7","7","16:00","438.8"
"Parainen Utö","2020","7","7","17:00","310.6"
"Parainen Utö","2020","7","7","18:00","183.6"
"Parainen Utö","2020","7","7","19:00","65.7"
"Parainen Utö","2020","7","7","20:00","8.7"
"Parainen Utö","2020","7","7","21:00","-2.2"
"Parainen Utö","2020","7","7","22:00","-2.9"
"Parainen Utö","2020","7","7","23:00","-3"
"Parainen Utö","2020","7","8","00:00","-2.8"
"Parainen Utö","2020","7","8","01:00","-2.7"
"Parainen Utö","2020","7","8","02:00","3.7"
"Parainen Utö","2020","7","8","03:00","48.6"
"Parainen Utö","2020","7","8","04:00","159.6"
"Parainen Utö","2020","7","8","05:00","246.3"
"Parainen Utö","2020","7","8","06:00","91.3"
"Parainen Utö","2020","7","8","07:00","146.4"
"Parainen Utö","2020","7","8","08:00","254.1"
"Parainen Utö","2020","7","8","09:00","501.2"
"Parainen Utö","2020","7","8","10:00","523.2"
"Parainen Utö","2020","7","8","11:00","773.6"
"Parainen Utö","2020","7","8","12:00","837.5"
"Parainen Utö","2020","7","8","13:00","461.2"
"Parainen Utö","2020","7","8","14:00","571.6"
"Parainen Utö","2020","7","8","15:00","355.6"
"Parainen Utö","2020","7","8","16:00","424.4"
"Parainen Utö","2020","7","8","17:00","257.4"
"Parainen Utö","2020","7","8","18:00","193.2"
"Parainen Utö","2020","7","8","19:00","54.8"
"Parainen Utö","2020","7","8","20:00","6"
"Parainen Utö","2020","7","8","21:00","-2"
"Parainen Utö","2020","7","8","22:00","-2.3"
"Parainen Utö","2020","7","8","23:00","-2.9"
"Parainen Utö","2020","7","9","00:00","-3"
"Parainen Utö","2020","7","9","01:00","-2.9"
"Parainen Utö","2020","7","9","02:00","2.4"
"Parainen Utö","2020","7","9","03:00","42.6"
"Parainen Utö","2020","7","9","04:00","130.7"
"Parainen Utö","2020","7","9","05:00","262.9"
"Parainen Utö","2020","7","9","06:00","340.7"
"Parainen Utö","2020","7","9","07:00","543"
"Parainen Utö","2020","7","9","08:00","654.9"
"Parainen Utö","2020","7","9","09:00","750.2"
"Parainen Utö","2020","7","9","10:00","517.4"
"Parainen Utö","2020","7","9","11:00","797.6"
"Parainen Utö","2020","7","9","12:00","769.2"
"Parainen Utö","2020","7","9","13:00","694.4"
"Parainen Utö","2020","7","9","14:00","675.6"
"Parainen Utö","2020","7","9","15:00","563.7"
"Parainen Utö","2020","7","9","16:00","438.3"
"Parainen Utö","2020","7","9","17:00","281.8"
"Parainen Utö","2020","7","9","18:00","180.6"
"Parainen Utö","2020","7","9","19:00","61.5"
"Parainen Utö","2020","7","9","20:00","6.3"
"Parainen Utö","2020","7","9","21:00","-2.3"
"Parainen Utö","2020","7","9","22:00","-3"
"Parainen Utö","2020","7","9","23:00","-3.2"
"Parainen Utö","2020","7","10","00:00","-3.2"
"Parainen Utö","2020","7","10","01:00","-2.9"
"Parainen Utö","2020","7","10","02:00","2.2"
"Parainen Utö","2020","7","10","03:00","40.1"
"Parainen Utö","2020","7","10","04:00","143.2"
"Parainen Utö","2020","7","10","05:00","266.6"
"Parainen Utö","2020","7","10","06:00","399.3"
"Parainen Utö","2020","7","10","07:00","529.1"
"Parainen Utö","2020","7","10","08:00","605.2"
"Parainen Utö","2020","7","10","09:00","730.3"
"Parainen Utö","2020","7","10","10:00","789.7"
"Parainen Utö","2020","7","10","11:00","822.4"
"Parainen Utö","2020","7","10","12:00","807.6"
"Parainen Utö","2020","7","10","13:00","692.3"
"Parainen Utö","2020","7","10","14:00","677.7"
"Parainen Utö","2020","7","10","15:00","552.3"
"Parainen Utö","2020","7","10","16:00","382.7"
"Parainen Utö","2020","7","10","17:00","195.5"
"Parainen Utö","2020","7","10","18:00","101.9"
"Parainen Utö","2020","7","10","19:00","33.3"
"Parainen Utö","2020","7","10","20:00","4.9"
"Parainen Utö","2020","7","10","21:00","-1.9"
"Parainen Utö","2020","7","10","22:00","-2.3"
"Parainen Utö","2020","7","10","23:00","-2.5"
"Parainen Utö","2020","7","11","00:00","-1.9"
"Parainen Utö","2020","7","11","01:00","-3.2"
"Parainen Utö","2020","7","11","02:00","-2.5"
"Parainen Utö","2020","7","11","03:00","0.4"
"Parainen Utö","2020","7","11","04:00","8.9"
"Parainen Utö","2020","7","11","05:00","9.2"
"Parainen Utö","2020","7","11","06:00","45.8"
"Parainen Utö","2020","7","11","07:00","98.2"
"Parainen Utö","2020","7","11","08:00","105.9"
"Parainen Utö","2020","7","11","09:00","101.6"
"Parainen Utö","2020","7","11","10:00","164.1"
"Parainen Utö","2020","7","11","11:00","145.6"
"Parainen Utö","2020","7","11","12:00","499.8"
"Parainen Utö","2020","7","11","13:00","373.4"
"Parainen Utö","2020","7","11","14:00","233.9"
"Parainen Utö","2020","7","11","15:00","228.9"
"Parainen Utö","2020","7","11","16:00","231.7"
"Parainen Utö","2020","7","11","17:00","213.5"
"Parainen Utö","2020","7","11","18:00","195.5"
"Parainen Utö","2020","7","11","19:00","79.4"
"Parainen Utö","2020","7","11","20:00","5.9"
"Parainen Utö","2020","7","11","21:00","-2.5"
"Parainen Utö","2020","7","11","22:00","-2.9"
"Parainen Utö","2020","7","11","23:00","-2.9"
"Parainen Utö","2020","7","12","00:00","-2.8"
"Parainen Utö","2020","7","12","01:00","-1.9"
"Parainen Utö","2020","7","12","02:00","2.5"
"Parainen Utö","2020","7","12","03:00","49.9"
"Parainen Utö","2020","7","12","04:00","119.5"
"Parainen Utö","2020","7","12","05:00","213.1"
"Parainen Utö","2020","7","12","06:00","222.6"
"Parainen Utö","2020","7","12","07:00","463"
"Parainen Utö","2020","7","12","08:00","638.5"
"Parainen Utö","2020","7","12","09:00","625"
"Parainen Utö","2020","7","12","10:00","793.4"
"Parainen Utö","2020","7","12","11:00","814.8"
"Parainen Utö","2020","7","12","12:00","800.7"
"Parainen Utö","2020","7","12","13:00","684.7"
"Parainen Utö","2020","7","12","14:00","666.1"
"Parainen Utö","2020","7","12","15:00","556"
"Parainen Utö","2020","7","12","16:00","421.1"
"Parainen Utö","2020","7","12","17:00","271.8"
"Parainen Utö","2020","7","12","18:00","136.1"
"Parainen Utö","2020","7","12","19:00","37"
"Parainen Utö","2020","7","12","20:00","5"
"Parainen Utö","2020","7","12","21:00","-2.4"
"Parainen Utö","2020","7","12","22:00","-2.5"
"Parainen Utö","2020","7","12","23:00","-3"
"Parainen Utö","2020","7","13","00:00","-2.8"
"Parainen Utö","2020","7","13","01:00","-2.7"
"Parainen Utö","2020","7","13","02:00","0.9"
"Parainen Utö","2020","7","13","03:00","37.2"
"Parainen Utö","2020","7","13","04:00","99.2"
"Parainen Utö","2020","7","13","05:00","264.7"
"Parainen Utö","2020","7","13","06:00","399.2"
"Parainen Utö","2020","7","13","07:00","496.2"
"Parainen Utö","2020","7","13","08:00","641.6"
"Parainen Utö","2020","7","13","09:00","732.2"
"Parainen Utö","2020","7","13","10:00","792.1"
"Parainen Utö","2020","7","13","11:00","751.1"
"Parainen Utö","2020","7","13","12:00","466.6"
"Parainen Utö","2020","7","13","13:00","460.4"
"Parainen Utö","2020","7","13","14:00","299.1"
"Parainen Utö","2020","7","13","15:00","336.1"
"Parainen Utö","2020","7","13","16:00","398.4"
"Parainen Utö","2020","7","13","17:00","204.3"
"Parainen Utö","2020","7","13","18:00","188"
"Parainen Utö","2020","7","13","19:00","70.7"
"Parainen Utö","2020","7","13","20:00","6.3"
"Parainen Utö","2020","7","13","21:00","-2.7"
"Parainen Utö","2020","7","13","22:00","-3.3"
"Parainen Utö","2020","7","13","23:00","-3.4"
"Parainen Utö","2020","7","14","00:00","-3"
"Parainen Utö","2020","7","14","01:00","-3.1"
"Parainen Utö","2020","7","14","02:00","1.1"
"Parainen Utö","2020","7","14","03:00","34"
"Parainen Utö","2020","7","14","04:00","138.2"
"Parainen Utö","2020","7","14","05:00","261.5"
"Parainen Utö","2020","7","14","06:00","394.1"
"Parainen Utö","2020","7","14","07:00","520.6"
"Parainen Utö","2020","7","14","08:00","633.3"
"Parainen Utö","2020","7","14","09:00","719.5"
"Parainen Utö","2020","7","14","10:00","780.2"
"Parainen Utö","2020","7","14","11:00","802.4"
"Parainen Utö","2020","7","14","12:00","786.7"
"Parainen Utö","2020","7","14","13:00","661.6"
"Parainen Utö","2020","7","14","14:00","655"
"Parainen Utö","2020","7","14","15:00","550.1"
"Parainen Utö","2020","7","14","16:00","424.6"
"Parainen Utö","2020","7","14","17:00","297"
"Parainen Utö","2020","7","14","18:00","152.6"
"Parainen Utö","2020","7","14","19:00","39.4"
"Parainen Utö","2020","7","14","20:00","3.4"
"Parainen Utö","2020","7","14","21:00","-2"
"Parainen Utö","2020","7","14","22:00","-2.2"
"Parainen Utö","2020","7","14","23:00","-2.7"
"Parainen Utö","2020","7","15","00:00","-2.5"
"Parainen Utö","2020","7","15","01:00","-2.4"
"Parainen Utö","2020","7","15","02:00","1.1"
"Parainen Utö","2020","7","15","03:00","29.3"
"Parainen Utö","2020","7","15","04:00","132.8"
"Parainen Utö","2020","7","15","05:00","235.3"
"Parainen Utö","2020","7","15","06:00","316.4"
"Parainen Utö","2020","7","15","07:00","518.9"
"Parainen Utö","2020","7","15","08:00","625.3"
"Parainen Utö","2020","7","15","09:00","725.8"
"Parainen Utö","2020","7","15","10:00","785.4"
"Parainen Utö","2020","7","15","11:00","808"
"Parainen Utö","2020","7","15","12:00","783.8"
"Parainen Utö","2020","7","15","13:00","664.2"
"Parainen Utö","2020","7","15","14:00","653.7"
"Parainen Utö","2020","7","15","15:00","543.9"
"Parainen Utö","2020","7","15","16:00","420.6"
"Parainen Utö","2020","7","15","17:00","285.2"
"Parainen Utö","2020","7","15","18:00","155.4"
"Parainen Utö","2020","7","15","19:00","53.1"
"Parainen Utö","2020","7","15","20:00","3.6"
"Parainen Utö","2020","7","15","21:00","-2.2"
"Parainen Utö","2020","7","15","22:00","-2"
"Parainen Utö","2020","7","15","23:00","-1.8"
"Parainen Utö","2020","7","16","00:00","-1.5"
"Parainen Utö","2020","7","16","01:00","-1.8"
"Parainen Utö","2020","7","16","02:00","1.9"
"Parainen Utö","2020","7","16","03:00","42.2"
"Parainen Utö","2020","7","16","04:00","173.4"
"Parainen Utö","2020","7","16","05:00","256.8"
"Parainen Utö","2020","7","16","06:00","374.7"
"Parainen Utö","2020","7","16","07:00","497.5"
"Parainen Utö","2020","7","16","08:00","612.8"
"Parainen Utö","2020","7","16","09:00","706.5"
"Parainen Utö","2020","7","16","10:00","764.7"
"Parainen Utö","2020","7","16","11:00","788.4"
"Parainen Utö","2020","7","16","12:00","776.5"
"Parainen Utö","2020","7","16","13:00","656.2"
"Parainen Utö","2020","7","16","14:00","648"
"Parainen Utö","2020","7","16","15:00","542.8"
"Parainen Utö","2020","7","16","16:00","417.4"
"Parainen Utö","2020","7","16","17:00","283.3"
"Parainen Utö","2020","7","16","18:00","159.2"
"Parainen Utö","2020","7","16","19:00","57.7"
"Parainen Utö","2020","7","16","20:00","4.8"
"Parainen Utö","2020","7","16","21:00","-2.8"
"Parainen Utö","2020","7","16","22:00","-3.2"
"Parainen Utö","2020","7","16","23:00","-2.9"
"Parainen Utö","2020","7","17","00:00","-3"
"Parainen Utö","2020","7","17","01:00","-2.5"
"Parainen Utö","2020","7","17","02:00","0.4"
"Parainen Utö","2020","7","17","03:00","27.4"
"Parainen Utö","2020","7","17","04:00","119.4"
"Parainen Utö","2020","7","17","05:00","237.3"
"Parainen Utö","2020","7","17","06:00","367.8"
"Parainen Utö","2020","7","17","07:00","493.3"
"Parainen Utö","2020","7","17","08:00","601.3"
"Parainen Utö","2020","7","17","09:00","688.1"
"Parainen Utö","2020","7","17","10:00","749.3"
"Parainen Utö","2020","7","17","11:00","774.2"
"Parainen Utö","2020","7","17","12:00","761.4"
"Parainen Utö","2020","7","17","13:00","639.1"
"Parainen Utö","2020","7","17","14:00","629.6"
"Parainen Utö","2020","7","17","15:00","526.3"
"Parainen Utö","2020","7","17","16:00","400.2"
"Parainen Utö","2020","7","17","17:00","274.7"
"Parainen Utö","2020","7","17","18:00","156.4"
"Parainen Utö","2020","7","17","19:00","55.2"
"Parainen Utö","2020","7","17","20:00","2.9"
"Parainen Utö","2020","7","17","21:00","-2.9"
"Parainen Utö","2020","7","17","22:00","-3.2"
"Parainen Utö","2020","7","17","23:00","-3.1"
"Parainen Utö","2020","7","18","00:00","-2.8"
"Parainen Utö","2020","7","18","01:00","-2.9"
"Parainen Utö","2020","7","18","02:00","-0.1"
"Parainen Utö","2020","7","18","03:00","24.1"
"Parainen Utö","2020","7","18","04:00","115.1"
"Parainen Utö","2020","7","18","05:00","235.7"
"Parainen Utö","2020","7","18","06:00","364"
"Parainen Utö","2020","7","18","07:00","486.7"
"Parainen Utö","2020","7","18","08:00","596.2"
"Parainen Utö","2020","7","18","09:00","693.1"
"Parainen Utö","2020","7","18","10:00","758.6"
"Parainen Utö","2020","7","18","11:00","790.8"
"Parainen Utö","2020","7","18","12:00","776.3"
"Parainen Utö","2020","7","18","13:00","642.4"
"Parainen Utö","2020","7","18","14:00","637"
"Parainen Utö","2020","7","18","15:00","526.4"
"Parainen Utö","2020","7","18","16:00","408.9"
"Parainen Utö","2020","7","18","17:00","276.2"
"Parainen Utö","2020","7","18","18:00","158.3"
"Parainen Utö","2020","7","18","19:00","54.8"
"Parainen Utö","2020","7","18","20:00","3.6"
"Parainen Utö","2020","7","18","21:00","-2.7"
"Parainen Utö","2020","7","18","22:00","-2.6"
"Parainen Utö","2020","7","18","23:00","-2.8"
"Parainen Utö","2020","7","19","00:00","-2.7"
"Parainen Utö","2020","7","19","01:00","-2.4"
"Parainen Utö","2020","7","19","02:00","-0.3"
"Parainen Utö","2020","7","19","03:00","28.1"
"Parainen Utö","2020","7","19","04:00","124"
"Parainen Utö","2020","7","19","05:00","186.1"
"Parainen Utö","2020","7","19","06:00","306.2"
"Parainen Utö","2020","7","19","07:00","447.9"
"Parainen Utö","2020","7","19","08:00","548.7"
"Parainen Utö","2020","7","19","09:00","610.9"
"Parainen Utö","2020","7","19","10:00","687.2"
"Parainen Utö","2020","7","19","11:00","666.8"
"Parainen Utö","2020","7","19","12:00","728.4"
"Parainen Utö","2020","7","19","13:00","633.2"
"Parainen Utö","2020","7","19","14:00","618.5"
"Parainen Utö","2020","7","19","15:00","362.9"
"Parainen Utö","2020","7","19","16:00","252.5"
"Parainen Utö","2020","7","19","17:00","172.1"
"Parainen Utö","2020","7","19","18:00","78.7"
"Parainen Utö","2020","7","19","19:00","29.9"
"Parainen Utö","2020","7","19","20:00","3.1"
"Parainen Utö","2020","7","19","21:00","-1.9"
"Parainen Utö","2020","7","19","22:00","-2.2"
"Parainen Utö","2020","7","19","23:00","-2.2"
"Parainen Utö","2020","7","20","00:00","-2.1"
"Parainen Utö","2020","7","20","01:00","-2.1"
"Parainen Utö","2020","7","20","02:00","-1.1"
"Parainen Utö","2020","7","20","03:00","12.2"
"Parainen Utö","2020","7","20","04:00","47.6"
"Parainen Utö","2020","7","20","05:00","120.8"
"Parainen Utö","2020","7","20","06:00","165.4"
"Parainen Utö","2020","7","20","07:00","296.5"
"Parainen Utö","2020","7","20","08:00","502.7"
"Parainen Utö","2020","7","20","09:00","689.4"
"Parainen Utö","2020","7","20","10:00","754.9"
"Parainen Utö","2020","7","20","11:00","797"
"Parainen Utö","2020","7","20","12:00","758.7"
"Parainen Utö","2020","7","20","13:00","636.2"
"Parainen Utö","2020","7","20","14:00","628.1"
"Parainen Utö","2020","7","20","15:00","523.4"
"Parainen Utö","2020","7","20","16:00","396.6"
"Parainen Utö","2020","7","20","17:00","266.6"
"Parainen Utö","2020","7","20","18:00","127"
"Parainen Utö","2020","7","20","19:00","20.7"
"Parainen Utö","2020","7","20","20:00","0"
"Parainen Utö","2020","7","20","21:00","-1.7"
"Parainen Utö","2020","7","20","22:00","-2.1"
"Parainen Utö","2020","7","20","23:00","-1.7"
"Parainen Utö","2020","7","21","00:00","-1.8"
"Parainen Utö","2020","7","21","01:00","-2.1"
"Parainen Utö","2020","7","21","02:00","-2.1"
"Parainen Utö","2020","7","21","03:00","0.7"
"Parainen Utö","2020","7","21","04:00","8.7"
"Parainen Utö","2020","7","21","05:00","54.3"
"Parainen Utö","2020","7","21","06:00","300.8"
"Parainen Utö","2020","7","21","07:00","514.6"
"Parainen Utö","2020","7","21","08:00","473.9"
"Parainen Utö","2020","7","21","09:00","698.4"
"Parainen Utö","2020","7","21","10:00","691.1"
"Parainen Utö","2020","7","21","11:00","610.7"
"Parainen Utö","2020","7","21","12:00","714.5"
"Parainen Utö","2020","7","21","13:00","506.5"
"Parainen Utö","2020","7","21","14:00","399.2"
"Parainen Utö","2020","7","21","15:00","304.3"
"Parainen Utö","2020","7","21","16:00","270.3"
"Parainen Utö","2020","7","21","17:00","123.5"
"Parainen Utö","2020","7","21","18:00","70.7"
"Parainen Utö","2020","7","21","19:00","21"
"Parainen Utö","2020","7","21","20:00","1.4"
"Parainen Utö","2020","7","21","21:00","-1.7"
"Parainen Utö","2020","7","21","22:00","-2.3"
"Parainen Utö","2020","7","21","23:00","-3.1"
"Parainen Utö","2020","7","22","00:00","-1.9"
"Parainen Utö","2020","7","22","01:00","-2.2"
"Parainen Utö","2020","7","22","02:00","-1.4"
"Parainen Utö","2020","7","22","03:00","8.7"
"Parainen Utö","2020","7","22","04:00","37.9"
"Parainen Utö","2020","7","22","05:00","130.7"
"Parainen Utö","2020","7","22","06:00","235.3"
"Parainen Utö","2020","7","22","07:00","496.1"
"Parainen Utö","2020","7","22","08:00","470.3"
"Parainen Utö","2020","7","22","09:00","650.2"
"Parainen Utö","2020","7","22","10:00","727.3"
"Parainen Utö","2020","7","22","11:00","706.9"
"Parainen Utö","2020","7","22","12:00","656.4"
"Parainen Utö","2020","7","22","13:00","614.5"
"Parainen Utö","2020","7","22","14:00","640.2"
"Parainen Utö","2020","7","22","15:00","531.8"
"Parainen Utö","2020","7","22","16:00","335.1"
"Parainen Utö","2020","7","22","17:00","267.1"
"Parainen Utö","2020","7","22","18:00","162.9"
"Parainen Utö","2020","7","22","19:00","48.1"
"Parainen Utö","2020","7","22","20:00","2"
"Parainen Utö","2020","7","22","21:00","-3"
"Parainen Utö","2020","7","22","22:00","-3"
"Parainen Utö","2020","7","22","23:00","-2.8"
"Parainen Utö","2020","7","23","00:00","-3"
"Parainen Utö","2020","7","23","01:00","-3"
"Parainen Utö","2020","7","23","02:00","-1.8"
"Parainen Utö","2020","7","23","03:00","13"
"Parainen Utö","2020","7","23","04:00","100.1"
"Parainen Utö","2020","7","23","05:00","221"
"Parainen Utö","2020","7","23","06:00","258.6"
"Parainen Utö","2020","7","23","07:00","475.8"
"Parainen Utö","2020","7","23","08:00","619.4"
"Parainen Utö","2020","7","23","09:00","736.1"
"Parainen Utö","2020","7","23","10:00","787.2"
"Parainen Utö","2020","7","23","11:00","674.3"
"Parainen Utö","2020","7","23","12:00","352.9"
"Parainen Utö","2020","7","23","13:00","592.6"
"Parainen Utö","2020","7","23","14:00","358.8"
"Parainen Utö","2020","7","23","15:00","400.4"
"Parainen Utö","2020","7","23","16:00","286"
"Parainen Utö","2020","7","23","17:00","156.1"
"Parainen Utö","2020","7","23","18:00","64.2"
"Parainen Utö","2020","7","23","19:00","13.8"
"Parainen Utö","2020","7","23","20:00","-2.2"
"Parainen Utö","2020","7","23","21:00","-2.4"
"Parainen Utö","2020","7","23","22:00","-2.1"
"Parainen Utö","2020","7","23","23:00","-2.2"
"Parainen Utö","2020","7","24","00:00","-2.3"
"Parainen Utö","2020","7","24","01:00","-2.1"
"Parainen Utö","2020","7","24","02:00","-2"
"Parainen Utö","2020","7","24","03:00","2.4"
"Parainen Utö","2020","7","24","04:00","17.4"
"Parainen Utö","2020","7","24","05:00","41.5"
"Parainen Utö","2020","7","24","06:00","64.2"
"Parainen Utö","2020","7","24","07:00","149.3"
"Parainen Utö","2020","7","24","08:00","446.6"
"Parainen Utö","2020","7","24","09:00","529.3"
"Parainen Utö","2020","7","24","10:00","571.7"
"Parainen Utö","2020","7","24","11:00","571.1"
"Parainen Utö","2020","7","24","12:00","738.8"
"Parainen Utö","2020","7","24","13:00","671.5"
"Parainen Utö","2020","7","24","14:00","662"
"Parainen Utö","2020","7","24","15:00","331.5"
"Parainen Utö","2020","7","24","16:00","273.9"
"Parainen Utö","2020","7","24","17:00","188.3"
"Parainen Utö","2020","7","24","18:00","112.9"
"Parainen Utö","2020","7","24","19:00","72.3"
"Parainen Utö","2020","7","24","20:00","2"
"Parainen Utö","2020","7","24","21:00","-2.6"
"Parainen Utö","2020","7","24","22:00","-2.5"
"Parainen Utö","2020","7","24","23:00","-2.8"
"Parainen Utö","2020","7","25","00:00","-2.6"
"Parainen Utö","2020","7","25","01:00","-2"
"Parainen Utö","2020","7","25","02:00","-1.1"
"Parainen Utö","2020","7","25","03:00","13.6"
"Parainen Utö","2020","7","25","04:00","44.4"
"Parainen Utö","2020","7","25","05:00","231"
"Parainen Utö","2020","7","25","06:00","370.6"
"Parainen Utö","2020","7","25","07:00","468"
"Parainen Utö","2020","7","25","08:00","591.2"
"Parainen Utö","2020","7","25","09:00","685.7"
"Parainen Utö","2020","7","25","10:00","754"
"Parainen Utö","2020","7","25","11:00","761.2"
"Parainen Utö","2020","7","25","12:00","713.3"
"Parainen Utö","2020","7","25","13:00","685.3"
"Parainen Utö","2020","7","25","14:00","571.8"
"Parainen Utö","2020","7","25","15:00","527.3"
"Parainen Utö","2020","7","25","16:00","400.4"
"Parainen Utö","2020","7","25","17:00","268.3"
"Parainen Utö","2020","7","25","18:00","124.5"
"Parainen Utö","2020","7","25","19:00","39.9"
"Parainen Utö","2020","7","25","20:00","0.8"
"Parainen Utö","2020","7","25","21:00","-2.7"
"Parainen Utö","2020","7","25","22:00","-2.5"
"Parainen Utö","2020","7","25","23:00","-2.9"
"Parainen Utö","2020","7","26","00:00","-2.8"
"Parainen Utö","2020","7","26","01:00","-2.7"
"Parainen Utö","2020","7","26","02:00","-1.7"
"Parainen Utö","2020","7","26","03:00","12.1"
"Parainen Utö","2020","7","26","04:00","102.2"
"Parainen Utö","2020","7","26","05:00","225.4"
"Parainen Utö","2020","7","26","06:00","360"
"Parainen Utö","2020","7","26","07:00","491.3"
"Parainen Utö","2020","7","26","08:00","607.4"
"Parainen Utö","2020","7","26","09:00","697.3"
"Parainen Utö","2020","7","26","10:00","748.8"
"Parainen Utö","2020","7","26","11:00","771.2"
"Parainen Utö","2020","7","26","12:00","760.2"
"Parainen Utö","2020","7","26","13:00","649.5"
"Parainen Utö","2020","7","26","14:00","616.7"
"Parainen Utö","2020","7","26","15:00","469.6"
"Parainen Utö","2020","7","26","16:00","385.2"
"Parainen Utö","2020","7","26","17:00","249.1"
"Parainen Utö","2020","7","26","18:00","105.3"
"Parainen Utö","2020","7","26","19:00","25.9"
"Parainen Utö","2020","7","26","20:00","0.4"
"Parainen Utö","2020","7","26","21:00","-2.6"
"Parainen Utö","2020","7","26","22:00","-2.8"
"Parainen Utö","2020","7","26","23:00","-2.6"
"Parainen Utö","2020","7","27","00:00","-3.1"
"Parainen Utö","2020","7","27","01:00","-2.7"
"Parainen Utö","2020","7","27","02:00","-2"
"Parainen Utö","2020","7","27","03:00","11.9"
"Parainen Utö","2020","7","27","04:00","82.8"
"Parainen Utö","2020","7","27","05:00","70.1"
"Parainen Utö","2020","7","27","06:00","45.2"
"Parainen Utö","2020","7","27","07:00","113.8"
"Parainen Utö","2020","7","27","08:00","151.1"
"Parainen Utö","2020","7","27","09:00","74.1"
"Parainen Utö","2020","7","27","10:00","196.9"
"Parainen Utö","2020","7","27","11:00","299.9"
"Parainen Utö","2020","7","27","12:00","456.9"
"Parainen Utö","2020","7","27","13:00","271.1"
"Parainen Utö","2020","7","27","14:00","585.9"
"Parainen Utö","2020","7","27","15:00","514.1"
"Parainen Utö","2020","7","27","16:00","362"
"Parainen Utö","2020","7","27","17:00","213.9"
"Parainen Utö","2020","7","27","18:00","141.4"
"Parainen Utö","2020","7","27","19:00","44.1"
"Parainen Utö","2020","7","27","20:00","-0.4"
"Parainen Utö","2020","7","27","21:00","-2.8"
"Parainen Utö","2020","7","27","22:00","-2.5"
"Parainen Utö","2020","7","27","23:00","-2.5"
"Parainen Utö","2020","7","28","00:00","-2.7"
"Parainen Utö","2020","7","28","01:00","-2.9"
"Parainen Utö","2020","7","28","02:00","-2.1"
"Parainen Utö","2020","7","28","03:00","13.1"
"Parainen Utö","2020","7","28","04:00","83.9"
"Parainen Utö","2020","7","28","05:00","153.8"
"Parainen Utö","2020","7","28","06:00","173.3"
"Parainen Utö","2020","7","28","07:00","414.2"
"Parainen Utö","2020","7","28","08:00","404.4"
"Parainen Utö","2020","7","28","09:00","367.9"
"Parainen Utö","2020","7","28","10:00","396.5"
"Parainen Utö","2020","7","28","11:00","328.6"
"Parainen Utö","2020","7","28","12:00","631.6"
"Parainen Utö","2020","7","28","13:00","650.9"
"Parainen Utö","2020","7","28","14:00","580.8"
"Parainen Utö","2020","7","28","15:00","357.2"
"Parainen Utö","2020","7","28","16:00","186.5"
"Parainen Utö","2020","7","28","17:00","122.7"
"Parainen Utö","2020","7","28","18:00","81.2"
"Parainen Utö","2020","7","28","19:00","6.8"
"Parainen Utö","2020","7","28","20:00","-0.5"
"Parainen Utö","2020","7","28","21:00","-1.8"
"Parainen Utö","2020","7","28","22:00","-1.9"
"Parainen Utö","2020","7","28","23:00","-1.6"
"Parainen Utö","2020","7","29","00:00","-1.5"
"Parainen Utö","2020","7","29","01:00","-1.3"
"Parainen Utö","2020","7","29","02:00","-1.5"
"Parainen Utö","2020","7","29","03:00","1.5"
"Parainen Utö","2020","7","29","04:00","13"
"Parainen Utö","2020","7","29","05:00","83.2"
"Parainen Utö","2020","7","29","06:00","217.8"
"Parainen Utö","2020","7","29","07:00","321.2"
"Parainen Utö","2020","7","29","08:00","440"
"Parainen Utö","2020","7","29","09:00","691"
"Parainen Utö","2020","7","29","10:00","727.1"
"Parainen Utö","2020","7","29","11:00","657.6"
"Parainen Utö","2020","7","29","12:00","763.4"
"Parainen Utö","2020","7","29","13:00","627.5"
"Parainen Utö","2020","7","29","14:00","627.8"
"Parainen Utö","2020","7","29","15:00","507.3"
"Parainen Utö","2020","7","29","16:00","354.8"
"Parainen Utö","2020","7","29","17:00","229.8"
"Parainen Utö","2020","7","29","18:00","126"
"Parainen Utö","2020","7","29","19:00","29.3"
"Parainen Utö","2020","7","29","20:00","-0.8"
"Parainen Utö","2020","7","29","21:00","-2.6"
"Parainen Utö","2020","7","29","22:00","-2.7"
"Parainen Utö","2020","7","29","23:00","-2.8"
"Parainen Utö","2020","7","30","00:00","-2.9"
"Parainen Utö","2020","7","30","01:00","-2.3"
"Parainen Utö","2020","7","30","02:00","-2.6"
"Parainen Utö","2020","7","30","03:00","18"
"Parainen Utö","2020","7","30","04:00","58.7"
"Parainen Utö","2020","7","30","05:00","65.2"
"Parainen Utö","2020","7","30","06:00","174.7"
"Parainen Utö","2020","7","30","07:00","253.9"
"Parainen Utö","2020","7","30","08:00","459.9"
"Parainen Utö","2020","7","30","09:00","593.7"
"Parainen Utö","2020","7","30","10:00","470.5"
"Parainen Utö","2020","7","30","11:00","740.4"
"Parainen Utö","2020","7","30","12:00","518.8"
"Parainen Utö","2020","7","30","13:00","632.7"
"Parainen Utö","2020","7","30","14:00","607.1"
"Parainen Utö","2020","7","30","15:00","509.4"
"Parainen Utö","2020","7","30","16:00","218"
"Parainen Utö","2020","7","30","17:00","60.9"
"Parainen Utö","2020","7","30","18:00","40.6"
"Parainen Utö","2020","7","30","19:00","13.5"
"Parainen Utö","2020","7","30","20:00","-1.1"
"Parainen Utö","2020","7","30","21:00","-2.7"
"Parainen Utö","2020","7","30","22:00","-2.5"
"Parainen Utö","2020","7","30","23:00","-2.6"
"Parainen Utö","2020","7","31","00:00","-2.9"
"Parainen Utö","2020","7","31","01:00","-2.6"
"Parainen Utö","2020","7","31","02:00","-2.5"
"Parainen Utö","2020","7","31","03:00","5.3"
"Parainen Utö","2020","7","31","04:00","38.9"
"Parainen Utö","2020","7","31","05:00","134.8"
"Parainen Utö","2020","7","31","06:00","330.1"
"Parainen Utö","2020","7","31","07:00","382.4"
"Parainen Utö","2020","7","31","08:00","571.7"
"Parainen Utö","2020","7","31","09:00","674.6"
"Parainen Utö","2020","7","31","10:00","733"
"Parainen Utö","2020","7","31","11:00","755.9"
"Parainen Utö","2020","7","31","12:00","742"
"Parainen Utö","2020","7","31","13:00","640.1"
"Parainen Utö","2020","7","31","14:00","605.2"
"Parainen Utö","2020","7","31","15:00","498.9"
"Parainen Utö","2020","7","31","16:00","375"
"Parainen Utö","2020","7","31","17:00","244.3"
"Parainen Utö","2020","7","31","18:00","121"
"Parainen Utö","2020","7","31","19:00","25.5"
"Parainen Utö","2020","7","31","20:00","-1.4"
"Parainen Utö","2020","7","31","21:00","-3.2"
"Parainen Utö","2020","7","31","22:00","-2.9"
"Parainen Utö","2020","7","31","23:00","-3.1"
"Parainen Utö","2020","8","1","00:00","-2.8"
"Parainen Utö","2020","8","1","01:00","-3.1"
"Parainen Utö","2020","8","1","02:00","-2.7"
"Parainen Utö","2020","8","1","03:00","7.1"
"Parainen Utö","2020","8","1","04:00","78.3"
"Parainen Utö","2020","8","1","05:00","200.1"
"Parainen Utö","2020","8","1","06:00","334.9"
"Parainen Utö","2020","8","1","07:00","467.8"
"Parainen Utö","2020","8","1","08:00","586.3"
"Parainen Utö","2020","8","1","09:00","681.2"
"Parainen Utö","2020","8","1","10:00","744.5"
"Parainen Utö","2020","8","1","11:00","770.3"
"Parainen Utö","2020","8","1","12:00","754.4"
"Parainen Utö","2020","8","1","13:00","650.8"
"Parainen Utö","2020","8","1","14:00","612.2"
"Parainen Utö","2020","8","1","15:00","501.2"
"Parainen Utö","2020","8","1","16:00","378.4"
"Parainen Utö","2020","8","1","17:00","223.2"
"Parainen Utö","2020","8","1","18:00","80.1"
"Parainen Utö","2020","8","1","19:00","34.8"
"Parainen Utö","2020","8","1","20:00","-1.7"
"Parainen Utö","2020","8","1","21:00","-2.6"
"Parainen Utö","2020","8","1","22:00","-3"
"Parainen Utö","2020","8","1","23:00","-2.6"
"Parainen Utö","2020","8","2","00:00","-2.6"
"Parainen Utö","2020","8","2","01:00","-2.2"
"Parainen Utö","2020","8","2","02:00","-2.1"
"Parainen Utö","2020","8","2","03:00","3.7"
"Parainen Utö","2020","8","2","04:00","33.2"
"Parainen Utö","2020","8","2","05:00","137.7"
"Parainen Utö","2020","8","2","06:00","180"
"Parainen Utö","2020","8","2","07:00","195.7"
"Parainen Utö","2020","8","2","08:00","326.3"
"Parainen Utö","2020","8","2","09:00","524.1"
"Parainen Utö","2020","8","2","10:00","432.7"
"Parainen Utö","2020","8","2","11:00","666.4"
"Parainen Utö","2020","8","2","12:00","457.4"
"Parainen Utö","2020","8","2","13:00","667"
"Parainen Utö","2020","8","2","14:00","396.1"
"Parainen Utö","2020","8","2","15:00","444.8"
"Parainen Utö","2020","8","2","16:00","262.7"
"Parainen Utö","2020","8","2","17:00","101.5"
"Parainen Utö","2020","8","2","18:00","64.4"
"Parainen Utö","2020","8","2","19:00","11.7"
"Parainen Utö","2020","8","2","20:00","-1.7"
"Parainen Utö","2020","8","2","21:00","-2.1"
"Parainen Utö","2020","8","2","22:00","-2.2"
"Parainen Utö","2020","8","2","23:00","-1.9"
"Parainen Utö","2020","8","3","00:00","-2.1"
"Parainen Utö","2020","8","3","01:00","-1.9"
"Parainen Utö","2020","8","3","02:00","-1.3"
"Parainen Utö","2020","8","3","03:00","0.4"
"Parainen Utö","2020","8","3","04:00","30.4"
"Parainen Utö","2020","8","3","05:00","99.9"
"Parainen Utö","2020","8","3","06:00","282.1"
"Parainen Utö","2020","8","3","07:00","449.3"
"Parainen Utö","2020","8","3","08:00","550.2"
"Parainen Utö","2020","8","3","09:00","597.7"
"Parainen Utö","2020","8","3","10:00","696.9"
"Parainen Utö","2020","8","3","11:00","739.4"
"Parainen Utö","2020","8","3","12:00","745.1"
"Parainen Utö","2020","8","3","13:00","651.9"
"Parainen Utö","2020","8","3","14:00","562.7"
"Parainen Utö","2020","8","3","15:00","500.4"
"Parainen Utö","2020","8","3","16:00","363.5"
"Parainen Utö","2020","8","3","17:00","231.1"
"Parainen Utö","2020","8","3","18:00","110"
"Parainen Utö","2020","8","3","19:00","19.6"
"Parainen Utö","2020","8","3","20:00","-1.9"
"Parainen Utö","2020","8","3","21:00","-3.2"
"Parainen Utö","2020","8","3","22:00","-2.9"
"Parainen Utö","2020","8","3","23:00","-2.8"
"Parainen Utö","2020","8","4","00:00","-2.6"
"Parainen Utö","2020","8","4","01:00","-2.6"
"Parainen Utö","2020","8","4","02:00","-2.1"
"Parainen Utö","2020","8","4","03:00","3.5"
"Parainen Utö","2020","8","4","04:00","34"
"Parainen Utö","2020","8","4","05:00","124.1"
"Parainen Utö","2020","8","4","06:00","334.1"
"Parainen Utö","2020","8","4","07:00","439.8"
"Parainen Utö","2020","8","4","08:00","576.4"
"Parainen Utö","2020","8","4","09:00","654.6"
"Parainen Utö","2020","8","4","10:00","726.8"
"Parainen Utö","2020","8","4","11:00","739"
"Parainen Utö","2020","8","4","12:00","720.2"
"Parainen Utö","2020","8","4","13:00","640.6"
"Parainen Utö","2020","8","4","14:00","567.6"
"Parainen Utö","2020","8","4","15:00","453.3"
"Parainen Utö","2020","8","4","16:00","340.5"
"Parainen Utö","2020","8","4","17:00","249.4"
"Parainen Utö","2020","8","4","18:00","117.3"
"Parainen Utö","2020","8","4","19:00","21"
"Parainen Utö","2020","8","4","20:00","-2.1"
"Parainen Utö","2020","8","4","21:00","-2.8"
"Parainen Utö","2020","8","4","22:00","-2.9"
"Parainen Utö","2020","8","4","23:00","-2.7"
"Parainen Utö","2020","8","5","00:00","-2.9"
"Parainen Utö","2020","8","5","01:00","-3"
"Parainen Utö","2020","8","5","02:00","-2.8"
"Parainen Utö","2020","8","5","03:00","2.9"
"Parainen Utö","2020","8","5","04:00","63"
"Parainen Utö","2020","8","5","05:00","187.5"
"Parainen Utö","2020","8","5","06:00","320.5"
"Parainen Utö","2020","8","5","07:00","444.4"
"Parainen Utö","2020","8","5","08:00","544"
"Parainen Utö","2020","8","5","09:00","517.1"
"Parainen Utö","2020","8","5","10:00","640.3"
"Parainen Utö","2020","8","5","11:00","666.6"
"Parainen Utö","2020","8","5","12:00","529.7"
"Parainen Utö","2020","8","5","13:00","483.5"
"Parainen Utö","2020","8","5","14:00","489.4"
"Parainen Utö","2020","8","5","15:00","176.5"
"Parainen Utö","2020","8","5","16:00","264.4"
"Parainen Utö","2020","8","5","17:00","153"
"Parainen Utö","2020","8","5","18:00","74.4"
"Parainen Utö","2020","8","5","19:00","17.8"
"Parainen Utö","2020","8","5","20:00","-2"
"Parainen Utö","2020","8","5","21:00","-1.9"
"Parainen Utö","2020","8","5","22:00","-2.2"
"Parainen Utö","2020","8","5","23:00","-1.9"
"Parainen Utö","2020","8","6","00:00","-1.6"
"Parainen Utö","2020","8","6","01:00","-1.7"
"Parainen Utö","2020","8","6","02:00","-1.6"
"Parainen Utö","2020","8","6","03:00","0.9"
"Parainen Utö","2020","8","6","04:00","25.3"
"Parainen Utö","2020","8","6","05:00","76.4"
"Parainen Utö","2020","8","6","06:00","128.6"
"Parainen Utö","2020","8","6","07:00","143.9"
"Parainen Utö","2020","8","6","08:00","201.3"
"Parainen Utö","2020","8","6","09:00","423.1"
"Parainen Utö","2020","8","6","10:00","514.7"
"Parainen Utö","2020","8","6","11:00","604.2"
"Parainen Utö","2020","8","6","12:00","379.9"
"Parainen Utö","2020","8","6","13:00","301.2"
"Parainen Utö","2020","8","6","14:00","262.8"
"Parainen Utö","2020","8","6","15:00","164.2"
"Parainen Utö","2020","8","6","16:00","259.6"
"Parainen Utö","2020","8","6","17:00","218.4"
"Parainen Utö","2020","8","6","18:00","54.8"
"Parainen Utö","2020","8","6","19:00","9.2"
"Parainen Utö","2020","8","6","20:00","-1.6"
"Parainen Utö","2020","8","6","21:00","-1.4"
"Parainen Utö","2020","8","6","22:00","-1.3"
"Parainen Utö","2020","8","6","23:00","-1.5"
"Parainen Utö","2020","8","7","00:00","-2"
"Parainen Utö","2020","8","7","01:00","-2.2"
"Parainen Utö","2020","8","7","02:00","-1.5"
"Parainen Utö","2020","8","7","03:00","3.5"
"Parainen Utö","2020","8","7","04:00","53.1"
"Parainen Utö","2020","8","7","05:00","170.9"
"Parainen Utö","2020","8","7","06:00","301.2"
"Parainen Utö","2020","8","7","07:00","428.2"
"Parainen Utö","2020","8","7","08:00","543.4"
"Parainen Utö","2020","8","7","09:00","635.4"
"Parainen Utö","2020","8","7","10:00","693.1"
"Parainen Utö","2020","8","7","11:00","718.5"
"Parainen Utö","2020","8","7","12:00","700.8"
"Parainen Utö","2020","8","7","13:00","604.1"
"Parainen Utö","2020","8","7","14:00","563"
"Parainen Utö","2020","8","7","15:00","455.4"
"Parainen Utö","2020","8","7","16:00","330"
"Parainen Utö","2020","8","7","17:00","203.6"
"Parainen Utö","2020","8","7","18:00","89.1"
"Parainen Utö","2020","8","7","19:00","12"
"Parainen Utö","2020","8","7","20:00","-2.4"
"Parainen Utö","2020","8","7","21:00","-2.5"
"Parainen Utö","2020","8","7","22:00","-2.8"
"Parainen Utö","2020","8","7","23:00","-2.7"
"Parainen Utö","2020","8","8","00:00","-2.5"
"Parainen Utö","2020","8","8","01:00","-2.6"
"Parainen Utö","2020","8","8","02:00","-2.5"
"Parainen Utö","2020","8","8","03:00","2.6"
"Parainen Utö","2020","8","8","04:00","53"
"Parainen Utö","2020","8","8","05:00","168.9"
"Parainen Utö","2020","8","8","06:00","300.5"
"Parainen Utö","2020","8","8","07:00","308.7"
"Parainen Utö","2020","8","8","08:00","552.7"
"Parainen Utö","2020","8","8","09:00","568.1"
"Parainen Utö","2020","8","8","10:00","689.9"
"Parainen Utö","2020","8","8","11:00","714.2"
"Parainen Utö","2020","8","8","12:00","699.6"
"Parainen Utö","2020","8","8","13:00","605.6"
"Parainen Utö","2020","8","8","14:00","564.8"
"Parainen Utö","2020","8","8","15:00","457.8"
"Parainen Utö","2020","8","8","16:00","333.9"
"Parainen Utö","2020","8","8","17:00","204.3"
"Parainen Utö","2020","8","8","18:00","87.3"
"Parainen Utö","2020","8","8","19:00","8.1"
"Parainen Utö","2020","8","8","20:00","-2.5"
"Parainen Utö","2020","8","8","21:00","-2.7"
"Parainen Utö","2020","8","8","22:00","-2.6"
"Parainen Utö","2020","8","8","23:00","-2.9"
"Parainen Utö","2020","8","9","00:00","-2.5"
"Parainen Utö","2020","8","9","01:00","-2.7"
"Parainen Utö","2020","8","9","02:00","-2.6"
"Parainen Utö","2020","8","9","03:00","5.7"
"Parainen Utö","2020","8","9","04:00","25.4"
"Parainen Utö","2020","8","9","05:00","101.1"
"Parainen Utö","2020","8","9","06:00","293.9"
"Parainen Utö","2020","8","9","07:00","413.1"
"Parainen Utö","2020","8","9","08:00","520.5"
"Parainen Utö","2020","8","9","09:00","623.9"
"Parainen Utö","2020","8","9","10:00","682.7"
"Parainen Utö","2020","8","9","11:00","703.8"
"Parainen Utö","2020","8","9","12:00","678"
"Parainen Utö","2020","8","9","13:00","593.2"
"Parainen Utö","2020","8","9","14:00","546.2"
"Parainen Utö","2020","8","9","15:00","448.2"
"Parainen Utö","2020","8","9","16:00","326.9"
"Parainen Utö","2020","8","9","17:00","171.4"
"Parainen Utö","2020","8","9","18:00","79.1"
"Parainen Utö","2020","8","9","19:00","9.2"
"Parainen Utö","2020","8","9","20:00","-2.4"
"Parainen Utö","2020","8","9","21:00","-2.8"
"Parainen Utö","2020","8","9","22:00","-3"
"Parainen Utö","2020","8","9","23:00","-2.6"
"Parainen Utö","2020","8","10","00:00","-3.2"
"Parainen Utö","2020","8","10","01:00","-3.1"
"Parainen Utö","2020","8","10","02:00","-3.2"
"Parainen Utö","2020","8","10","03:00","1.7"
"Parainen Utö","2020","8","10","04:00","50.2"
"Parainen Utö","2020","8","10","05:00","169.6"
"Parainen Utö","2020","8","10","06:00","304"
"Parainen Utö","2020","8","10","07:00","436.5"
"Parainen Utö","2020","8","10","08:00","552.3"
"Parainen Utö","2020","8","10","09:00","647.2"
"Parainen Utö","2020","8","10","10:00","710.2"
"Parainen Utö","2020","8","10","11:00","733.6"
"Parainen Utö","2020","8","10","12:00","717.5"
"Parainen Utö","2020","8","10","13:00","616.4"
"Parainen Utö","2020","8","10","14:00","576.8"
"Parainen Utö","2020","8","10","15:00","467.2"
"Parainen Utö","2020","8","10","16:00","338.8"
"Parainen Utö","2020","8","10","17:00","202"
"Parainen Utö","2020","8","10","18:00","84.6"
"Parainen Utö","2020","8","10","19:00","7.9"
"Parainen Utö","2020","8","10","20:00","-3.1"
"Parainen Utö","2020","8","10","21:00","-3.1"
"Parainen Utö","2020","8","10","22:00","-2.8"
"Parainen Utö","2020","8","10","23:00","-2.9"
"Parainen Utö","2020","8","11","00:00","-2.9"
"Parainen Utö","2020","8","11","01:00","-3"
"Parainen Utö","2020","8","11","02:00","-3.1"
"Parainen Utö","2020","8","11","03:00","2.3"
"Parainen Utö","2020","8","11","04:00","51.1"
"Parainen Utö","2020","8","11","05:00","160.9"
"Parainen Utö","2020","8","11","06:00","292.8"
"Parainen Utö","2020","8","11","07:00","422.4"
"Parainen Utö","2020","8","11","08:00","541.1"
"Parainen Utö","2020","8","11","09:00","637.4"
"Parainen Utö","2020","8","11","10:00","681.9"
"Parainen Utö","2020","8","11","11:00","721.1"
"Parainen Utö","2020","8","11","12:00","697.6"
"Parainen Utö","2020","8","11","13:00","598.4"
"Parainen Utö","2020","8","11","14:00","565.2"
"Parainen Utö","2020","8","11","15:00","459.8"
"Parainen Utö","2020","8","11","16:00","329.7"
"Parainen Utö","2020","8","11","17:00","194.3"
"Parainen Utö","2020","8","11","18:00","71.7"
"Parainen Utö","2020","8","11","19:00","5.2"
"Parainen Utö","2020","8","11","20:00","-3.1"
"Parainen Utö","2020","8","11","21:00","-3"
"Parainen Utö","2020","8","11","22:00","-3.1"
"Parainen Utö","2020","8","11","23:00","-2.7"
"Parainen Utö","2020","8","12","00:00","-2.3"
"Parainen Utö","2020","8","12","01:00","-2.6"
"Parainen Utö","2020","8","12","02:00","-3"
"Parainen Utö","2020","8","12","03:00","0.3"
"Parainen Utö","2020","8","12","04:00","41.7"
"Parainen Utö","2020","8","12","05:00","148.2"
"Parainen Utö","2020","8","12","06:00","265"
"Parainen Utö","2020","8","12","07:00","417.8"
"Parainen Utö","2020","8","12","08:00","540.6"
"Parainen Utö","2020","8","12","09:00","636"
"Parainen Utö","2020","8","12","10:00","702.4"
"Parainen Utö","2020","8","12","11:00","691.8"
"Parainen Utö","2020","8","12","12:00","642"
"Parainen Utö","2020","8","12","13:00","540.8"
"Parainen Utö","2020","8","12","14:00","538.5"
"Parainen Utö","2020","8","12","15:00","453.5"
"Parainen Utö","2020","8","12","16:00","213.1"
"Parainen Utö","2020","8","12","17:00","60.2"
"Parainen Utö","2020","8","12","18:00","12.4"
"Parainen Utö","2020","8","12","19:00","-1.4"
"Parainen Utö","2020","8","12","20:00","-1.2"
"Parainen Utö","2020","8","12","21:00","-1.4"
"Parainen Utö","2020","8","12","22:00","-1.4"
"Parainen Utö","2020","8","12","23:00","-1.5"
"Parainen Utö","2020","8","13","00:00","-1.9"
"Parainen Utö","2020","8","13","01:00","-2.4"
"Parainen Utö","2020","8","13","02:00","-2.4"
"Parainen Utö","2020","8","13","03:00","0.4"
"Parainen Utö","2020","8","13","04:00","44"
"Parainen Utö","2020","8","13","05:00","145.9"
"Parainen Utö","2020","8","13","06:00","279.5"
"Parainen Utö","2020","8","13","07:00","266.8"
"Parainen Utö","2020","8","13","08:00","179"
"Parainen Utö","2020","8","13","09:00","273.1"
"Parainen Utö","2020","8","13","10:00","275.3"
"Parainen Utö","2020","8","13","11:00","328"
"Parainen Utö","2020","8","13","12:00","295.3"
"Parainen Utö","2020","8","13","13:00","488.8"
"Parainen Utö","2020","8","13","14:00","509.7"
"Parainen Utö","2020","8","13","15:00","342.7"
"Parainen Utö","2020","8","13","16:00","69.1"
"Parainen Utö","2020","8","13","17:00","65.4"
"Parainen Utö","2020","8","13","18:00","41.3"
"Parainen Utö","2020","8","13","19:00","3.6"
"Parainen Utö","2020","8","13","20:00","-2.8"
"Parainen Utö","2020","8","13","21:00","-2.6"
"Parainen Utö","2020","8","13","22:00","-2.8"
"Parainen Utö","2020","8","13","23:00","-2.5"
"Parainen Utö","2020","8","14","00:00","-2.4"
"Parainen Utö","2020","8","14","01:00","-2.2"
"Parainen Utö","2020","8","14","02:00","-2.1"
"Parainen Utö","2020","8","14","03:00","0.7"
"Parainen Utö","2020","8","14","04:00","29.5"
"Parainen Utö","2020","8","14","05:00","146.7"
"Parainen Utö","2020","8","14","06:00","282.6"
"Parainen Utö","2020","8","14","07:00","407.7"
"Parainen Utö","2020","8","14","08:00","517"
"Parainen Utö","2020","8","14","09:00","501.8"
"Parainen Utö","2020","8","14","10:00","609"
"Parainen Utö","2020","8","14","11:00","520.6"
"Parainen Utö","2020","8","14","12:00","396"
"Parainen Utö","2020","8","14","13:00","483.7"
"Parainen Utö","2020","8","14","14:00","510.8"
"Parainen Utö","2020","8","14","15:00","413.6"
"Parainen Utö","2020","8","14","16:00","296.3"
"Parainen Utö","2020","8","14","17:00","168.8"
"Parainen Utö","2020","8","14","18:00","58.6"
"Parainen Utö","2020","8","14","19:00","2.9"
"Parainen Utö","2020","8","14","20:00","-2.6"
"Parainen Utö","2020","8","14","21:00","-2.6"
"Parainen Utö","2020","8","14","22:00","-2.7"
"Parainen Utö","2020","8","14","23:00","-2.5"
"Parainen Utö","2020","8","15","00:00","-2.6"
"Parainen Utö","2020","8","15","01:00","-2.4"
"Parainen Utö","2020","8","15","02:00","-2.3"
"Parainen Utö","2020","8","15","03:00","-0.6"
"Parainen Utö","2020","8","15","04:00","30.5"
"Parainen Utö","2020","8","15","05:00","132.7"
"Parainen Utö","2020","8","15","06:00","261.6"
"Parainen Utö","2020","8","15","07:00","381.6"
"Parainen Utö","2020","8","15","08:00","496.5"
"Parainen Utö","2020","8","15","09:00","596.7"
"Parainen Utö","2020","8","15","10:00","658"
"Parainen Utö","2020","8","15","11:00","679"
"Parainen Utö","2020","8","15","12:00","658.9"
"Parainen Utö","2020","8","15","13:00","517"
"Parainen Utö","2020","8","15","14:00","518.5"
"Parainen Utö","2020","8","15","15:00","393.9"
"Parainen Utö","2020","8","15","16:00","324.1"
"Parainen Utö","2020","8","15","17:00","171.7"
"Parainen Utö","2020","8","15","18:00","56.1"
"Parainen Utö","2020","8","15","19:00","2.5"
"Parainen Utö","2020","8","15","20:00","-2.6"
"Parainen Utö","2020","8","15","21:00","-2.7"
"Parainen Utö","2020","8","15","22:00","-2.7"
"Parainen Utö","2020","8","15","23:00","-2.3"
"Parainen Utö","2020","8","16","00:00","-2.4"
"Parainen Utö","2020","8","16","01:00","-2"
"Parainen Utö","2020","8","16","02:00","-2"
"Parainen Utö","2020","8","16","03:00","-0.1"
"Parainen Utö","2020","8","16","04:00","13.1"
"Parainen Utö","2020","8","16","05:00","128.8"
"Parainen Utö","2020","8","16","06:00","252"
"Parainen Utö","2020","8","16","07:00","382.5"
"Parainen Utö","2020","8","16","08:00","498.7"
"Parainen Utö","2020","8","16","09:00","591.8"
"Parainen Utö","2020","8","16","10:00","652.3"
"Parainen Utö","2020","8","16","11:00","680"
"Parainen Utö","2020","8","16","12:00","668.3"
"Parainen Utö","2020","8","16","13:00","576"
"Parainen Utö","2020","8","16","14:00","542"
"Parainen Utö","2020","8","16","15:00","379.3"
"Parainen Utö","2020","8","16","16:00","303.3"
"Parainen Utö","2020","8","16","17:00","173.4"
"Parainen Utö","2020","8","16","18:00","59"
"Parainen Utö","2020","8","16","19:00","1.6"
"Parainen Utö","2020","8","16","20:00","-3.3"
"Parainen Utö","2020","8","16","21:00","-3.1"
"Parainen Utö","2020","8","16","22:00","-3"
"Parainen Utö","2020","8","16","23:00","-2.8"
"Parainen Utö","2020","8","17","00:00","-2.8"
"Parainen Utö","2020","8","17","01:00","-2.7"
"Parainen Utö","2020","8","17","02:00","-2.5"
"Parainen Utö","2020","8","17","03:00","-1.1"
"Parainen Utö","2020","8","17","04:00","18.4"
"Parainen Utö","2020","8","17","05:00","118"
"Parainen Utö","2020","8","17","06:00","109.8"
"Parainen Utö","2020","8","17","07:00","378.2"
"Parainen Utö","2020","8","17","08:00","525.8"
"Parainen Utö","2020","8","17","09:00","590.1"
"Parainen Utö","2020","8","17","10:00","550.9"
"Parainen Utö","2020","8","17","11:00","587.3"
"Parainen Utö","2020","8","17","12:00","648.4"
"Parainen Utö","2020","8","17","13:00","542.2"
"Parainen Utö","2020","8","17","14:00","469"
"Parainen Utö","2020","8","17","15:00","385.6"
"Parainen Utö","2020","8","17","16:00","218.2"
"Parainen Utö","2020","8","17","17:00","133.2"
"Parainen Utö","2020","8","17","18:00","64.2"
"Parainen Utö","2020","8","17","19:00","3.6"
"Parainen Utö","2020","8","17","20:00","-2.9"
"Parainen Utö","2020","8","17","21:00","-2.7"
"Parainen Utö","2020","8","17","22:00","-2.6"
"Parainen Utö","2020","8","17","23:00","-2.5"
"Parainen Utö","2020","8","18","00:00","-2"
"Parainen Utö","2020","8","18","01:00","-1.9"
"Parainen Utö","2020","8","18","02:00","-1.9"
"Parainen Utö","2020","8","18","03:00","-1.1"
"Parainen Utö","2020","8","18","04:00","18.4"
"Parainen Utö","2020","8","18","05:00","87.6"
"Parainen Utö","2020","8","18","06:00","249.6"
"Parainen Utö","2020","8","18","07:00","384"
"Parainen Utö","2020","8","18","08:00","502.1"
"Parainen Utö","2020","8","18","09:00","586.3"
"Parainen Utö","2020","8","18","10:00","645.8"
"Parainen Utö","2020","8","18","11:00","670.1"
"Parainen Utö","2020","8","18","12:00","657.1"
"Parainen Utö","2020","8","18","13:00","556.8"
"Parainen Utö","2020","8","18","14:00","486.2"
"Parainen Utö","2020","8","18","15:00","407.4"
"Parainen Utö","2020","8","18","16:00","282.7"
"Parainen Utö","2020","8","18","17:00","145.2"
"Parainen Utö","2020","8","18","18:00","44.9"
"Parainen Utö","2020","8","18","19:00","-0.2"
"Parainen Utö","2020","8","18","20:00","-3"
"Parainen Utö","2020","8","18","21:00","-2.9"
"Parainen Utö","2020","8","18","22:00","-2.7"
"Parainen Utö","2020","8","18","23:00","-2.9"
"Parainen Utö","2020","8","19","00:00","-2.6"
"Parainen Utö","2020","8","19","01:00","-2.8"
"Parainen Utö","2020","8","19","02:00","-2.7"
"Parainen Utö","2020","8","19","03:00","-1.5"
"Parainen Utö","2020","8","19","04:00","20.2"
"Parainen Utö","2020","8","19","05:00","119.6"
"Parainen Utö","2020","8","19","06:00","244.7"
"Parainen Utö","2020","8","19","07:00","375.1"
"Parainen Utö","2020","8","19","08:00","494.6"
"Parainen Utö","2020","8","19","09:00","584.9"
"Parainen Utö","2020","8","19","10:00","646.8"
"Parainen Utö","2020","8","19","11:00","672.7"
"Parainen Utö","2020","8","19","12:00","651.8"
"Parainen Utö","2020","8","19","13:00","559.3"
"Parainen Utö","2020","8","19","14:00","517"
"Parainen Utö","2020","8","19","15:00","407.1"
"Parainen Utö","2020","8","19","16:00","282.1"
"Parainen Utö","2020","8","19","17:00","154.1"
"Parainen Utö","2020","8","19","18:00","43.7"
"Parainen Utö","2020","8","19","19:00","-0.7"
"Parainen Utö","2020","8","19","20:00","-3"
"Parainen Utö","2020","8","19","21:00","-2.8"
"Parainen Utö","2020","8","19","22:00","-2.7"
"Parainen Utö","2020","8","19","23:00","-2.8"
"Parainen Utö","2020","8","20","00:00","-3.2"
"Parainen Utö","2020","8","20","01:00","-3"
"Parainen Utö","2020","8","20","02:00","-2.8"
"Parainen Utö","2020","8","20","03:00","-1.9"
"Parainen Utö","2020","8","20","04:00","19.8"
"Parainen Utö","2020","8","20","05:00","124"
"Parainen Utö","2020","8","20","06:00","235.6"
"Parainen Utö","2020","8","20","07:00","364.8"
"Parainen Utö","2020","8","20","08:00","482.6"
"Parainen Utö","2020","8","20","09:00","543.3"
"Parainen Utö","2020","8","20","10:00","639.3"
"Parainen Utö","2020","8","20","11:00","658.2"
"Parainen Utö","2020","8","20","12:00","503.6"
"Parainen Utö","2020","8","20","13:00","379.8"
"Parainen Utö","2020","8","20","14:00","474"
"Parainen Utö","2020","8","20","15:00","428.7"
"Parainen Utö","2020","8","20","16:00","251.6"
"Parainen Utö","2020","8","20","17:00","104.2"
"Parainen Utö","2020","8","20","18:00","36.7"
"Parainen Utö","2020","8","20","19:00","-0.1"
"Parainen Utö","2020","8","20","20:00","-1.9"
"Parainen Utö","2020","8","20","21:00","-2.3"
"Parainen Utö","2020","8","20","22:00","-2.8"
"Parainen Utö","2020","8","20","23:00","-2.4"
"Parainen Utö","2020","8","21","00:00","-2.6"
"Parainen Utö","2020","8","21","01:00","-2.6"
"Parainen Utö","2020","8","21","02:00","-2.5"
"Parainen Utö","2020","8","21","03:00","-2"
"Parainen Utö","2020","8","21","04:00","17.5"
"Parainen Utö","2020","8","21","05:00","107.8"
"Parainen Utö","2020","8","21","06:00","232"
"Parainen Utö","2020","8","21","07:00","365.5"
"Parainen Utö","2020","8","21","08:00","488.4"
"Parainen Utö","2020","8","21","09:00","576.7"
"Parainen Utö","2020","8","21","10:00","641"
"Parainen Utö","2020","8","21","11:00","665"
"Parainen Utö","2020","8","21","12:00","639.8"
"Parainen Utö","2020","8","21","13:00","547.2"
"Parainen Utö","2020","8","21","14:00","339.2"
"Parainen Utö","2020","8","21","15:00","228.3"
"Parainen Utö","2020","8","21","16:00","138.6"
"Parainen Utö","2020","8","21","17:00","81.6"
"Parainen Utö","2020","8","21","18:00","20.6"
"Parainen Utö","2020","8","21","19:00","-1.4"
"Parainen Utö","2020","8","21","20:00","-2"
"Parainen Utö","2020","8","21","21:00","-2"
"Parainen Utö","2020","8","21","22:00","-1.9"
"Parainen Utö","2020","8","21","23:00","-1.7"
"Parainen Utö","2020","8","22","00:00","-2.7"
"Parainen Utö","2020","8","22","01:00","-2.7"
"Parainen Utö","2020","8","22","02:00","-3.4"
"Parainen Utö","2020","8","22","03:00","-1.9"
"Parainen Utö","2020","8","22","04:00","5.8"
"Parainen Utö","2020","8","22","05:00","55.4"
"Parainen Utö","2020","8","22","06:00","137"
"Parainen Utö","2020","8","22","07:00","268.5"
"Parainen Utö","2020","8","22","08:00","253.4"
"Parainen Utö","2020","8","22","09:00","279.5"
"Parainen Utö","2020","8","22","10:00","82.5"
"Parainen Utö","2020","8","22","11:00","60.7"
"Parainen Utö","2020","8","22","12:00","223.1"
"Parainen Utö","2020","8","22","13:00","105.1"
"Parainen Utö","2020","8","22","14:00","45.1"
"Parainen Utö","2020","8","22","15:00","47.9"
"Parainen Utö","2020","8","22","16:00","165.8"
"Parainen Utö","2020","8","22","17:00","104.3"
"Parainen Utö","2020","8","22","18:00","46.7"
"Parainen Utö","2020","8","22","19:00","-0.5"
"Parainen Utö","2020","8","22","20:00","-2.6"
"Parainen Utö","2020","8","22","21:00","-2.7"
"Parainen Utö","2020","8","22","22:00","-2.6"
"Parainen Utö","2020","8","22","23:00","-2.7"
"Parainen Utö","2020","8","23","00:00","-2.8"
"Parainen Utö","2020","8","23","01:00","-2.6"
"Parainen Utö","2020","8","23","02:00","-3.1"
"Parainen Utö","2020","8","23","03:00","-2.6"
"Parainen Utö","2020","8","23","04:00","9.7"
"Parainen Utö","2020","8","23","05:00","107.1"
"Parainen Utö","2020","8","23","06:00","233.8"
"Parainen Utö","2020","8","23","07:00","366.8"
"Parainen Utö","2020","8","23","08:00","435.7"
"Parainen Utö","2020","8","23","09:00","559.3"
"Parainen Utö","2020","8","23","10:00","617.9"
"Parainen Utö","2020","8","23","11:00","670"
"Parainen Utö","2020","8","23","12:00","647.8"
"Parainen Utö","2020","8","23","13:00","475.1"
"Parainen Utö","2020","8","23","14:00","405.8"
"Parainen Utö","2020","8","23","15:00","391.4"
"Parainen Utö","2020","8","23","16:00","168.7"
"Parainen Utö","2020","8","23","17:00","127.8"
"Parainen Utö","2020","8","23","18:00","16"
"Parainen Utö","2020","8","23","19:00","-1.2"
"Parainen Utö","2020","8","23","20:00","-1.9"
"Parainen Utö","2020","8","23","21:00","-2.4"
"Parainen Utö","2020","8","23","22:00","-2.4"
"Parainen Utö","2020","8","23","23:00","-2.5"
"Parainen Utö","2020","8","24","00:00","-2.9"
"Parainen Utö","2020","8","24","01:00","-2.5"
"Parainen Utö","2020","8","24","02:00","-2.8"
"Parainen Utö","2020","8","24","03:00","-2.3"
"Parainen Utö","2020","8","24","04:00","11.5"
"Parainen Utö","2020","8","24","05:00","95.4"
"Parainen Utö","2020","8","24","06:00","202.8"
"Parainen Utö","2020","8","24","07:00","209.9"
"Parainen Utö","2020","8","24","08:00","150.8"
"Parainen Utö","2020","8","24","09:00","162.3"
"Parainen Utö","2020","8","24","10:00","254.4"
"Parainen Utö","2020","8","24","11:00","558.9"
"Parainen Utö","2020","8","24","12:00","635.7"
"Parainen Utö","2020","8","24","13:00","505.5"
"Parainen Utö","2020","8","24","14:00","189.7"
"Parainen Utö","2020","8","24","15:00","404.2"
"Parainen Utö","2020","8","24","16:00","269.5"
"Parainen Utö","2020","8","24","17:00","73.7"
"Parainen Utö","2020","8","24","18:00","1.8"
"Parainen Utö","2020","8","24","19:00","-1.7"
"Parainen Utö","2020","8","24","20:00","-1.2"
"Parainen Utö","2020","8","24","21:00","-1.1"
"Parainen Utö","2020","8","24","22:00","-0.7"
"Parainen Utö","2020","8","24","23:00","-2.5"
"Parainen Utö","2020","8","25","00:00","-1"
"Parainen Utö","2020","8","25","01:00","-1.6"
"Parainen Utö","2020","8","25","02:00","-2.5"
"Parainen Utö","2020","8","25","03:00","-2.5"
"Parainen Utö","2020","8","25","04:00","8"
"Parainen Utö","2020","8","25","05:00","73.9"
"Parainen Utö","2020","8","25","06:00","251.8"
"Parainen Utö","2020","8","25","07:00","330.1"
"Parainen Utö","2020","8","25","08:00","488.8"
"Parainen Utö","2020","8","25","09:00","601.3"
"Parainen Utö","2020","8","25","10:00","655.8"
"Parainen Utö","2020","8","25","11:00","677.3"
"Parainen Utö","2020","8","25","12:00","658.5"
"Parainen Utö","2020","8","25","13:00","498.9"
"Parainen Utö","2020","8","25","14:00","505"
"Parainen Utö","2020","8","25","15:00","362.2"
"Parainen Utö","2020","8","25","16:00","276.9"
"Parainen Utö","2020","8","25","17:00","133.7"
"Parainen Utö","2020","8","25","18:00","24.7"
"Parainen Utö","2020","8","25","19:00","-2.6"
"Parainen Utö","2020","8","25","20:00","-3.2"
"Parainen Utö","2020","8","25","21:00","-3"
"Parainen Utö","2020","8","25","22:00","-3.1"
"Parainen Utö","2020","8","25","23:00","-3"
"Parainen Utö","2020","8","26","00:00","-3.1"
"Parainen Utö","2020","8","26","01:00","-3.3"
"Parainen Utö","2020","8","26","02:00","-3.4"
"Parainen Utö","2020","8","26","03:00","-3.3"
"Parainen Utö","2020","8","26","04:00","7.5"
"Parainen Utö","2020","8","26","05:00","104"
"Parainen Utö","2020","8","26","06:00","238.6"
"Parainen Utö","2020","8","26","07:00","373.4"
"Parainen Utö","2020","8","26","08:00","493"
"Parainen Utö","2020","8","26","09:00","585"
"Parainen Utö","2020","8","26","10:00","641.7"
"Parainen Utö","2020","8","26","11:00","670.9"
"Parainen Utö","2020","8","26","12:00","653.9"
"Parainen Utö","2020","8","26","13:00","544.3"
"Parainen Utö","2020","8","26","14:00","339.3"
"Parainen Utö","2020","8","26","15:00","197.5"
"Parainen Utö","2020","8","26","16:00","113.6"
"Parainen Utö","2020","8","26","17:00","56.3"
"Parainen Utö","2020","8","26","18:00","6.8"
"Parainen Utö","2020","8","26","19:00","-1.9"
"Parainen Utö","2020","8","26","20:00","-2.3"
"Parainen Utö","2020","8","26","21:00","-2"
"Parainen Utö","2020","8","26","22:00","-2"
"Parainen Utö","2020","8","26","23:00","-2.4"
"Parainen Utö","2020","8","27","00:00","-2"
"Parainen Utö","2020","8","27","01:00","-2.5"
"Parainen Utö","2020","8","27","02:00","-3.2"
"Parainen Utö","2020","8","27","03:00","-3"
"Parainen Utö","2020","8","27","04:00","4.4"
"Parainen Utö","2020","8","27","05:00","97.2"
"Parainen Utö","2020","8","27","06:00","233.2"
"Parainen Utö","2020","8","27","07:00","366.4"
"Parainen Utö","2020","8","27","08:00","464.7"
"Parainen Utö","2020","8","27","09:00","583.2"
"Parainen Utö","2020","8","27","10:00","640.1"
"Parainen Utö","2020","8","27","11:00","663"
"Parainen Utö","2020","8","27","12:00","625.9"
"Parainen Utö","2020","8","27","13:00","541"
"Parainen Utö","2020","8","27","14:00","480.8"
"Parainen Utö","2020","8","27","15:00","383.2"
"Parainen Utö","2020","8","27","16:00","254.8"
"Parainen Utö","2020","8","27","17:00","116.2"
"Parainen Utö","2020","8","27","18:00","8.3"
"Parainen Utö","2020","8","27","19:00","-2.8"
"Parainen Utö","2020","8","27","20:00","-3.4"
"Parainen Utö","2020","8","27","21:00","-3.2"
"Parainen Utö","2020","8","27","22:00","-3.2"
"Parainen Utö","2020","8","27","23:00","-3.1"
"Parainen Utö","2020","8","28","00:00","-3"
"Parainen Utö","2020","8","28","01:00","-2.9"
"Parainen Utö","2020","8","28","02:00","-3"
"Parainen Utö","2020","8","28","03:00","-2.9"
"Parainen Utö","2020","8","28","04:00","8.7"
"Parainen Utö","2020","8","28","05:00","100.2"
"Parainen Utö","2020","8","28","06:00","201.1"
"Parainen Utö","2020","8","28","07:00","359.6"
"Parainen Utö","2020","8","28","08:00","436.9"
"Parainen Utö","2020","8","28","09:00","574.6"
"Parainen Utö","2020","8","28","10:00","640.5"
"Parainen Utö","2020","8","28","11:00","534.4"
"Parainen Utö","2020","8","28","12:00","565.6"
"Parainen Utö","2020","8","28","13:00","415"
"Parainen Utö","2020","8","28","14:00","524.5"
"Parainen Utö","2020","8","28","15:00","378.5"
"Parainen Utö","2020","8","28","16:00","240.5"
"Parainen Utö","2020","8","28","17:00","107.8"
"Parainen Utö","2020","8","28","18:00","13.2"
"Parainen Utö","2020","8","28","19:00","-3.3"
"Parainen Utö","2020","8","28","20:00","-3.2"
"Parainen Utö","2020","8","28","21:00","-3.2"
"Parainen Utö","2020","8","28","22:00","-3.4"
"Parainen Utö","2020","8","28","23:00","-3"
"Parainen Utö","2020","8","29","00:00","-3.1"
"Parainen Utö","2020","8","29","01:00","-3.5"
"Parainen Utö","2020","8","29","02:00","-3"
"Parainen Utö","2020","8","29","03:00","-3"
"Parainen Utö","2020","8","29","04:00","4.8"
"Parainen Utö","2020","8","29","05:00","96.6"
"Parainen Utö","2020","8","29","06:00","221.7"
"Parainen Utö","2020","8","29","07:00","311.8"
"Parainen Utö","2020","8","29","08:00","393.4"
"Parainen Utö","2020","8","29","09:00","437.2"
"Parainen Utö","2020","8","29","10:00","411.9"
"Parainen Utö","2020","8","29","11:00","656.3"
"Parainen Utö","2020","8","29","12:00","333"
"Parainen Utö","2020","8","29","13:00","217.1"
"Parainen Utö","2020","8","29","14:00","143.5"
"Parainen Utö","2020","8","29","15:00","118.2"
"Parainen Utö","2020","8","29","16:00","50.8"
"Parainen Utö","2020","8","29","17:00","14.6"
"Parainen Utö","2020","8","29","18:00","-0.5"
"Parainen Utö","2020","8","29","19:00","-2.2"
"Parainen Utö","2020","8","29","20:00","-2.1"
"Parainen Utö","2020","8","29","21:00","-2.1"
"Parainen Utö","2020","8","29","22:00","-2"
"Parainen Utö","2020","8","29","23:00","-2"
"Parainen Utö","2020","8","30","00:00","-0.8"
"Parainen Utö","2020","8","30","01:00","-0.6"
"Parainen Utö","2020","8","30","02:00","-1.3"
"Parainen Utö","2020","8","30","03:00","-2.2"
"Parainen Utö","2020","8","30","04:00","1.4"
"Parainen Utö","2020","8","30","05:00","31.3"
"Parainen Utö","2020","8","30","06:00","125.3"
"Parainen Utö","2020","8","30","07:00","210.7"
"Parainen Utö","2020","8","30","08:00","351.6"
"Parainen Utö","2020","8","30","09:00","554.6"
"Parainen Utö","2020","8","30","10:00","557.9"
"Parainen Utö","2020","8","30","11:00","416.3"
"Parainen Utö","2020","8","30","12:00","618.5"
"Parainen Utö","2020","8","30","13:00","517.6"
"Parainen Utö","2020","8","30","14:00","520.3"
"Parainen Utö","2020","8","30","15:00","266.6"
"Parainen Utö","2020","8","30","16:00","262.5"
"Parainen Utö","2020","8","30","17:00","98.7"
"Parainen Utö","2020","8","30","18:00","6.4"
"Parainen Utö","2020","8","30","19:00","-3"
"Parainen Utö","2020","8","30","20:00","-2.9"
"Parainen Utö","2020","8","30","21:00","-2.2"
"Parainen Utö","2020","8","30","22:00","-2.7"
"Parainen Utö","2020","8","30","23:00","-2.4"
"Parainen Utö","2020","8","31","00:00","-2.4"
"Parainen Utö","2020","8","31","01:00","-2.6"
"Parainen Utö","2020","8","31","02:00","-2.7"
"Parainen Utö","2020","8","31","03:00","-2.7"
"Parainen Utö","2020","8","31","04:00","4.3"
"Parainen Utö","2020","8","31","05:00","75.4"
"Parainen Utö","2020","8","31","06:00","108.9"
"Parainen Utö","2020","8","31","07:00","191.3"
"Parainen Utö","2020","8","31","08:00","293.4"
"Parainen Utö","2020","8","31","09:00","525.3"
"Parainen Utö","2020","8","31","10:00","574.3"
"Parainen Utö","2020","8","31","11:00","456.4"
"Parainen Utö","2020","8","31","12:00","347.4"
"Parainen Utö","2020","8","31","13:00","405.7"
"Parainen Utö","2020","8","31","14:00","454.2"
"Parainen Utö","2020","8","31","15:00","344.1"
"Parainen Utö","2020","8","31","16:00","84.9"
"Parainen Utö","2020","8","31","17:00","34.9"
"Parainen Utö","2020","8","31","18:00","5.1"
"Parainen Utö","2020","8","31","19:00","-1.4"
"Parainen Utö","2020","8","31","20:00","-1.9"
"Parainen Utö","2020","8","31","21:00","-2.3"
"Parainen Utö","2020","8","31","22:00","-2.8"
"Parainen Utö","2020","8","31","23:00","-3"
"Parainen Utö","2020","9","1","00:00","-2.8"
"Parainen Utö","2020","9","1","01:00","-3.3"
"Parainen Utö","2020","9","1","02:00","-3.1"
"Parainen Utö","2020","9","1","03:00","-2.9"
"Parainen Utö","2020","9","1","04:00","3.5"
"Parainen Utö","2020","9","1","05:00","70.7"
"Parainen Utö","2020","9","1","06:00","200.2"
"Parainen Utö","2020","9","1","07:00","334.2"
"Parainen Utö","2020","9","1","08:00","454.6"
"Parainen Utö","2020","9","1","09:00","550.1"
"Parainen Utö","2020","9","1","10:00","610.2"
"Parainen Utö","2020","9","1","11:00","632.7"
"Parainen Utö","2020","9","1","12:00","608.5"
"Parainen Utö","2020","9","1","13:00","512.5"
"Parainen Utö","2020","9","1","14:00","461.6"
"Parainen Utö","2020","9","1","15:00","344.9"
"Parainen Utö","2020","9","1","16:00","216.5"
"Parainen Utö","2020","9","1","17:00","88.8"
"Parainen Utö","2020","9","1","18:00","7.1"
"Parainen Utö","2020","9","1","19:00","-3.1"
"Parainen Utö","2020","9","1","20:00","-3.1"
"Parainen Utö","2020","9","1","21:00","-3"
"Parainen Utö","2020","9","1","22:00","-3.1"
"Parainen Utö","2020","9","1","23:00","-3.2"
"Parainen Utö","2020","9","2","00:00","-3.1"
"Parainen Utö","2020","9","2","01:00","-3.1"
"Parainen Utö","2020","9","2","02:00","-2.9"
"Parainen Utö","2020","9","2","03:00","-2"
"Parainen Utö","2020","9","2","04:00","5.6"
"Parainen Utö","2020","9","2","05:00","66.9"
"Parainen Utö","2020","9","2","06:00","101.7"
"Parainen Utö","2020","9","2","07:00","204.3"
"Parainen Utö","2020","9","2","08:00","317.5"
"Parainen Utö","2020","9","2","09:00","459.1"
"Parainen Utö","2020","9","2","10:00","372.4"
"Parainen Utö","2020","9","2","11:00","593.3"
"Parainen Utö","2020","9","2","12:00","461.3"
"Parainen Utö","2020","9","2","13:00","448.3"
"Parainen Utö","2020","9","2","14:00","390.3"
"Parainen Utö","2020","9","2","15:00","293.1"
"Parainen Utö","2020","9","2","16:00","66"
"Parainen Utö","2020","9","2","17:00","17"
"Parainen Utö","2020","9","2","18:00","0.7"
"Parainen Utö","2020","9","2","19:00","-2"
"Parainen Utö","2020","9","2","20:00","-1.7"
"Parainen Utö","2020","9","2","21:00","-1.6"
"Parainen Utö","2020","9","2","22:00","-1.6"
"Parainen Utö","2020","9","2","23:00","-1.5"
"Parainen Utö","2020","9","3","00:00","-1.4"
"Parainen Utö","2020","9","3","01:00","-1.3"
"Parainen Utö","2020","9","3","02:00","-1.4"
"Parainen Utö","2020","9","3","03:00","-1.4"
"Parainen Utö","2020","9","3","04:00","0.1"
"Parainen Utö","2020","9","3","05:00","13.6"
"Parainen Utö","2020","9","3","06:00","43.8"
"Parainen Utö","2020","9","3","07:00","108.2"
"Parainen Utö","2020","9","3","08:00","133.6"
"Parainen Utö","2020","9","3","09:00","103.4"
"Parainen Utö","2020","9","3","10:00","106"
"Parainen Utö","2020","9","3","11:00","212.6"
"Parainen Utö","2020","9","3","12:00","289.8"
"Parainen Utö","2020","9","3","13:00","96.3"
"Parainen Utö","2020","9","3","14:00","32.3"
"Parainen Utö","2020","9","3","15:00","54"
"Parainen Utö","2020","9","3","16:00","33.7"
"Parainen Utö","2020","9","3","17:00","27.3"
"Parainen Utö","2020","9","3","18:00","1.7"
"Parainen Utö","2020","9","3","19:00","-1.7"
"Parainen Utö","2020","9","3","20:00","-2.5"
"Parainen Utö","2020","9","3","21:00","-2.4"
"Parainen Utö","2020","9","3","22:00","-1.8"
"Parainen Utö","2020","9","3","23:00","-1.9"
"Parainen Utö","2020","9","4","00:00","-2"
"Parainen Utö","2020","9","4","01:00","-2"
"Parainen Utö","2020","9","4","02:00","-1.6"
"Parainen Utö","2020","9","4","03:00","-1.5"
"Parainen Utö","2020","9","4","04:00","0.2"
"Parainen Utö","2020","9","4","05:00","17.1"
"Parainen Utö","2020","9","4","06:00","87.7"
"Parainen Utö","2020","9","4","07:00","91"
"Parainen Utö","2020","9","4","08:00","243.8"
"Parainen Utö","2020","9","4","09:00","259.4"
"Parainen Utö","2020","9","4","10:00","189.1"
"Parainen Utö","2020","9","4","11:00","159.8"
"Parainen Utö","2020","9","4","12:00","97.8"
"Parainen Utö","2020","9","4","13:00","116.3"
"Parainen Utö","2020","9","4","14:00","104.1"
"Parainen Utö","2020","9","4","15:00","126.4"
"Parainen Utö","2020","9","4","16:00","48.6"
"Parainen Utö","2020","9","4","17:00","36"
"Parainen Utö","2020","9","4","18:00","1.8"
"Parainen Utö","2020","9","4","19:00","-1.9"
"Parainen Utö","2020","9","4","20:00","-2.1"
"Parainen Utö","2020","9","4","21:00","-2"
"Parainen Utö","2020","9","4","22:00","-1.7"
"Parainen Utö","2020","9","4","23:00","-1.7"
"Parainen Utö","2020","9","5","00:00","-2.5"
"Parainen Utö","2020","9","5","01:00","-2.4"
"Parainen Utö","2020","9","5","02:00","-2.2"
"Parainen Utö","2020","9","5","03:00","-2.9"
"Parainen Utö","2020","9","5","04:00","0.1"
"Parainen Utö","2020","9","5","05:00","23.8"
"Parainen Utö","2020","9","5","06:00","57.1"
"Parainen Utö","2020","9","5","07:00","51.1"
"Parainen Utö","2020","9","5","08:00","192.2"
"Parainen Utö","2020","9","5","09:00","331.8"
"Parainen Utö","2020","9","5","10:00","249.8"
"Parainen Utö","2020","9","5","11:00","245.6"
"Parainen Utö","2020","9","5","12:00","202.5"
"Parainen Utö","2020","9","5","13:00","167.5"
"Parainen Utö","2020","9","5","14:00","311.6"
"Parainen Utö","2020","9","5","15:00","312.2"
"Parainen Utö","2020","9","5","16:00","156.3"
"Parainen Utö","2020","9","5","17:00","47.4"
"Parainen Utö","2020","9","5","18:00","2.3"
"Parainen Utö","2020","9","5","19:00","-2.6"
"Parainen Utö","2020","9","5","20:00","-2.6"
"Parainen Utö","2020","9","5","21:00","-2.6"
"Parainen Utö","2020","9","5","22:00","-2.6"
"Parainen Utö","2020","9","5","23:00","-2.4"
"Parainen Utö","2020","9","6","00:00","-2.6"
"Parainen Utö","2020","9","6","01:00","-2.9"
"Parainen Utö","2020","9","6","02:00","-2.9"
"Parainen Utö","2020","9","6","03:00","-2.7"
"Parainen Utö","2020","9","6","04:00","0"
"Parainen Utö","2020","9","6","05:00","32.6"
"Parainen Utö","2020","9","6","06:00","92.5"
"Parainen Utö","2020","9","6","07:00","236.4"
"Parainen Utö","2020","9","6","08:00","382.8"
"Parainen Utö","2020","9","6","09:00","348"
"Parainen Utö","2020","9","6","10:00","453.4"
"Parainen Utö","2020","9","6","11:00","304"
"Parainen Utö","2020","9","6","12:00","397.7"
"Parainen Utö","2020","9","6","13:00","412.6"
"Parainen Utö","2020","9","6","14:00","341.5"
"Parainen Utö","2020","9","6","15:00","277.6"
"Parainen Utö","2020","9","6","16:00","134.4"
"Parainen Utö","2020","9","6","17:00","49.4"
"Parainen Utö","2020","9","6","18:00","1.5"
"Parainen Utö","2020","9","6","19:00","-3"
"Parainen Utö","2020","9","6","20:00","-2.9"
"Parainen Utö","2020","9","6","21:00","-2.9"
"Parainen Utö","2020","9","6","22:00","-3.1"
"Parainen Utö","2020","9","6","23:00","-2.8"
"Parainen Utö","2020","9","7","00:00","-2.7"
"Parainen Utö","2020","9","7","01:00","-2.7"
"Parainen Utö","2020","9","7","02:00","-2.6"
"Parainen Utö","2020","9","7","03:00","-2.8"
"Parainen Utö","2020","9","7","04:00","-0.4"
"Parainen Utö","2020","9","7","05:00","38.2"
"Parainen Utö","2020","9","7","06:00","53.6"
"Parainen Utö","2020","9","7","07:00","111.4"
"Parainen Utö","2020","9","7","08:00","70.2"
"Parainen Utö","2020","9","7","09:00","130.4"
"Parainen Utö","2020","9","7","10:00","201.9"
"Parainen Utö","2020","9","7","11:00","223.6"
"Parainen Utö","2020","9","7","12:00","568"
"Parainen Utö","2020","9","7","13:00","484.2"
"Parainen Utö","2020","9","7","14:00","386.2"
"Parainen Utö","2020","9","7","15:00","288.4"
"Parainen Utö","2020","9","7","16:00","190.2"
"Parainen Utö","2020","9","7","17:00","60"
"Parainen Utö","2020","9","7","18:00","0.3"
"Parainen Utö","2020","9","7","19:00","-3.2"
"Parainen Utö","2020","9","7","20:00","-2.9"
"Parainen Utö","2020","9","7","21:00","-3.1"
"Parainen Utö","2020","9","7","22:00","-3"
"Parainen Utö","2020","9","7","23:00","-2.9"
"Parainen Utö","2020","9","8","00:00","-2.8"
"Parainen Utö","2020","9","8","01:00","-2.6"
"Parainen Utö","2020","9","8","02:00","-2.3"
"Parainen Utö","2020","9","8","03:00","-2.1"
"Parainen Utö","2020","9","8","04:00","-1"
"Parainen Utö","2020","9","8","05:00","10.2"
"Parainen Utö","2020","9","8","06:00","25.8"
"Parainen Utö","2020","9","8","07:00","41.6"
"Parainen Utö","2020","9","8","08:00","92.6"
"Parainen Utö","2020","9","8","09:00","128"
"Parainen Utö","2020","9","8","10:00","58.9"
"Parainen Utö","2020","9","8","11:00","70.8"
"Parainen Utö","2020","9","8","12:00","328.6"
"Parainen Utö","2020","9","8","13:00","180.4"
"Parainen Utö","2020","9","8","14:00","163.4"
"Parainen Utö","2020","9","8","15:00","236.1"
"Parainen Utö","2020","9","8","16:00","168.2"
"Parainen Utö","2020","9","8","17:00","61.6"
"Parainen Utö","2020","9","8","18:00","-0.4"
"Parainen Utö","2020","9","8","19:00","-3.1"
"Parainen Utö","2020","9","8","20:00","-3"
"Parainen Utö","2020","9","8","21:00","-3.2"
"Parainen Utö","2020","9","8","22:00","-2.7"
"Parainen Utö","2020","9","8","23:00","-2.8"
"Parainen Utö","2020","9","9","00:00","-2.6"
"Parainen Utö","2020","9","9","01:00","-3"
"Parainen Utö","2020","9","9","02:00","-3.1"
"Parainen Utö","2020","9","9","03:00","-3"
"Parainen Utö","2020","9","9","04:00","-0.8"
"Parainen Utö","2020","9","9","05:00","39.5"
"Parainen Utö","2020","9","9","06:00","129.6"
"Parainen Utö","2020","9","9","07:00","174"
"Parainen Utö","2020","9","9","08:00","149.9"
"Parainen Utö","2020","9","9","09:00","74.2"
"Parainen Utö","2020","9","9","10:00","89.3"
"Parainen Utö","2020","9","9","11:00","299.3"
"Parainen Utö","2020","9","9","12:00","243"
"Parainen Utö","2020","9","9","13:00","207.3"
"Parainen Utö","2020","9","9","14:00","95.4"
"Parainen Utö","2020","9","9","15:00","61.1"
"Parainen Utö","2020","9","9","16:00","21.7"
"Parainen Utö","2020","9","9","17:00","8.3"
"Parainen Utö","2020","9","9","18:00","0.4"
"Parainen Utö","2020","9","9","19:00","-1.8"
"Parainen Utö","2020","9","9","20:00","-1.5"
"Parainen Utö","2020","9","9","21:00","-2.1"
"Parainen Utö","2020","9","9","22:00","-2.4"
"Parainen Utö","2020","9","9","23:00","-2.1"
"Parainen Utö","2020","9","10","00:00","-1.6"
"Parainen Utö","2020","9","10","01:00","-2.1"
"Parainen Utö","2020","9","10","02:00","-2.7"
"Parainen Utö","2020","9","10","03:00","-3.2"
"Parainen Utö","2020","9","10","04:00","-1.5"
"Parainen Utö","2020","9","10","05:00","8"
"Parainen Utö","2020","9","10","06:00","34.5"
"Parainen Utö","2020","9","10","07:00","115.5"
"Parainen Utö","2020","9","10","08:00","208.8"
"Parainen Utö","2020","9","10","09:00","299.3"
"Parainen Utö","2020","9","10","10:00","558.9"
"Parainen Utö","2020","9","10","11:00","550"
"Parainen Utö","2020","9","10","12:00","309.3"
"Parainen Utö","2020","9","10","13:00","451.6"
"Parainen Utö","2020","9","10","14:00","321.9"
"Parainen Utö","2020","9","10","15:00","214.3"
"Parainen Utö","2020","9","10","16:00","166.2"
"Parainen Utö","2020","9","10","17:00","37"
"Parainen Utö","2020","9","10","18:00","-1.8"
"Parainen Utö","2020","9","10","19:00","-2.9"
"Parainen Utö","2020","9","10","20:00","-3"
"Parainen Utö","2020","9","10","21:00","-3"
"Parainen Utö","2020","9","10","22:00","-3.5"
"Parainen Utö","2020","9","10","23:00","-3"
"Parainen Utö","2020","9","11","00:00","-2.9"
"Parainen Utö","2020","9","11","01:00","-2.8"
"Parainen Utö","2020","9","11","02:00","-2.6"
"Parainen Utö","2020","9","11","03:00","-2.6"
"Parainen Utö","2020","9","11","04:00","-1.1"
"Parainen Utö","2020","9","11","05:00","20.6"
"Parainen Utö","2020","9","11","06:00","73.9"
"Parainen Utö","2020","9","11","07:00","137.1"
"Parainen Utö","2020","9","11","08:00","261.3"
"Parainen Utö","2020","9","11","09:00","437.3"
"Parainen Utö","2020","9","11","10:00","418.1"
"Parainen Utö","2020","9","11","11:00","462.8"
"Parainen Utö","2020","9","11","12:00","525.7"
"Parainen Utö","2020","9","11","13:00","454.3"
"Parainen Utö","2020","9","11","14:00","325.4"
"Parainen Utö","2020","9","11","15:00","266.3"
"Parainen Utö","2020","9","11","16:00","129.8"
"Parainen Utö","2020","9","11","17:00","38.7"
"Parainen Utö","2020","9","11","18:00","-1.6"
"Parainen Utö","2020","9","11","19:00","-2.5"
"Parainen Utö","2020","9","11","20:00","-2.3"
"Parainen Utö","2020","9","11","21:00","-2.1"
"Parainen Utö","2020","9","11","22:00","-1.8"
"Parainen Utö","2020","9","11","23:00","-1.7"
"Parainen Utö","2020","9","12","00:00","-1.6"
"Parainen Utö","2020","9","12","01:00","-2.5"
"Parainen Utö","2020","9","12","02:00","-1.9"
"Parainen Utö","2020","9","12","03:00","-1.7"
"Parainen Utö","2020","9","12","04:00","-1.3"
"Parainen Utö","2020","9","12","05:00","7.6"
"Parainen Utö","2020","9","12","06:00","50.3"
"Parainen Utö","2020","9","12","07:00","45.6"
"Parainen Utö","2020","9","12","08:00","61.6"
"Parainen Utö","2020","9","12","09:00","91.6"
"Parainen Utö","2020","9","12","10:00","139.4"
"Parainen Utö","2020","9","12","11:00","96"
"Parainen Utö","2020","9","12","12:00","64.3"
"Parainen Utö","2020","9","12","13:00","87.9"
"Parainen Utö","2020","9","12","14:00","35.2"
"Parainen Utö","2020","9","12","15:00","42.5"
"Parainen Utö","2020","9","12","16:00","30.6"
"Parainen Utö","2020","9","12","17:00","12"
"Parainen Utö","2020","9","12","18:00","-2.1"
"Parainen Utö","2020","9","12","19:00","-1.9"
"Parainen Utö","2020","9","12","20:00","-1.5"
"Parainen Utö","2020","9","12","21:00","-1.7"
"Parainen Utö","2020","9","12","22:00","-2.1"
"Parainen Utö","2020","9","12","23:00","-2.6"
"Parainen Utö","2020","9","13","00:00","-2.7"
"Parainen Utö","2020","9","13","01:00","-2.5"
"Parainen Utö","2020","9","13","02:00","-2.5"
"Parainen Utö","2020","9","13","03:00","-2.9"
"Parainen Utö","2020","9","13","04:00","-1.7"
"Parainen Utö","2020","9","13","05:00","27.1"
"Parainen Utö","2020","9","13","06:00","149"
"Parainen Utö","2020","9","13","07:00","280.3"
"Parainen Utö","2020","9","13","08:00","398.3"
"Parainen Utö","2020","9","13","09:00","491.7"
"Parainen Utö","2020","9","13","10:00","549.8"
"Parainen Utö","2020","9","13","11:00","569.5"
"Parainen Utö","2020","9","13","12:00","543.4"
"Parainen Utö","2020","9","13","13:00","449.7"
"Parainen Utö","2020","9","13","14:00","347.6"
"Parainen Utö","2020","9","13","15:00","164.3"
"Parainen Utö","2020","9","13","16:00","67.8"
"Parainen Utö","2020","9","13","17:00","11.8"
"Parainen Utö","2020","9","13","18:00","-1.8"
"Parainen Utö","2020","9","13","19:00","-2.4"
"Parainen Utö","2020","9","13","20:00","-2.3"
"Parainen Utö","2020","9","13","21:00","-2"
"Parainen Utö","2020","9","13","22:00","-2.1"
"Parainen Utö","2020","9","13","23:00","-2.4"
"Parainen Utö","2020","9","14","00:00","-2.4"
"Parainen Utö","2020","9","14","01:00","-2.5"
"Parainen Utö","2020","9","14","02:00","-2.7"
"Parainen Utö","2020","9","14","03:00","-2.7"
"Parainen Utö","2020","9","14","04:00","-1.9"
"Parainen Utö","2020","9","14","05:00","23.7"
"Parainen Utö","2020","9","14","06:00","142.5"
"Parainen Utö","2020","9","14","07:00","271.8"
"Parainen Utö","2020","9","14","08:00","384"
"Parainen Utö","2020","9","14","09:00","474.5"
"Parainen Utö","2020","9","14","10:00","514.8"
"Parainen Utö","2020","9","14","11:00","550.3"
"Parainen Utö","2020","9","14","12:00","532.9"
"Parainen Utö","2020","9","14","13:00","426.8"
"Parainen Utö","2020","9","14","14:00","361.3"
"Parainen Utö","2020","9","14","15:00","131.6"
"Parainen Utö","2020","9","14","16:00","59.1"
"Parainen Utö","2020","9","14","17:00","19.6"
"Parainen Utö","2020","9","14","18:00","-1.7"
"Parainen Utö","2020","9","14","19:00","-2.3"
"Parainen Utö","2020","9","14","20:00","-2"
"Parainen Utö","2020","9","14","21:00","-1.6"
"Parainen Utö","2020","9","14","22:00","-1.5"
"Parainen Utö","2020","9","14","23:00","-1"
"Parainen Utö","2020","9","15","00:00","-1.3"
"Parainen Utö","2020","9","15","01:00","-0.8"
"Parainen Utö","2020","9","15","02:00","-0.8"
"Parainen Utö","2020","9","15","03:00","-0.6"
"Parainen Utö","2020","9","15","04:00","-0.5"
"Parainen Utö","2020","9","15","05:00","4"
"Parainen Utö","2020","9","15","06:00","21.2"
"Parainen Utö","2020","9","15","07:00","26.8"
"Parainen Utö","2020","9","15","08:00","67.3"
"Parainen Utö","2020","9","15","09:00","113.2"
"Parainen Utö","2020","9","15","10:00","200"
"Parainen Utö","2020","9","15","11:00","272.7"
"Parainen Utö","2020","9","15","12:00","328.5"
"Parainen Utö","2020","9","15","13:00","185"
"Parainen Utö","2020","9","15","14:00","109.7"
"Parainen Utö","2020","9","15","15:00","167.7"
"Parainen Utö","2020","9","15","16:00","105.4"
"Parainen Utö","2020","9","15","17:00","23.6"
"Parainen Utö","2020","9","15","18:00","-2"
"Parainen Utö","2020","9","15","19:00","-2.1"
"Parainen Utö","2020","9","15","20:00","-2.7"
"Parainen Utö","2020","9","15","21:00","-2"
"Parainen Utö","2020","9","15","22:00","-1.8"
"Parainen Utö","2020","9","15","23:00","-1.6"
"Parainen Utö","2020","9","16","00:00","-1.2"
"Parainen Utö","2020","9","16","01:00","-1.2"
"Parainen Utö","2020","9","16","02:00","-1.3"
"Parainen Utö","2020","9","16","03:00","-1"
"Parainen Utö","2020","9","16","04:00","-0.9"
"Parainen Utö","2020","9","16","05:00","6.3"
"Parainen Utö","2020","9","16","06:00","42.3"
"Parainen Utö","2020","9","16","07:00","76.8"
"Parainen Utö","2020","9","16","08:00","123.2"
"Parainen Utö","2020","9","16","09:00","137.2"
"Parainen Utö","2020","9","16","10:00","190.5"
"Parainen Utö","2020","9","16","11:00","167.1"
"Parainen Utö","2020","9","16","12:00","119.4"
"Parainen Utö","2020","9","16","13:00","201.2"
"Parainen Utö","2020","9","16","14:00","109.7"
"Parainen Utö","2020","9","16","15:00","21.7"
"Parainen Utö","2020","9","16","16:00","11.2"
"Parainen Utö","2020","9","16","17:00","13.3"
"Parainen Utö","2020","9","16","18:00","-2"
"Parainen Utö","2020","9","16","19:00","-2.2"
"Parainen Utö","2020","9","16","20:00","-2.2"
"Parainen Utö","2020","9","16","21:00","-2.5"
"Parainen Utö","2020","9","16","22:00","-1.6"
"Parainen Utö","2020","9","16","23:00","-2.5"
"Parainen Utö","2020","9","17","00:00","-2.4"
"Parainen Utö","2020","9","17","01:00","-2.2"
"Parainen Utö","2020","9","17","02:00","-2.3"
"Parainen Utö","2020","9","17","03:00","-2.1"
"Parainen Utö","2020","9","17","04:00","-2.6"
"Parainen Utö","2020","9","17","05:00","9.8"
"Parainen Utö","2020","9","17","06:00","72.8"
"Parainen Utö","2020","9","17","07:00","136.9"
"Parainen Utö","2020","9","17","08:00","160.4"
"-","2020","9","17","09:00","-"
"-","2020","9","17","10:00","-"
"-","2020","9","17","11:00","-"
"-","2020","9","17","12:00","-"
"-","2020","9","17","13:00","-"
"-","2020","9","17","14:00","-"
"-","2020","9","17","15:00","-"
"Parainen Utö","2020","9","17","16:00","33"
"Parainen Utö","2020","9","17","17:00","5.2"
"Parainen Utö","2020","9","17","18:00","-1.6"
"Parainen Utö","2020","9","17","19:00","-2"
"Parainen Utö","2020","9","17","20:00","-1.9"
"Parainen Utö","2020","9","17","21:00","-2.5"
"Parainen Utö","2020","9","17","22:00","-2.6"
"Parainen Utö","2020","9","17","23:00","-2.8"
"Parainen Utö","2020","9","18","00:00","-2.4"
"Parainen Utö","2020","9","18","01:00","-2.6"
"Parainen Utö","2020","9","18","02:00","-2.9"
"Parainen Utö","2020","9","18","03:00","-2.5"
"Parainen Utö","2020","9","18","04:00","-2.2"
"Parainen Utö","2020","9","18","05:00","14.4"
"Parainen Utö","2020","9","18","06:00","75.2"
"Parainen Utö","2020","9","18","07:00","185.6"
"Parainen Utö","2020","9","18","08:00","284.2"
"Parainen Utö","2020","9","18","09:00","392.7"
"Parainen Utö","2020","9","18","10:00","493.5"
"Parainen Utö","2020","9","18","11:00","515.3"
"Parainen Utö","2020","9","18","12:00","483"
"Parainen Utö","2020","9","18","13:00","398.9"
"Parainen Utö","2020","9","18","14:00","333.3"
"Parainen Utö","2020","9","18","15:00","171.1"
"Parainen Utö","2020","9","18","16:00","105.1"
"Parainen Utö","2020","9","18","17:00","14.4"
"Parainen Utö","2020","9","18","18:00","-1.9"
"Parainen Utö","2020","9","18","19:00","-1.9"
"Parainen Utö","2020","9","18","20:00","-1.7"
"Parainen Utö","2020","9","18","21:00","-2.7"
"Parainen Utö","2020","9","18","22:00","-3.3"
"Parainen Utö","2020","9","18","23:00","-3.2"
"Parainen Utö","2020","9","19","00:00","-3.2"
"Parainen Utö","2020","9","19","01:00","-2.9"
"Parainen Utö","2020","9","19","02:00","-3.1"
"Parainen Utö","2020","9","19","03:00","-3"
"Parainen Utö","2020","9","19","04:00","-2.9"
"Parainen Utö","2020","9","19","05:00","14.4"
"Parainen Utö","2020","9","19","06:00","106.8"
"Parainen Utö","2020","9","19","07:00","236.5"
"Parainen Utö","2020","9","19","08:00","341.4"
"Parainen Utö","2020","9","19","09:00","445.4"
"Parainen Utö","2020","9","19","10:00","489.2"
"Parainen Utö","2020","9","19","11:00","426.8"
"Parainen Utö","2020","9","19","12:00","364.8"
"Parainen Utö","2020","9","19","13:00","331.6"
"Parainen Utö","2020","9","19","14:00","336.3"
"Parainen Utö","2020","9","19","15:00","232.1"
"Parainen Utö","2020","9","19","16:00","108.2"
"Parainen Utö","2020","9","19","17:00","11.2"
"Parainen Utö","2020","9","19","18:00","-2.8"
"Parainen Utö","2020","9","19","19:00","-2.9"
"Parainen Utö","2020","9","19","20:00","-3.1"
"Parainen Utö","2020","9","19","21:00","-3"
"Parainen Utö","2020","9","19","22:00","-3.2"
"Parainen Utö","2020","9","19","23:00","-3.3"
"Parainen Utö","2020","9","20","00:00","-3.1"
"Parainen Utö","2020","9","20","01:00","-3"
"Parainen Utö","2020","9","20","02:00","-3"
"Parainen Utö","2020","9","20","03:00","-3"
"Parainen Utö","2020","9","20","04:00","-2.9"
"Parainen Utö","2020","9","20","05:00","13.3"
"Parainen Utö","2020","9","20","06:00","99.2"
"Parainen Utö","2020","9","20","07:00","192"
"Parainen Utö","2020","9","20","08:00","321.7"
"Parainen Utö","2020","9","20","09:00","427"
"Parainen Utö","2020","9","20","10:00","484.9"
"Parainen Utö","2020","9","20","11:00","479.8"
"Parainen Utö","2020","9","20","12:00","462.6"
"Parainen Utö","2020","9","20","13:00","355.7"
"Parainen Utö","2020","9","20","14:00","209.1"
"Parainen Utö","2020","9","20","15:00","122.4"
"Parainen Utö","2020","9","20","16:00","25.8"
"Parainen Utö","2020","9","20","17:00","4.4"
"Parainen Utö","2020","9","20","18:00","-1.8"
"Parainen Utö","2020","9","20","19:00","-2.8"
"Parainen Utö","2020","9","20","20:00","-2.4"
"Parainen Utö","2020","9","20","21:00","-2.4"
"Parainen Utö","2020","9","20","22:00","-2.2"
"Parainen Utö","2020","9","20","23:00","-1.8"
"Parainen Utö","2020","9","21","00:00","-2"
"Parainen Utö","2020","9","21","01:00","-2.7"
"Parainen Utö","2020","9","21","02:00","-2.2"
"Parainen Utö","2020","9","21","03:00","-2.5"
"Parainen Utö","2020","9","21","04:00","-2.1"
"Parainen Utö","2020","9","21","05:00","10.4"
"Parainen Utö","2020","9","21","06:00","68.6"
"Parainen Utö","2020","9","21","07:00","161.6"
"Parainen Utö","2020","9","21","08:00","249.8"
"Parainen Utö","2020","9","21","09:00","227.6"
"Parainen Utö","2020","9","21","10:00","336.9"
"Parainen Utö","2020","9","21","11:00","254.8"
"Parainen Utö","2020","9","21","12:00","176.3"
"Parainen Utö","2020","9","21","13:00","143.9"
"Parainen Utö","2020","9","21","14:00","201.1"
"Parainen Utö","2020","9","21","15:00","144.2"
"Parainen Utö","2020","9","21","16:00","46.8"
"Parainen Utö","2020","9","21","17:00","4.1"
"Parainen Utö","2020","9","21","18:00","-2.4"
"Parainen Utö","2020","9","21","19:00","-2.6"
"Parainen Utö","2020","9","21","20:00","-2.6"
"Parainen Utö","2020","9","21","21:00","-2.8"
"Parainen Utö","2020","9","21","22:00","-2.6"
"Parainen Utö","2020","9","21","23:00","-2.6"
"Parainen Utö","2020","9","22","00:00","-2.9"
"Parainen Utö","2020","9","22","01:00","-2.8"
"Parainen Utö","2020","9","22","02:00","-2.6"
"Parainen Utö","2020","9","22","03:00","-2.4"
"Parainen Utö","2020","9","22","04:00","-2.4"
"Parainen Utö","2020","9","22","05:00","7.9"
"Parainen Utö","2020","9","22","06:00","47.7"
"Parainen Utö","2020","9","22","07:00","182.4"
"Parainen Utö","2020","9","22","08:00","263"
"Parainen Utö","2020","9","22","09:00","298.9"
"Parainen Utö","2020","9","22","10:00","439.7"
"Parainen Utö","2020","9","22","11:00","434.2"
"Parainen Utö","2020","9","22","12:00","412.5"
"Parainen Utö","2020","9","22","13:00","301"
"Parainen Utö","2020","9","22","14:00","236.2"
"Parainen Utö","2020","9","22","15:00","179.6"
"Parainen Utö","2020","9","22","16:00","66.2"
"Parainen Utö","2020","9","22","17:00","4.2"
"Parainen Utö","2020","9","22","18:00","-1.9"
"Parainen Utö","2020","9","22","19:00","-1.9"
"Parainen Utö","2020","9","22","20:00","-2"
"Parainen Utö","2020","9","22","21:00","-2.3"
"Parainen Utö","2020","9","22","22:00","-2.6"
"Parainen Utö","2020","9","22","23:00","-2.7"
"Parainen Utö","2020","9","23","00:00","-2.6"
"Parainen Utö","2020","9","23","01:00","-2.6"
"Parainen Utö","2020","9","23","02:00","-2.7"
"Parainen Utö","2020","9","23","03:00","-2.9"
"Parainen Utö","2020","9","23","04:00","-2.7"
"Parainen Utö","2020","9","23","05:00","7.7"
"Parainen Utö","2020","9","23","06:00","90.4"
"Parainen Utö","2020","9","23","07:00","209.9"
"Parainen Utö","2020","9","23","08:00","320.6"
"Parainen Utö","2020","9","23","09:00","397.2"
"Parainen Utö","2020","9","23","10:00","414.1"
"Parainen Utö","2020","9","23","11:00","347.2"
"Parainen Utö","2020","9","23","12:00","422.4"
"Parainen Utö","2020","9","23","13:00","344.8"
"Parainen Utö","2020","9","23","14:00","142.7"
"Parainen Utö","2020","9","23","15:00","66.3"
"Parainen Utö","2020","9","23","16:00","42"
"Parainen Utö","2020","9","23","17:00","3.5"
"Parainen Utö","2020","9","23","18:00","-0.9"
"Parainen Utö","2020","9","23","19:00","-1.8"
"Parainen Utö","2020","9","23","20:00","-2.1"
"Parainen Utö","2020","9","23","21:00","-2.2"
"Parainen Utö","2020","9","23","22:00","-2.2"
"Parainen Utö","2020","9","23","23:00","-2.3"
"Parainen Utö","2020","9","24","00:00","-2.5"
"Parainen Utö","2020","9","24","01:00","-2.2"
"Parainen Utö","2020","9","24","02:00","-2.3"
"Parainen Utö","2020","9","24","03:00","-2.1"
"Parainen Utö","2020","9","24","04:00","-1.5"
"Parainen Utö","2020","9","24","05:00","3.4"
"Parainen Utö","2020","9","24","06:00","25.1"
"Parainen Utö","2020","9","24","07:00","51.1"
"Parainen Utö","2020","9","24","08:00","126.9"
"Parainen Utö","2020","9","24","09:00","365.4"
"Parainen Utö","2020","9","24","10:00","396.9"
"Parainen Utö","2020","9","24","11:00","294.9"
"Parainen Utö","2020","9","24","12:00","281.7"
"Parainen Utö","2020","9","24","13:00","221.8"
"Parainen Utö","2020","9","24","14:00","204.2"
"Parainen Utö","2020","9","24","15:00","69.4"
"Parainen Utö","2020","9","24","16:00","25.8"
"Parainen Utö","2020","9","24","17:00","1.7"
"Parainen Utö","2020","9","24","18:00","-1.9"
"Parainen Utö","2020","9","24","19:00","-1.5"
"Parainen Utö","2020","9","24","20:00","-1.7"
"Parainen Utö","2020","9","24","21:00","-2"
"Parainen Utö","2020","9","24","22:00","-1.6"
"Parainen Utö","2020","9","24","23:00","-1.7"
"Parainen Utö","2020","9","25","00:00","-1.1"
"Parainen Utö","2020","9","25","01:00","-1.8"
"Parainen Utö","2020","9","25","02:00","-1.8"
"Parainen Utö","2020","9","25","03:00","-1.7"
"Parainen Utö","2020","9","25","04:00","-1.6"
"Parainen Utö","2020","9","25","05:00","6.8"
"Parainen Utö","2020","9","25","06:00","80.4"
"Parainen Utö","2020","9","25","07:00","191.7"
"Parainen Utö","2020","9","25","08:00","303.3"
"Parainen Utö","2020","9","25","09:00","384.8"
"Parainen Utö","2020","9","25","10:00","266"
"Parainen Utö","2020","9","25","11:00","148.5"
"Parainen Utö","2020","9","25","12:00","137.8"
"Parainen Utö","2020","9","25","13:00","224.8"
"Parainen Utö","2020","9","25","14:00","244.4"
"Parainen Utö","2020","9","25","15:00","38.7"
"Parainen Utö","2020","9","25","16:00","7"
"Parainen Utö","2020","9","25","17:00","-0.6"
"Parainen Utö","2020","9","25","18:00","-0.8"
"Parainen Utö","2020","9","25","19:00","-0.9"
"Parainen Utö","2020","9","25","20:00","-0.4"
"Parainen Utö","2020","9","25","21:00","-0.7"
"Parainen Utö","2020","9","25","22:00","-0.7"
"Parainen Utö","2020","9","25","23:00","-1.8"
"Parainen Utö","2020","9","26","00:00","-2"
"Parainen Utö","2020","9","26","01:00","-1.9"
"Parainen Utö","2020","9","26","02:00","-1.5"
"Parainen Utö","2020","9","26","03:00","-1.6"
"Parainen Utö","2020","9","26","04:00","-1.7"
"Parainen Utö","2020","9","26","05:00","3.2"
"Parainen Utö","2020","9","26","06:00","64.1"
"Parainen Utö","2020","9","26","07:00","88.9"
"Parainen Utö","2020","9","26","08:00","175.5"
"Parainen Utö","2020","9","26","09:00","256.5"
"Parainen Utö","2020","9","26","10:00","393.3"
"Parainen Utö","2020","9","26","11:00","326.4"
"Parainen Utö","2020","9","26","12:00","339.8"
"Parainen Utö","2020","9","26","13:00","275.8"
"Parainen Utö","2020","9","26","14:00","213.9"
"Parainen Utö","2020","9","26","15:00","146.5"
"Parainen Utö","2020","9","26","16:00","41.2"
"Parainen Utö","2020","9","26","17:00","0.8"
"Parainen Utö","2020","9","26","18:00","-2"
"Parainen Utö","2020","9","26","19:00","-2"
"Parainen Utö","2020","9","26","20:00","-2.3"
"Parainen Utö","2020","9","26","21:00","-2"
"Parainen Utö","2020","9","26","22:00","-2.3"
"Parainen Utö","2020","9","26","23:00","-2"
"Parainen Utö","2020","9","27","00:00","-2.3"
"Parainen Utö","2020","9","27","01:00","-1.9"
"Parainen Utö","2020","9","27","02:00","-2.3"
"Parainen Utö","2020","9","27","03:00","-2.4"
"Parainen Utö","2020","9","27","04:00","-2"
"Parainen Utö","2020","9","27","05:00","4.3"
"Parainen Utö","2020","9","27","06:00","60.9"
"Parainen Utö","2020","9","27","07:00","174.3"
"Parainen Utö","2020","9","27","08:00","284.8"
"Parainen Utö","2020","9","27","09:00","367"
"Parainen Utö","2020","9","27","10:00","417.8"
"Parainen Utö","2020","9","27","11:00","429.2"
"Parainen Utö","2020","9","27","12:00","402.2"
"Parainen Utö","2020","9","27","13:00","329"
"Parainen Utö","2020","9","27","14:00","258.5"
"Parainen Utö","2020","9","27","15:00","147.9"
"Parainen Utö","2020","9","27","16:00","47.3"
"Parainen Utö","2020","9","27","17:00","1.1"
"Parainen Utö","2020","9","27","18:00","-2.5"
"Parainen Utö","2020","9","27","19:00","-2.5"
"Parainen Utö","2020","9","27","20:00","-2.4"
"Parainen Utö","2020","9","27","21:00","-1.9"
"Parainen Utö","2020","9","27","22:00","-1.9"
"Parainen Utö","2020","9","27","23:00","-2.4"
"Parainen Utö","2020","9","28","00:00","-2.4"
"Parainen Utö","2020","9","28","01:00","-2.5"
"Parainen Utö","2020","9","28","02:00","-2.6"
"Parainen Utö","2020","9","28","03:00","-2.7"
"Parainen Utö","2020","9","28","04:00","-2.6"
"Parainen Utö","2020","9","28","05:00","2.9"
"Parainen Utö","2020","9","28","06:00","52.1"
"Parainen Utö","2020","9","28","07:00","151.6"
"Parainen Utö","2020","9","28","08:00","257.4"
"Parainen Utö","2020","9","28","09:00","351.4"
"Parainen Utö","2020","9","28","10:00","411.1"
"Parainen Utö","2020","9","28","11:00","420.3"
"Parainen Utö","2020","9","28","12:00","396.2"
"Parainen Utö","2020","9","28","13:00","322.8"
"Parainen Utö","2020","9","28","14:00","255.9"
"Parainen Utö","2020","9","28","15:00","145"
"Parainen Utö","2020","9","28","16:00","43"
"Parainen Utö","2020","9","28","17:00","0.3"
"Parainen Utö","2020","9","28","18:00","-1.8"
"Parainen Utö","2020","9","28","19:00","-1.5"
"Parainen Utö","2020","9","28","20:00","-1.6"
"Parainen Utö","2020","9","28","21:00","-1.2"
"Parainen Utö","2020","9","28","22:00","-1.3"
"Parainen Utö","2020","9","28","23:00","-1.5"
"Parainen Utö","2020","9","29","00:00","-1"
"Parainen Utö","2020","9","29","01:00","-1.2"
"Parainen Utö","2020","9","29","02:00","-1.9"
"Parainen Utö","2020","9","29","03:00","-1.7"
"Parainen Utö","2020","9","29","04:00","-0.9"
"Parainen Utö","2020","9","29","05:00","0"
"Parainen Utö","2020","9","29","06:00","4.4"
"Parainen Utö","2020","9","29","07:00","20.3"
"Parainen Utö","2020","9","29","08:00","59.7"
"Parainen Utö","2020","9","29","09:00","93.9"
"Parainen Utö","2020","9","29","10:00","184.7"
"Parainen Utö","2020","9","29","11:00","214.6"
"Parainen Utö","2020","9","29","12:00","424.9"
"Parainen Utö","2020","9","29","13:00","167.2"
"Parainen Utö","2020","9","29","14:00","94.1"
"Parainen Utö","2020","9","29","15:00","52"
"Parainen Utö","2020","9","29","16:00","19.6"
"Parainen Utö","2020","9","29","17:00","-0.1"
"Parainen Utö","2020","9","29","18:00","-2.5"
"Parainen Utö","2020","9","29","19:00","-2.8"
"Parainen Utö","2020","9","29","20:00","-2.5"
"Parainen Utö","2020","9","29","21:00","-2.5"
"Parainen Utö","2020","9","29","22:00","-2.6"
"Parainen Utö","2020","9","29","23:00","-2.5"
"Parainen Utö","2020","9","30","00:00","-2.7"
"Parainen Utö","2020","9","30","01:00","-2.5"
"Parainen Utö","2020","9","30","02:00","-2.4"
"Parainen Utö","2020","9","30","03:00","-2.3"
"Parainen Utö","2020","9","30","04:00","-2.1"
"Parainen Utö","2020","9","30","05:00","2.6"
"Parainen Utö","2020","9","30","06:00","57.4"
"Parainen Utö","2020","9","30","07:00","178"
"Parainen Utö","2020","9","30","08:00","283.4"
"Parainen Utö","2020","9","30","09:00","377.6"
"Parainen Utö","2020","9","30","10:00","327.2"
"Parainen Utö","2020","9","30","11:00","359.5"
"Parainen Utö","2020","9","30","12:00","403.2"
"Parainen Utö","2020","9","30","13:00","231.5"
"Parainen Utö","2020","9","30","14:00","261.5"
"Parainen Utö","2020","9","30","15:00","144.3"
"Parainen Utö","2020","9","30","16:00","25.3"
"Parainen Utö","2020","9","30","17:00","-1"
"Parainen Utö","2020","9","30","18:00","-3.1"
"Parainen Utö","2020","9","30","19:00","-2.6"
"Parainen Utö","2020","9","30","20:00","-1.7"
"Parainen Utö","2020","9","30","21:00","-1.2"
"Parainen Utö","2020","9","30","22:00","-1.5"
"Parainen Utö","2020","9","30","23:00","-1.3"
"Parainen Utö","2020","10","1","00:00","-1.2"
"Parainen Utö","2020","10","1","01:00","-1.1"
"Parainen Utö","2020","10","1","02:00","-1.9"
"Parainen Utö","2020","10","1","03:00","-1.4"
"Parainen Utö","2020","10","1","04:00","-1"
"Parainen Utö","2020","10","1","05:00","0"
"Parainen Utö","2020","10","1","06:00","10.2"
"Parainen Utö","2020","10","1","07:00","25.9"
"Parainen Utö","2020","10","1","08:00","89.7"
"Parainen Utö","2020","10","1","09:00","148.7"
"Parainen Utö","2020","10","1","10:00","234.6"
"Parainen Utö","2020","10","1","11:00","286.6"
"Parainen Utö","2020","10","1","12:00","299.5"
"Parainen Utö","2020","10","1","13:00","273.8"
"Parainen Utö","2020","10","1","14:00","210.2"
"Parainen Utö","2020","10","1","15:00","112.3"
"Parainen Utö","2020","10","1","16:00","29.4"
"Parainen Utö","2020","10","1","17:00","-1.5"
"Parainen Utö","2020","10","1","18:00","-2.6"
"Parainen Utö","2020","10","1","19:00","-2.4"
"Parainen Utö","2020","10","1","20:00","-2.4"
"Parainen Utö","2020","10","1","21:00","-2.6"
"Parainen Utö","2020","10","1","22:00","-2.5"
"Parainen Utö","2020","10","1","23:00","-2.2"
"Parainen Utö","2020","10","2","00:00","-2.2"
"Parainen Utö","2020","10","2","01:00","-2.3"
"Parainen Utö","2020","10","2","02:00","-2.4"
"Parainen Utö","2020","10","2","03:00","-2.5"
"Parainen Utö","2020","10","2","04:00","-2.4"
"Parainen Utö","2020","10","2","05:00","0.4"
"Parainen Utö","2020","10","2","06:00","40.3"
"Parainen Utö","2020","10","2","07:00","135.7"
"Parainen Utö","2020","10","2","08:00","238.3"
"Parainen Utö","2020","10","2","09:00","323.9"
"Parainen Utö","2020","10","2","10:00","351.3"
"Parainen Utö","2020","10","2","11:00","381"
"Parainen Utö","2020","10","2","12:00","364"
"Parainen Utö","2020","10","2","13:00","301.5"
"Parainen Utö","2020","10","2","14:00","215.7"
"Parainen Utö","2020","10","2","15:00","117.9"
"Parainen Utö","2020","10","2","16:00","26.3"
"Parainen Utö","2020","10","2","17:00","-1.9"
"Parainen Utö","2020","10","2","18:00","-2.8"
"Parainen Utö","2020","10","2","19:00","-2.6"
"Parainen Utö","2020","10","2","20:00","-2.6"
"Parainen Utö","2020","10","2","21:00","-2.4"
"Parainen Utö","2020","10","2","22:00","-2.7"
"Parainen Utö","2020","10","2","23:00","-2.8"
"Parainen Utö","2020","10","3","00:00","-2.5"
"Parainen Utö","2020","10","3","01:00","-2.6"
"Parainen Utö","2020","10","3","02:00","-2.4"
"Parainen Utö","2020","10","3","03:00","-2"
"Parainen Utö","2020","10","3","04:00","-2.7"
"Parainen Utö","2020","10","3","05:00","-0.3"
"Parainen Utö","2020","10","3","06:00","26.2"
"Parainen Utö","2020","10","3","07:00","96.1"
"Parainen Utö","2020","10","3","08:00","197.7"
"Parainen Utö","2020","10","3","09:00","267.7"
"Parainen Utö","2020","10","3","10:00","184.7"
"Parainen Utö","2020","10","3","11:00","129.1"
"Parainen Utö","2020","10","3","12:00","146.4"
"Parainen Utö","2020","10","3","13:00","138.5"
"Parainen Utö","2020","10","3","14:00","117.1"
"Parainen Utö","2020","10","3","15:00","57.1"
"Parainen Utö","2020","10","3","16:00","11.4"
"Parainen Utö","2020","10","3","17:00","-1.2"
"Parainen Utö","2020","10","3","18:00","-1.6"
"Parainen Utö","2020","10","3","19:00","-1.7"
"Parainen Utö","2020","10","3","20:00","-1.6"
"Parainen Utö","2020","10","3","21:00","-2.1"
"Parainen Utö","2020","10","3","22:00","-2"
"Parainen Utö","2020","10","3","23:00","-1.3"
"Parainen Utö","2020","10","4","00:00","-1.5"
"Parainen Utö","2020","10","4","01:00","-1.7"
"Parainen Utö","2020","10","4","02:00","-1.7"
"Parainen Utö","2020","10","4","03:00","-2"
"Parainen Utö","2020","10","4","04:00","-1.8"
"Parainen Utö","2020","10","4","05:00","-1.7"
"Parainen Utö","2020","10","4","06:00","12.6"
"Parainen Utö","2020","10","4","07:00","29.4"
"Parainen Utö","2020","10","4","08:00","88.5"
"Parainen Utö","2020","10","4","09:00","93.6"
"Parainen Utö","2020","10","4","10:00","60.1"
"Parainen Utö","2020","10","4","11:00","87"
"Parainen Utö","2020","10","4","12:00","113.4"
"Parainen Utö","2020","10","4","13:00","43.2"
"Parainen Utö","2020","10","4","14:00","37.2"
"Parainen Utö","2020","10","4","15:00","6.3"
"Parainen Utö","2020","10","4","16:00","5.2"
"Parainen Utö","2020","10","4","17:00","-1.6"
"Parainen Utö","2020","10","4","18:00","-1.8"
"Parainen Utö","2020","10","4","19:00","-1.2"
"Parainen Utö","2020","10","4","20:00","-1.2"
"Parainen Utö","2020","10","4","21:00","-1.4"
"Parainen Utö","2020","10","4","22:00","-1.5"
"Parainen Utö","2020","10","4","23:00","-1.5"
"Parainen Utö","2020","10","5","00:00","-1.6"
"Parainen Utö","2020","10","5","01:00","-2"
"Parainen Utö","2020","10","5","02:00","-1.6"
"Parainen Utö","2020","10","5","03:00","-1.2"
"Parainen Utö","2020","10","5","04:00","-1.6"
"Parainen Utö","2020","10","5","05:00","-0.3"
"Parainen Utö","2020","10","5","06:00","35.6"
"Parainen Utö","2020","10","5","07:00","156.3"
"Parainen Utö","2020","10","5","08:00","260.6"
"Parainen Utö","2020","10","5","09:00","346.5"
"Parainen Utö","2020","10","5","10:00","397.4"
"Parainen Utö","2020","10","5","11:00","409.9"
"Parainen Utö","2020","10","5","12:00","379.2"
"Parainen Utö","2020","10","5","13:00","299.9"
"Parainen Utö","2020","10","5","14:00","220.2"
"Parainen Utö","2020","10","5","15:00","121.7"
"Parainen Utö","2020","10","5","16:00","18.9"
"Parainen Utö","2020","10","5","17:00","-2.5"
"Parainen Utö","2020","10","5","18:00","-2"
"Parainen Utö","2020","10","5","19:00","-2.1"
"Parainen Utö","2020","10","5","20:00","-2.5"
"Parainen Utö","2020","10","5","21:00","-1.8"
"Parainen Utö","2020","10","5","22:00","-1.8"
"Parainen Utö","2020","10","5","23:00","-1.2"
"Parainen Utö","2020","10","6","00:00","-1.2"
"Parainen Utö","2020","10","6","01:00","-1.1"
"Parainen Utö","2020","10","6","02:00","-1"
"Parainen Utö","2020","10","6","03:00","-1.1"
"Parainen Utö","2020","10","6","04:00","-1"
"Parainen Utö","2020","10","6","05:00","-1.1"
"Parainen Utö","2020","10","6","06:00","0.3"
"Parainen Utö","2020","10","6","07:00","27.2"
"Parainen Utö","2020","10","6","08:00","100.1"
"Parainen Utö","2020","10","6","09:00","50.4"
"Parainen Utö","2020","10","6","10:00","42.1"
"Parainen Utö","2020","10","6","11:00","77.7"
"Parainen Utö","2020","10","6","12:00","77.3"
"Parainen Utö","2020","10","6","13:00","87.8"
"Parainen Utö","2020","10","6","14:00","71.6"
"Parainen Utö","2020","10","6","15:00","74.4"
"Parainen Utö","2020","10","6","16:00","19.4"
"Parainen Utö","2020","10","6","17:00","-1.8"
"Parainen Utö","2020","10","6","18:00","-2.5"
"Parainen Utö","2020","10","6","19:00","-2.1"
"Parainen Utö","2020","10","6","20:00","-2.6"
"Parainen Utö","2020","10","6","21:00","-3.1"
"Parainen Utö","2020","10","6","22:00","-2.2"
"Parainen Utö","2020","10","6","23:00","-1.9"
"Parainen Utö","2020","10","7","00:00","-1.5"
"Parainen Utö","2020","10","7","01:00","-2.2"
"Parainen Utö","2020","10","7","02:00","-2.9"
"Parainen Utö","2020","10","7","03:00","-2.7"
"Parainen Utö","2020","10","7","04:00","-2.4"
"Parainen Utö","2020","10","7","05:00","-1.3"
"Parainen Utö","2020","10","7","06:00","24.2"
"Parainen Utö","2020","10","7","07:00","41"
"Parainen Utö","2020","10","7","08:00","109.4"
"Parainen Utö","2020","10","7","09:00","213.6"
"Parainen Utö","2020","10","7","10:00","227.6"
"Parainen Utö","2020","10","7","11:00","178.6"
"Parainen Utö","2020","10","7","12:00","152.1"
"Parainen Utö","2020","10","7","13:00","135.3"
"Parainen Utö","2020","10","7","14:00","107.6"
"Parainen Utö","2020","10","7","15:00","55.3"
"Parainen Utö","2020","10","7","16:00","12.3"
"-","2020","10","7","17:00","-"
"Parainen Utö","2020","10","7","18:00","-2.6"
"Parainen Utö","2020","10","7","19:00","-1.7"
"Parainen Utö","2020","10","7","20:00","-1.9"
"Parainen Utö","2020","10","7","21:00","-1.8"
"Parainen Utö","2020","10","7","22:00","-1.7"
"Parainen Utö","2020","10","7","23:00","-2.1"
"Parainen Utö","2020","10","8","00:00","-2.4"
"Parainen Utö","2020","10","8","01:00","-2.2"
"Parainen Utö","2020","10","8","02:00","-1.8"
"Parainen Utö","2020","10","8","03:00","-2.2"
"Parainen Utö","2020","10","8","04:00","-1.8"
"Parainen Utö","2020","10","8","05:00","-0.8"
"Parainen Utö","2020","10","8","06:00","20.4"
"Parainen Utö","2020","10","8","07:00","59.6"
"Parainen Utö","2020","10","8","08:00","104.6"
"Parainen Utö","2020","10","8","09:00","154.8"
"Parainen Utö","2020","10","8","10:00","177.5"
"Parainen Utö","2020","10","8","11:00","183"
"Parainen Utö","2020","10","8","12:00","263.2"
"Parainen Utö","2020","10","8","13:00","273.3"
"Parainen Utö","2020","10","8","14:00","185.1"
"Parainen Utö","2020","10","8","15:00","101.5"
"Parainen Utö","2020","10","8","16:00","10.9"
"Parainen Utö","2020","10","8","17:00","-2.6"
"Parainen Utö","2020","10","8","18:00","-2.4"
"Parainen Utö","2020","10","8","19:00","-2.5"
"Parainen Utö","2020","10","8","20:00","-2.5"
"Parainen Utö","2020","10","8","21:00","-2.6"
"Parainen Utö","2020","10","8","22:00","-2.1"
"Parainen Utö","2020","10","8","23:00","-1.9"
"Parainen Utö","2020","10","9","00:00","-2.4"
"Parainen Utö","2020","10","9","01:00","-3"
"Parainen Utö","2020","10","9","02:00","-2.2"
"Parainen Utö","2020","10","9","03:00","-1.8"
"Parainen Utö","2020","10","9","04:00","-1.9"
"Parainen Utö","2020","10","9","05:00","-1"
"Parainen Utö","2020","10","9","06:00","24.6"
"Parainen Utö","2020","10","9","07:00","29.6"
"Parainen Utö","2020","10","9","08:00","30.5"
"Parainen Utö","2020","10","9","09:00","41.3"
"Parainen Utö","2020","10","9","10:00","46.4"
"Parainen Utö","2020","10","9","11:00","54.5"
"Parainen Utö","2020","10","9","12:00","293.7"
"Parainen Utö","2020","10","9","13:00","215"
"Parainen Utö","2020","10","9","14:00","179.4"
"Parainen Utö","2020","10","9","15:00","82"
"Parainen Utö","2020","10","9","16:00","9.5"
"Parainen Utö","2020","10","9","17:00","-1.8"
"Parainen Utö","2020","10","9","18:00","-1.3"
"Parainen Utö","2020","10","9","19:00","-1.4"
"Parainen Utö","2020","10","9","20:00","-1.5"
"Parainen Utö","2020","10","9","21:00","-2.8"
"Parainen Utö","2020","10","9","22:00","-2.9"
"Parainen Utö","2020","10","9","23:00","-2.8"
"Parainen Utö","2020","10","10","00:00","-3"
"Parainen Utö","2020","10","10","01:00","-2.9"
"Parainen Utö","2020","10","10","02:00","-2.3"
"Parainen Utö","2020","10","10","03:00","-2"
"Parainen Utö","2020","10","10","04:00","-2.2"
"Parainen Utö","2020","10","10","05:00","-1.6"
"Parainen Utö","2020","10","10","06:00","19.6"
"Parainen Utö","2020","10","10","07:00","60.9"
"Parainen Utö","2020","10","10","08:00","164.9"
"Parainen Utö","2020","10","10","09:00","156.5"
"Parainen Utö","2020","10","10","10:00","164.2"
"Parainen Utö","2020","10","10","11:00","174.2"
"Parainen Utö","2020","10","10","12:00","153.6"
"Parainen Utö","2020","10","10","13:00","158.7"
"Parainen Utö","2020","10","10","14:00","67.8"
"Parainen Utö","2020","10","10","15:00","30.9"
"Parainen Utö","2020","10","10","16:00","3.3"
"Parainen Utö","2020","10","10","17:00","-2.3"
"Parainen Utö","2020","10","10","18:00","-2.7"
"Parainen Utö","2020","10","10","19:00","-2.1"
"Parainen Utö","2020","10","10","20:00","-2.3"
"Parainen Utö","2020","10","10","21:00","-2.2"
"Parainen Utö","2020","10","10","22:00","-1.7"
"Parainen Utö","2020","10","10","23:00","-1.2"
"Parainen Utö","2020","10","11","00:00","-1.3"
"Parainen Utö","2020","10","11","01:00","-0.7"
"Parainen Utö","2020","10","11","02:00","-0.4"
"Parainen Utö","2020","10","11","03:00","-0.5"
"Parainen Utö","2020","10","11","04:00","-1.5"
"Parainen Utö","2020","10","11","05:00","-2"
"Parainen Utö","2020","10","11","06:00","12.3"
"Parainen Utö","2020","10","11","07:00","115.4"
"Parainen Utö","2020","10","11","08:00","234.3"
"Parainen Utö","2020","10","11","09:00","313.5"
"Parainen Utö","2020","10","11","10:00","360.4"
"Parainen Utö","2020","10","11","11:00","290.4"
"Parainen Utö","2020","10","11","12:00","206.8"
"Parainen Utö","2020","10","11","13:00","225.1"
"Parainen Utö","2020","10","11","14:00","183"
"Parainen Utö","2020","10","11","15:00","84.6"
"Parainen Utö","2020","10","11","16:00","6.2"
"Parainen Utö","2020","10","11","17:00","-3.2"
"Parainen Utö","2020","10","11","18:00","-3"
"Parainen Utö","2020","10","11","19:00","-2.9"
"Parainen Utö","2020","10","11","20:00","-2"
"Parainen Utö","2020","10","11","21:00","-1.8"
"Parainen Utö","2020","10","11","22:00","-2.6"
"Parainen Utö","2020","10","11","23:00","-2.8"
"Parainen Utö","2020","10","12","00:00","-2.6"
"Parainen Utö","2020","10","12","01:00","-1.9"
"Parainen Utö","2020","10","12","02:00","-1.7"
"Parainen Utö","2020","10","12","03:00","-2.8"
"Parainen Utö","2020","10","12","04:00","-2.9"
"Parainen Utö","2020","10","12","05:00","-2.3"
"Parainen Utö","2020","10","12","06:00","8.6"
"Parainen Utö","2020","10","12","07:00","99.9"
"Parainen Utö","2020","10","12","08:00","153.9"
"Parainen Utö","2020","10","12","09:00","195.3"
"Parainen Utö","2020","10","12","10:00","172.9"
"Parainen Utö","2020","10","12","11:00","289.6"
"Parainen Utö","2020","10","12","12:00","149.6"
"Parainen Utö","2020","10","12","13:00","185.5"
"Parainen Utö","2020","10","12","14:00","95.6"
"Parainen Utö","2020","10","12","15:00","30"
"Parainen Utö","2020","10","12","16:00","3"
"Parainen Utö","2020","10","12","17:00","-1.8"
"Parainen Utö","2020","10","12","18:00","-1.5"
"Parainen Utö","2020","10","12","19:00","-1.6"
"Parainen Utö","2020","10","12","20:00","-1.4"
"Parainen Utö","2020","10","12","21:00","-1.5"
"Parainen Utö","2020","10","12","22:00","-1.4"
"Parainen Utö","2020","10","12","23:00","-1.7"
"Parainen Utö","2020","10","13","00:00","-1.8"
"Parainen Utö","2020","10","13","01:00","-2.3"
"Parainen Utö","2020","10","13","02:00","-1.6"
"Parainen Utö","2020","10","13","03:00","-1.5"
"Parainen Utö","2020","10","13","04:00","-1.4"
"Parainen Utö","2020","10","13","05:00","-2.4"
"Parainen Utö","2020","10","13","06:00","10.2"
"Parainen Utö","2020","10","13","07:00","36.6"
"Parainen Utö","2020","10","13","08:00","94.3"
"Parainen Utö","2020","10","13","09:00","254.3"
"Parainen Utö","2020","10","13","10:00","197.4"
"Parainen Utö","2020","10","13","11:00","216.8"
"Parainen Utö","2020","10","13","12:00","205.4"
"Parainen Utö","2020","10","13","13:00","164.8"
"Parainen Utö","2020","10","13","14:00","79.7"
"Parainen Utö","2020","10","13","15:00","19.7"
"Parainen Utö","2020","10","13","16:00","1.4"
"Parainen Utö","2020","10","13","17:00","-1.6"
"Parainen Utö","2020","10","13","18:00","-2.5"
"Parainen Utö","2020","10","13","19:00","-3"
"Parainen Utö","2020","10","13","20:00","-2.7"
"Parainen Utö","2020","10","13","21:00","-2.7"
"Parainen Utö","2020","10","13","22:00","-2.5"
"Parainen Utö","2020","10","13","23:00","-1.9"
"Parainen Utö","2020","10","14","00:00","-2.4"
"Parainen Utö","2020","10","14","01:00","-2.1"
"Parainen Utö","2020","10","14","02:00","-1.6"
"Parainen Utö","2020","10","14","03:00","-1.4"
"Parainen Utö","2020","10","14","04:00","-1.9"
"Parainen Utö","2020","10","14","05:00","-2.3"
"Parainen Utö","2020","10","14","06:00","12.4"
"Parainen Utö","2020","10","14","07:00","59.7"
"Parainen Utö","2020","10","14","08:00","62"
"Parainen Utö","2020","10","14","09:00","133.8"
"Parainen Utö","2020","10","14","10:00","162.4"
"Parainen Utö","2020","10","14","11:00","90.7"
"Parainen Utö","2020","10","14","12:00","96.9"
"Parainen Utö","2020","10","14","13:00","107.1"
"Parainen Utö","2020","10","14","14:00","177.1"
"Parainen Utö","2020","10","14","15:00","31.6"
"Parainen Utö","2020","10","14","16:00","0.3"
"Parainen Utö","2020","10","14","17:00","-1.5"
"Parainen Utö","2020","10","14","18:00","-1.9"
"Parainen Utö","2020","10","14","19:00","-2.6"
"Parainen Utö","2020","10","14","20:00","-2.6"
"Parainen Utö","2020","10","14","21:00","-2.8"
"Parainen Utö","2020","10","14","22:00","-2.8"
"Parainen Utö","2020","10","14","23:00","-2.7"
"Parainen Utö","2020","10","15","00:00","-2.8"
"Parainen Utö","2020","10","15","01:00","-2.5"
"Parainen Utö","2020","10","15","02:00","-2.8"
"Parainen Utö","2020","10","15","03:00","-3.1"
"Parainen Utö","2020","10","15","04:00","-2.9"
"Parainen Utö","2020","10","15","05:00","-2.3"
"Parainen Utö","2020","10","15","06:00","9.6"
"Parainen Utö","2020","10","15","07:00","104.5"
"Parainen Utö","2020","10","15","08:00","212.9"
"Parainen Utö","2020","10","15","09:00","303.9"
"Parainen Utö","2020","10","15","10:00","306.2"
"Parainen Utö","2020","10","15","11:00","362.5"
"Parainen Utö","2020","10","15","12:00","235.1"
"Parainen Utö","2020","10","15","13:00","253.4"
"Parainen Utö","2020","10","15","14:00","157.5"
"Parainen Utö","2020","10","15","15:00","47.7"
"Parainen Utö","2020","10","15","16:00","3.2"
"Parainen Utö","2020","10","15","17:00","-2.7"
"Parainen Utö","2020","10","15","18:00","-2.3"
"Parainen Utö","2020","10","15","19:00","-1.5"
"Parainen Utö","2020","10","15","20:00","-1.2"
"Parainen Utö","2020","10","15","21:00","-1.6"
"Parainen Utö","2020","10","15","22:00","-2.1"
"Parainen Utö","2020","10","15","23:00","-3.3"
"Parainen Utö","2020","10","16","00:00","-3.3"
"Parainen Utö","2020","10","16","01:00","-3.3"
"Parainen Utö","2020","10","16","02:00","-1.6"
"Parainen Utö","2020","10","16","03:00","-1.3"
"Parainen Utö","2020","10","16","04:00","-1.6"
"Parainen Utö","2020","10","16","05:00","-2"
"Parainen Utö","2020","10","16","06:00","8.1"
"Parainen Utö","2020","10","16","07:00","77"
"Parainen Utö","2020","10","16","08:00","215.6"
"Parainen Utö","2020","10","16","09:00","290.5"
"Parainen Utö","2020","10","16","10:00","348"
"Parainen Utö","2020","10","16","11:00","355.2"
"Parainen Utö","2020","10","16","12:00","337.3"
"Parainen Utö","2020","10","16","13:00","224.6"
"Parainen Utö","2020","10","16","14:00","146.2"
"Parainen Utö","2020","10","16","15:00","49.1"
"Parainen Utö","2020","10","16","16:00","1.6"
"Parainen Utö","2020","10","16","17:00","-2.3"
"Parainen Utö","2020","10","16","18:00","-2.2"
"Parainen Utö","2020","10","16","19:00","-2.3"
"Parainen Utö","2020","10","16","20:00","-2.6"
"Parainen Utö","2020","10","16","21:00","-2.1"
"Parainen Utö","2020","10","16","22:00","-2.1"
"Parainen Utö","2020","10","16","23:00","-1.6"
"Parainen Utö","2020","10","17","00:00","-2.7"
"Parainen Utö","2020","10","17","01:00","-2.9"
"Parainen Utö","2020","10","17","02:00","-2.9"
"Parainen Utö","2020","10","17","03:00","-2.4"
"Parainen Utö","2020","10","17","04:00","-1.9"
"Parainen Utö","2020","10","17","05:00","-1.5"
"Parainen Utö","2020","10","17","06:00","4.7"
"Parainen Utö","2020","10","17","07:00","17.9"
"Parainen Utö","2020","10","17","08:00","74.2"
"Parainen Utö","2020","10","17","09:00","71.6"
"Parainen Utö","2020","10","17","10:00","78.6"
"Parainen Utö","2020","10","17","11:00","140.5"
"Parainen Utö","2020","10","17","12:00","167"
"Parainen Utö","2020","10","17","13:00","216.9"
"Parainen Utö","2020","10","17","14:00","156.2"
"Parainen Utö","2020","10","17","15:00","51.3"
"Parainen Utö","2020","10","17","16:00","1"
"Parainen Utö","2020","10","17","17:00","-1.9"
"Parainen Utö","2020","10","17","18:00","-1.5"
"Parainen Utö","2020","10","17","19:00","-1.4"
"Parainen Utö","2020","10","17","20:00","-1.5"
"Parainen Utö","2020","10","17","21:00","-1.9"
"Parainen Utö","2020","10","17","22:00","-2"
"Parainen Utö","2020","10","17","23:00","-1.9"
"Parainen Utö","2020","10","18","00:00","-1"
"Parainen Utö","2020","10","18","01:00","-0.4"
"Parainen Utö","2020","10","18","02:00","-0.9"
"Parainen Utö","2020","10","18","03:00","-2.7"
"Parainen Utö","2020","10","18","04:00","-3"
"Parainen Utö","2020","10","18","05:00","-2.5"
"Parainen Utö","2020","10","18","06:00","8.1"
"Parainen Utö","2020","10","18","07:00","75.8"
"Parainen Utö","2020","10","18","08:00","106.4"
"Parainen Utö","2020","10","18","09:00","266.6"
"Parainen Utö","2020","10","18","10:00","341.1"
"Parainen Utö","2020","10","18","11:00","244.7"
"Parainen Utö","2020","10","18","12:00","260.1"
"Parainen Utö","2020","10","18","13:00","151.9"
"Parainen Utö","2020","10","18","14:00","114.3"
"Parainen Utö","2020","10","18","15:00","26.8"
"Parainen Utö","2020","10","18","16:00","5.2"
"Parainen Utö","2020","10","18","17:00","-2.4"
"Parainen Utö","2020","10","18","18:00","-1.6"
"Parainen Utö","2020","10","18","19:00","-2.1"
"Parainen Utö","2020","10","18","20:00","-1.9"
"Parainen Utö","2020","10","18","21:00","-2.1"
"Parainen Utö","2020","10","18","22:00","-1.4"
"Parainen Utö","2020","10","18","23:00","-2.2"
"Parainen Utö","2020","10","19","00:00","-2.7"
"Parainen Utö","2020","10","19","01:00","-2.6"
"Parainen Utö","2020","10","19","02:00","-1.7"
"Parainen Utö","2020","10","19","03:00","-1.8"
"Parainen Utö","2020","10","19","04:00","-2.3"
"Parainen Utö","2020","10","19","05:00","-2.1"
"Parainen Utö","2020","10","19","06:00","3.1"
"Parainen Utö","2020","10","19","07:00","43"
"Parainen Utö","2020","10","19","08:00","101.4"
"Parainen Utö","2020","10","19","09:00","195.3"
"Parainen Utö","2020","10","19","10:00","129.5"
"Parainen Utö","2020","10","19","11:00","217.5"
"Parainen Utö","2020","10","19","12:00","238.5"
"Parainen Utö","2020","10","19","13:00","161.8"
"Parainen Utö","2020","10","19","14:00","57.6"
"Parainen Utö","2020","10","19","15:00","13.3"
"Parainen Utö","2020","10","19","16:00","-1.1"
"Parainen Utö","2020","10","19","17:00","-1.9"
"Parainen Utö","2020","10","19","18:00","-1.7"
"Parainen Utö","2020","10","19","19:00","-1.6"
"Parainen Utö","2020","10","19","20:00","-1.8"
"Parainen Utö","2020","10","19","21:00","-2"
"Parainen Utö","2020","10","19","22:00","-2.3"
"Parainen Utö","2020","10","19","23:00","-2.6"
"Parainen Utö","2020","10","20","00:00","-2.4"
"Parainen Utö","2020","10","20","01:00","-2.3"
"Parainen Utö","2020","10","20","02:00","-2.6"
"Parainen Utö","2020","10","20","03:00","-2.5"
"Parainen Utö","2020","10","20","04:00","-2.7"
"Parainen Utö","2020","10","20","05:00","-2.1"
"Parainen Utö","2020","10","20","06:00","9.8"
"Parainen Utö","2020","10","20","07:00","72.7"
"Parainen Utö","2020","10","20","08:00","191.7"
"Parainen Utö","2020","10","20","09:00","253.8"
"Parainen Utö","2020","10","20","10:00","297.9"
"Parainen Utö","2020","10","20","11:00","282.9"
"Parainen Utö","2020","10","20","12:00","207.1"
"Parainen Utö","2020","10","20","13:00","124.6"
"Parainen Utö","2020","10","20","14:00","76.9"
"Parainen Utö","2020","10","20","15:00","22.2"
"Parainen Utö","2020","10","20","16:00","-0.6"
"Parainen Utö","2020","10","20","17:00","-2.5"
"Parainen Utö","2020","10","20","18:00","-2.7"
"Parainen Utö","2020","10","20","19:00","-2.7"
"Parainen Utö","2020","10","20","20:00","-2.8"
"Parainen Utö","2020","10","20","21:00","-2.5"
"Parainen Utö","2020","10","20","22:00","-2.4"
"Parainen Utö","2020","10","20","23:00","-1.8"
"Parainen Utö","2020","10","21","00:00","-1.9"
"Parainen Utö","2020","10","21","01:00","-1.7"
"Parainen Utö","2020","10","21","02:00","-1.2"
"Parainen Utö","2020","10","21","03:00","-1.6"
"Parainen Utö","2020","10","21","04:00","-1.4"
"Parainen Utö","2020","10","21","05:00","-1.7"
"Parainen Utö","2020","10","21","06:00","-1"
"Parainen Utö","2020","10","21","07:00","4.3"
"Parainen Utö","2020","10","21","08:00","15.5"
"Parainen Utö","2020","10","21","09:00","16.6"
"Parainen Utö","2020","10","21","10:00","14.3"
"Parainen Utö","2020","10","21","11:00","97.8"
"Parainen Utö","2020","10","21","12:00","115.4"
"Parainen Utö","2020","10","21","13:00","92"
"Parainen Utö","2020","10","21","14:00","64.6"
"Parainen Utö","2020","10","21","15:00","15.7"
"Parainen Utö","2020","10","21","16:00","-0.5"
"Parainen Utö","2020","10","21","17:00","-0.6"
"Parainen Utö","2020","10","21","18:00","-1.3"
"Parainen Utö","2020","10","21","19:00","-1.3"
"Parainen Utö","2020","10","21","20:00","-1.1"
"Parainen Utö","2020","10","21","21:00","-1.1"
"Parainen Utö","2020","10","21","22:00","-0.9"
"Parainen Utö","2020","10","21","23:00","-1.2"
"Parainen Utö","2020","10","22","00:00","-0.9"
"Parainen Utö","2020","10","22","01:00","-1.1"
"Parainen Utö","2020","10","22","02:00","-1"
"Parainen Utö","2020","10","22","03:00","-1.4"
"Parainen Utö","2020","10","22","04:00","-1.5"
"Parainen Utö","2020","10","22","05:00","-1.4"
"Parainen Utö","2020","10","22","06:00","-0.6"
"Parainen Utö","2020","10","22","07:00","3.1"
"Parainen Utö","2020","10","22","08:00","8.9"
"Parainen Utö","2020","10","22","09:00","19.6"
"Parainen Utö","2020","10","22","10:00","38.8"
"Parainen Utö","2020","10","22","11:00","51.2"
"Parainen Utö","2020","10","22","12:00","66.6"
"Parainen Utö","2020","10","22","13:00","37.2"
"Parainen Utö","2020","10","22","14:00","46.6"
"Parainen Utö","2020","10","22","15:00","14.1"
"Parainen Utö","2020","10","22","16:00","0"
"Parainen Utö","2020","10","22","17:00","-0.8"
"Parainen Utö","2020","10","22","18:00","-0.8"
"Parainen Utö","2020","10","22","19:00","-0.6"
"Parainen Utö","2020","10","22","20:00","-1"
"Parainen Utö","2020","10","22","21:00","-1.6"
"Parainen Utö","2020","10","22","22:00","-1.2"
"Parainen Utö","2020","10","22","23:00","-1.2"
"Parainen Utö","2020","10","23","00:00","-1.4"
"Parainen Utö","2020","10","23","01:00","-1"
"Parainen Utö","2020","10","23","02:00","-1.2"
"Parainen Utö","2020","10","23","03:00","-1.4"
"Parainen Utö","2020","10","23","04:00","-1.7"
"Parainen Utö","2020","10","23","05:00","-1.5"
"Parainen Utö","2020","10","23","06:00","1.8"
"Parainen Utö","2020","10","23","07:00","26"
"Parainen Utö","2020","10","23","08:00","28.9"
"Parainen Utö","2020","10","23","09:00","88.6"
"Parainen Utö","2020","10","23","10:00","144.5"
"Parainen Utö","2020","10","23","11:00","91.2"
"Parainen Utö","2020","10","23","12:00","87.2"
"Parainen Utö","2020","10","23","13:00","93.2"
"Parainen Utö","2020","10","23","14:00","47.9"
"Parainen Utö","2020","10","23","15:00","13.8"
"Parainen Utö","2020","10","23","16:00","-0.6"
"Parainen Utö","2020","10","23","17:00","-1.2"
"Parainen Utö","2020","10","23","18:00","-1.4"
"Parainen Utö","2020","10","23","19:00","-1.9"
"Parainen Utö","2020","10","23","20:00","-1.5"
"Parainen Utö","2020","10","23","21:00","-1.5"
"Parainen Utö","2020","10","23","22:00","-1.6"
"Parainen Utö","2020","10","23","23:00","-2.4"
"Parainen Utö","2020","10","24","00:00","-1.5"
"Parainen Utö","2020","10","24","01:00","-1.7"
"Parainen Utö","2020","10","24","02:00","-1.9"
"Parainen Utö","2020","10","24","03:00","-1.7"
"Parainen Utö","2020","10","24","04:00","-1.9"
"Parainen Utö","2020","10","24","05:00","-1.5"
"Parainen Utö","2020","10","24","06:00","1.8"
"Parainen Utö","2020","10","24","07:00","40.7"
"Parainen Utö","2020","10","24","08:00","89.4"
"Parainen Utö","2020","10","24","09:00","123.4"
"Parainen Utö","2020","10","24","10:00","76.6"
"Parainen Utö","2020","10","24","11:00","51.2"
"Parainen Utö","2020","10","24","12:00","46.4"
"Parainen Utö","2020","10","24","13:00","25.2"
"Parainen Utö","2020","10","24","14:00","16.6"
"Parainen Utö","2020","10","24","15:00","5"
"Parainen Utö","2020","10","24","16:00","-1.4"
"Parainen Utö","2020","10","24","17:00","-1.8"
"Parainen Utö","2020","10","24","18:00","-0.9"
"Parainen Utö","2020","10","24","19:00","-0.9"
"Parainen Utö","2020","10","24","20:00","-1.2"
"Parainen Utö","2020","10","24","21:00","-1.3"
"Parainen Utö","2020","10","24","22:00","-1.7"
"Parainen Utö","2020","10","24","23:00","-0.9"
"Parainen Utö","2020","10","25","00:00","-0.6"
"Parainen Utö","2020","10","25","01:00","-0.7"
"Parainen Utö","2020","10","25","02:00","-0.7"
"Parainen Utö","2020","10","25","03:00","-0.9"
"Parainen Utö","2020","10","25","04:00","-1"
"Parainen Utö","2020","10","25","05:00","-0.6"
"Parainen Utö","2020","10","25","06:00","0.1"
"Parainen Utö","2020","10","25","07:00","8.4"
"Parainen Utö","2020","10","25","08:00","80.9"
"Parainen Utö","2020","10","25","09:00","125.8"
"Parainen Utö","2020","10","25","10:00","136.4"
"Parainen Utö","2020","10","25","11:00","146.4"
"Parainen Utö","2020","10","25","12:00","112"
"Parainen Utö","2020","10","25","13:00","42.5"
"Parainen Utö","2020","10","25","14:00","17.3"
"Parainen Utö","2020","10","25","15:00","2"
"Parainen Utö","2020","10","25","16:00","-1.1"
"Parainen Utö","2020","10","25","17:00","-1.3"
"Parainen Utö","2020","10","25","18:00","-1.4"
"Parainen Utö","2020","10","25","19:00","-1.4"
"Parainen Utö","2020","10","25","20:00","-1.3"
"Parainen Utö","2020","10","25","21:00","-1.2"
"Parainen Utö","2020","10","25","22:00","-1.2"
"Parainen Utö","2020","10","25","23:00","-1.3"
"Parainen Utö","2020","10","26","00:00","-1.2"
"Parainen Utö","2020","10","26","01:00","-1.5"
"Parainen Utö","2020","10","26","02:00","-1.6"
"Parainen Utö","2020","10","26","03:00","-1.9"
"Parainen Utö","2020","10","26","04:00","-1.3"
"Parainen Utö","2020","10","26","05:00","-1.4"
"Parainen Utö","2020","10","26","06:00","-0.2"
"Parainen Utö","2020","10","26","07:00","6.6"
"Parainen Utö","2020","10","26","08:00","39.9"
"Parainen Utö","2020","10","26","09:00","69.9"
"Parainen Utö","2020","10","26","10:00","49.8"
"Parainen Utö","2020","10","26","11:00","34.9"
"Parainen Utö","2020","10","26","12:00","25.1"
"Parainen Utö","2020","10","26","13:00","19.3"
"Parainen Utö","2020","10","26","14:00","9.3"
"Parainen Utö","2020","10","26","15:00","3.7"
"Parainen Utö","2020","10","26","16:00","-1.5"
"Parainen Utö","2020","10","26","17:00","-1.8"
"Parainen Utö","2020","10","26","18:00","-1.8"
"Parainen Utö","2020","10","26","19:00","-2"
"Parainen Utö","2020","10","26","20:00","-1.9"
"Parainen Utö","2020","10","26","21:00","-1.8"
"Parainen Utö","2020","10","26","22:00","-2.1"
"Parainen Utö","2020","10","26","23:00","-1.5"
"Parainen Utö","2020","10","27","00:00","-1.1"
"Parainen Utö","2020","10","27","01:00","-1"
"Parainen Utö","2020","10","27","02:00","-1.1"
"Parainen Utö","2020","10","27","03:00","-1.1"
"Parainen Utö","2020","10","27","04:00","-1.5"
"Parainen Utö","2020","10","27","05:00","-1.8"
"Parainen Utö","2020","10","27","06:00","-1"
"Parainen Utö","2020","10","27","07:00","4.3"
"Parainen Utö","2020","10","27","08:00","32.9"
"Parainen Utö","2020","10","27","09:00","58.3"
"Parainen Utö","2020","10","27","10:00","91.5"
"Parainen Utö","2020","10","27","11:00","118.3"
"Parainen Utö","2020","10","27","12:00","115"
"Parainen Utö","2020","10","27","13:00","68.3"
"Parainen Utö","2020","10","27","14:00","35"
"Parainen Utö","2020","10","27","15:00","8.1"
"Parainen Utö","2020","10","27","16:00","-1.4"
"Parainen Utö","2020","10","27","17:00","-1.9"
"Parainen Utö","2020","10","27","18:00","-1.5"
"Parainen Utö","2020","10","27","19:00","-1.7"
"Parainen Utö","2020","10","27","20:00","-1.8"
"Parainen Utö","2020","10","27","21:00","-1.5"
"Parainen Utö","2020","10","27","22:00","-1.4"
"Parainen Utö","2020","10","27","23:00","-1.5"
"Parainen Utö","2020","10","28","00:00","-1.8"
"Parainen Utö","2020","10","28","01:00","-2.3"
"Parainen Utö","2020","10","28","02:00","-2.4"
"Parainen Utö","2020","10","28","03:00","-2.7"
"Parainen Utö","2020","10","28","04:00","-2.2"
"Parainen Utö","2020","10","28","05:00","-2.3"
"Parainen Utö","2020","10","28","06:00","-0.3"
"Parainen Utö","2020","10","28","07:00","30.9"
"Parainen Utö","2020","10","28","08:00","117.1"
"Parainen Utö","2020","10","28","09:00","197.1"
"Parainen Utö","2020","10","28","10:00","214.2"
"Parainen Utö","2020","10","28","11:00","173.7"
"Parainen Utö","2020","10","28","12:00","168.5"
"Parainen Utö","2020","10","28","13:00","107.8"
"Parainen Utö","2020","10","28","14:00","54.2"
"Parainen Utö","2020","10","28","15:00","6.2"
"Parainen Utö","2020","10","28","16:00","-1.5"
"Parainen Utö","2020","10","28","17:00","-1.8"
"Parainen Utö","2020","10","28","18:00","-1.4"
"Parainen Utö","2020","10","28","19:00","-2"
"Parainen Utö","2020","10","28","20:00","-1.9"
"Parainen Utö","2020","10","28","21:00","-2.1"
"Parainen Utö","2020","10","28","22:00","-2.3"
"Parainen Utö","2020","10","28","23:00","-2.4"
"Parainen Utö","2020","10","29","00:00","-2.5"
"Parainen Utö","2020","10","29","01:00","-2.5"
"Parainen Utö","2020","10","29","02:00","-2.7"
"Parainen Utö","2020","10","29","03:00","-2.5"
"Parainen Utö","2020","10","29","04:00","-2.3"
"Parainen Utö","2020","10","29","05:00","-2.5"
"Parainen Utö","2020","10","29","06:00","-0.3"
"Parainen Utö","2020","10","29","07:00","31.3"
"Parainen Utö","2020","10","29","08:00","128.6"
"Parainen Utö","2020","10","29","09:00","172"
"Parainen Utö","2020","10","29","10:00","209.6"
"Parainen Utö","2020","10","29","11:00","151.7"
"Parainen Utö","2020","10","29","12:00","216.5"
"Parainen Utö","2020","10","29","13:00","156.3"
"Parainen Utö","2020","10","29","14:00","72.1"
"Parainen Utö","2020","10","29","15:00","6.5"
"Parainen Utö","2020","10","29","16:00","-1.8"
"Parainen Utö","2020","10","29","17:00","-2.1"
"Parainen Utö","2020","10","29","18:00","-2.6"
"Parainen Utö","2020","10","29","19:00","-2.1"
"Parainen Utö","2020","10","29","20:00","-2.2"
"Parainen Utö","2020","10","29","21:00","-1.8"
"Parainen Utö","2020","10","29","22:00","-2.3"
"Parainen Utö","2020","10","29","23:00","-2.3"
"Parainen Utö","2020","10","30","00:00","-1.6"
"Parainen Utö","2020","10","30","01:00","-1.9"
"Parainen Utö","2020","10","30","02:00","-1.8"
"Parainen Utö","2020","10","30","03:00","-1.1"
"Parainen Utö","2020","10","30","04:00","-2.4"
"Parainen Utö","2020","10","30","05:00","-2.5"
"Parainen Utö","2020","10","30","06:00","-1.2"
"Parainen Utö","2020","10","30","07:00","10"
"Parainen Utö","2020","10","30","08:00","29.4"
"Parainen Utö","2020","10","30","09:00","103.6"
"Parainen Utö","2020","10","30","10:00","281.8"
"Parainen Utö","2020","10","30","11:00","162.2"
"Parainen Utö","2020","10","30","12:00","131.9"
"Parainen Utö","2020","10","30","13:00","123.9"
"Parainen Utö","2020","10","30","14:00","94.1"
"Parainen Utö","2020","10","30","15:00","13.1"
"Parainen Utö","2020","10","30","16:00","-2.1"
"Parainen Utö","2020","10","30","17:00","-0.8"
"Parainen Utö","2020","10","30","18:00","-1.1"
"Parainen Utö","2020","10","30","19:00","-0.8"
"Parainen Utö","2020","10","30","20:00","-0.8"
"Parainen Utö","2020","10","30","21:00","-0.5"
"Parainen Utö","2020","10","30","22:00","-1.1"
"Parainen Utö","2020","10","30","23:00","-0.7"
"Parainen Utö","2020","10","31","00:00","-0.6"
"Parainen Utö","2020","10","31","01:00","-0.9"
"Parainen Utö","2020","10","31","02:00","-0.6"
"Parainen Utö","2020","10","31","03:00","-0.8"
"Parainen Utö","2020","10","31","04:00","-0.8"
"Parainen Utö","2020","10","31","05:00","-1.1"
"Parainen Utö","2020","10","31","06:00","-0.4"
"Parainen Utö","2020","10","31","07:00","12.7"
"Parainen Utö","2020","10","31","08:00","99.7"
"Parainen Utö","2020","10","31","09:00","101.5"
"Parainen Utö","2020","10","31","10:00","64.6"
"Parainen Utö","2020","10","31","11:00","55.4"
"Parainen Utö","2020","10","31","12:00","138.5"
"Parainen Utö","2020","10","31","13:00","67.8"
"Parainen Utö","2020","10","31","14:00","18"
"Parainen Utö","2020","10","31","15:00","2.4"
"Parainen Utö","2020","10","31","16:00","-1.3"
"Parainen Utö","2020","10","31","17:00","-1.2"
"Parainen Utö","2020","10","31","18:00","-1.3"
"Parainen Utö","2020","10","31","19:00","-1.3"
"Parainen Utö","2020","10","31","20:00","-1.7"
"Parainen Utö","2020","10","31","21:00","-1.4"
"Parainen Utö","2020","10","31","22:00","-1.6"
"Parainen Utö","2020","10","31","23:00","-1.7"
"Parainen Utö","2020","11","1","00:00","-1.2"
"Parainen Utö","2020","11","1","01:00","-1.5"
"Parainen Utö","2020","11","1","02:00","-1.3"
"Parainen Utö","2020","11","1","03:00","-1.6"
"Parainen Utö","2020","11","1","04:00","-1.5"
"Parainen Utö","2020","11","1","05:00","-1"
"Parainen Utö","2020","11","1","06:00","-0.8"
"Parainen Utö","2020","11","1","07:00","12.1"
"Parainen Utö","2020","11","1","08:00","27.9"
"Parainen Utö","2020","11","1","09:00","28.5"
"Parainen Utö","2020","11","1","10:00","43.3"
"Parainen Utö","2020","11","1","11:00","47.3"
"Parainen Utö","2020","11","1","12:00","53.5"
"Parainen Utö","2020","11","1","13:00","33.9"
"Parainen Utö","2020","11","1","14:00","15.1"
"Parainen Utö","2020","11","1","15:00","2.4"
"Parainen Utö","2020","11","1","16:00","-1.9"
"Parainen Utö","2020","11","1","17:00","-1.4"
"Parainen Utö","2020","11","1","18:00","-1.6"
"Parainen Utö","2020","11","1","19:00","-1.6"
"Parainen Utö","2020","11","1","20:00","-1.4"
"Parainen Utö","2020","11","1","21:00","-1.2"
"Parainen Utö","2020","11","1","22:00","-1.3"
"Parainen Utö","2020","11","1","23:00","-1.3"
"Parainen Utö","2020","11","2","00:00","-1.3"
"Parainen Utö","2020","11","2","01:00","-1.3"
"Parainen Utö","2020","11","2","02:00","-1.4"
"Parainen Utö","2020","11","2","03:00","-1.4"
"Parainen Utö","2020","11","2","04:00","-1.2"
"Parainen Utö","2020","11","2","05:00","-1.3"
"Parainen Utö","2020","11","2","06:00","-1"
"Parainen Utö","2020","11","2","07:00","4.1"
"Parainen Utö","2020","11","2","08:00","10.2"
"Parainen Utö","2020","11","2","09:00","14.1"
"Parainen Utö","2020","11","2","10:00","18"
"Parainen Utö","2020","11","2","11:00","13.2"
"Parainen Utö","2020","11","2","12:00","11.8"
"Parainen Utö","2020","11","2","13:00","7.1"
"Parainen Utö","2020","11","2","14:00","3.2"
"Parainen Utö","2020","11","2","15:00","0.9"
"Parainen Utö","2020","11","2","16:00","-1.3"
"Parainen Utö","2020","11","2","17:00","-1.4"
"Parainen Utö","2020","11","2","18:00","-1.5"
"Parainen Utö","2020","11","2","19:00","-1.4"
"Parainen Utö","2020","11","2","20:00","-1.3"
"Parainen Utö","2020","11","2","21:00","-1.1"
"Parainen Utö","2020","11","2","22:00","-1.2"
"Parainen Utö","2020","11","2","23:00","-1.9"
"Parainen Utö","2020","11","3","00:00","-1.7"
"Parainen Utö","2020","11","3","01:00","-1.8"
"Parainen Utö","2020","11","3","02:00","-1.4"
"Parainen Utö","2020","11","3","03:00","-2.3"
"Parainen Utö","2020","11","3","04:00","-1.9"
"Parainen Utö","2020","11","3","05:00","-1.7"
"Parainen Utö","2020","11","3","06:00","-0.9"
"Parainen Utö","2020","11","3","07:00","17.1"
"Parainen Utö","2020","11","3","08:00","89.1"
"Parainen Utö","2020","11","3","09:00","98.3"
"Parainen Utö","2020","11","3","10:00","174.3"
"Parainen Utö","2020","11","3","11:00","199.8"
"Parainen Utö","2020","11","3","12:00","117.6"
"Parainen Utö","2020","11","3","13:00","73.4"
"Parainen Utö","2020","11","3","14:00","47.7"
"Parainen Utö","2020","11","3","15:00","5.7"
"Parainen Utö","2020","11","3","16:00","-2.4"
"Parainen Utö","2020","11","3","17:00","-2.7"
"Parainen Utö","2020","11","3","18:00","-2.9"
"Parainen Utö","2020","11","3","19:00","-2.4"
"Parainen Utö","2020","11","3","20:00","-2.7"
"Parainen Utö","2020","11","3","21:00","-2.8"
"Parainen Utö","2020","11","3","22:00","-2.6"
"Parainen Utö","2020","11","3","23:00","-2.7"
"Parainen Utö","2020","11","4","00:00","-2.7"
"Parainen Utö","2020","11","4","01:00","-2.9"
"Parainen Utö","2020","11","4","02:00","-2.6"
"Parainen Utö","2020","11","4","03:00","-2.6"
"Parainen Utö","2020","11","4","04:00","-2.7"
"Parainen Utö","2020","11","4","05:00","-2.4"
"Parainen Utö","2020","11","4","06:00","-1.7"
"Parainen Utö","2020","11","4","07:00","11.8"
"Parainen Utö","2020","11","4","08:00","61.6"
"Parainen Utö","2020","11","4","09:00","128.2"
"Parainen Utö","2020","11","4","10:00","82.2"
"Parainen Utö","2020","11","4","11:00","102.2"
"Parainen Utö","2020","11","4","12:00","144.2"
"Parainen Utö","2020","11","4","13:00","78.6"
"Parainen Utö","2020","11","4","14:00","36.3"
"Parainen Utö","2020","11","4","15:00","3"
"Parainen Utö","2020","11","4","16:00","-2.4"
"Parainen Utö","2020","11","4","17:00","-2.7"
"Parainen Utö","2020","11","4","18:00","-2.6"
"Parainen Utö","2020","11","4","19:00","-2.6"
"Parainen Utö","2020","11","4","20:00","-1.9"
"Parainen Utö","2020","11","4","21:00","-2.2"
"Parainen Utö","2020","11","4","22:00","-1.8"
"Parainen Utö","2020","11","4","23:00","-1.7"
"Parainen Utö","2020","11","5","00:00","-2.3"
"Parainen Utö","2020","11","5","01:00","-2.2"
"Parainen Utö","2020","11","5","02:00","-2.2"
"Parainen Utö","2020","11","5","03:00","-2.8"
"Parainen Utö","2020","11","5","04:00","-2"
"Parainen Utö","2020","11","5","05:00","-1.7"
"Parainen Utö","2020","11","5","06:00","-1.7"
"Parainen Utö","2020","11","5","07:00","4.4"
"Parainen Utö","2020","11","5","08:00","24.2"
"Parainen Utö","2020","11","5","09:00","96.5"
"Parainen Utö","2020","11","5","10:00","206.5"
"Parainen Utö","2020","11","5","11:00","219.5"
"Parainen Utö","2020","11","5","12:00","173.9"
"Parainen Utö","2020","11","5","13:00","136.8"
"Parainen Utö","2020","11","5","14:00","48.6"
"Parainen Utö","2020","11","5","15:00","3.9"
"Parainen Utö","2020","11","5","16:00","-2.1"
"Parainen Utö","2020","11","5","17:00","-2.5"
"Parainen Utö","2020","11","5","18:00","-2.5"
"Parainen Utö","2020","11","5","19:00","-2.6"
"Parainen Utö","2020","11","5","20:00","-2.7"
"Parainen Utö","2020","11","5","21:00","-2.4"
"Parainen Utö","2020","11","5","22:00","-2.6"
"Parainen Utö","2020","11","5","23:00","-2.7"
"Parainen Utö","2020","11","6","00:00","-2.8"
"Parainen Utö","2020","11","6","01:00","-3"
"Parainen Utö","2020","11","6","02:00","-2.9"
"Parainen Utö","2020","11","6","03:00","-3"
"Parainen Utö","2020","11","6","04:00","-2.5"
"Parainen Utö","2020","11","6","05:00","-2.7"
"Parainen Utö","2020","11","6","06:00","-1.5"
"Parainen Utö","2020","11","6","07:00","10.7"
"Parainen Utö","2020","11","6","08:00","44.8"
"Parainen Utö","2020","11","6","09:00","106"
"Parainen Utö","2020","11","6","10:00","202.7"
"Parainen Utö","2020","11","6","11:00","212.4"
"Parainen Utö","2020","11","6","12:00","193.3"
"Parainen Utö","2020","11","6","13:00","151.9"
"Parainen Utö","2020","11","6","14:00","35.9"
"Parainen Utö","2020","11","6","15:00","2.8"
"Parainen Utö","2020","11","6","16:00","-2.6"
"Parainen Utö","2020","11","6","17:00","-2.3"
"Parainen Utö","2020","11","6","18:00","-2.6"
"Parainen Utö","2020","11","6","19:00","-2.5"
"Parainen Utö","2020","11","6","20:00","-2.9"
"Parainen Utö","2020","11","6","21:00","-2.6"
"Parainen Utö","2020","11","6","22:00","-2.8"
"Parainen Utö","2020","11","6","23:00","-2.5"
"Parainen Utö","2020","11","7","00:00","-2.4"
"Parainen Utö","2020","11","7","01:00","-2.4"
"Parainen Utö","2020","11","7","02:00","-2.5"
"Parainen Utö","2020","11","7","03:00","-2.3"
"Parainen Utö","2020","11","7","04:00","-2.6"
"Parainen Utö","2020","11","7","05:00","-2.6"
"Parainen Utö","2020","11","7","06:00","-2.1"
"Parainen Utö","2020","11","7","07:00","10.7"
"Parainen Utö","2020","11","7","08:00","28"
"Parainen Utö","2020","11","7","09:00","45.5"
"Parainen Utö","2020","11","7","10:00","42.3"
"Parainen Utö","2020","11","7","11:00","72"
"Parainen Utö","2020","11","7","12:00","113.1"
"Parainen Utö","2020","11","7","13:00","63.5"
"Parainen Utö","2020","11","7","14:00","20.6"
"Parainen Utö","2020","11","7","15:00","0.5"
"Parainen Utö","2020","11","7","16:00","-1"
"Parainen Utö","2020","11","7","17:00","-1.2"
"Parainen Utö","2020","11","7","18:00","-1.3"
"Parainen Utö","2020","11","7","19:00","-1.3"
"Parainen Utö","2020","11","7","20:00","-1.3"
"Parainen Utö","2020","11","7","21:00","-1.8"
"Parainen Utö","2020","11","7","22:00","-1.9"
"Parainen Utö","2020","11","7","23:00","-2.1"
"Parainen Utö","2020","11","8","00:00","-1.3"
"Parainen Utö","2020","11","8","01:00","-1.6"
"Parainen Utö","2020","11","8","02:00","-2"
"Parainen Utö","2020","11","8","03:00","-1.8"
"Parainen Utö","2020","11","8","04:00","-2.3"
"Parainen Utö","2020","11","8","05:00","-2.8"
"Parainen Utö","2020","11","8","06:00","-2.7"
"Parainen Utö","2020","11","8","07:00","9.3"
"Parainen Utö","2020","11","8","08:00","70.8"
"Parainen Utö","2020","11","8","09:00","139.2"
"Parainen Utö","2020","11","8","10:00","193"
"Parainen Utö","2020","11","8","11:00","195.5"
"Parainen Utö","2020","11","8","12:00","102.1"
"Parainen Utö","2020","11","8","13:00","100.6"
"Parainen Utö","2020","11","8","14:00","35.6"
"Parainen Utö","2020","11","8","15:00","2.1"
"Parainen Utö","2020","11","8","16:00","-3"
"Parainen Utö","2020","11","8","17:00","-3"
"Parainen Utö","2020","11","8","18:00","-3"
"Parainen Utö","2020","11","8","19:00","-3.1"
"Parainen Utö","2020","11","8","20:00","-1.9"
"Parainen Utö","2020","11","8","21:00","-1.5"
"Parainen Utö","2020","11","8","22:00","-1.4"
"Parainen Utö","2020","11","8","23:00","-0.8"
"Parainen Utö","2020","11","9","00:00","-1.3"
"Parainen Utö","2020","11","9","01:00","-1.7"
"Parainen Utö","2020","11","9","02:00","-1.4"
"Parainen Utö","2020","11","9","03:00","-1.3"
"Parainen Utö","2020","11","9","04:00","-1.3"
"Parainen Utö","2020","11","9","05:00","-1.9"
"Parainen Utö","2020","11","9","06:00","-1.3"
"Parainen Utö","2020","11","9","07:00","1.9"
"Parainen Utö","2020","11","9","08:00","15.6"
"Parainen Utö","2020","11","9","09:00","47.2"
"Parainen Utö","2020","11","9","10:00","140.4"
"Parainen Utö","2020","11","9","11:00","156.2"
"Parainen Utö","2020","11","9","12:00","163.8"
"Parainen Utö","2020","11","9","13:00","128.2"
"Parainen Utö","2020","11","9","14:00","31.9"
"Parainen Utö","2020","11","9","15:00","1.2"
"Parainen Utö","2020","11","9","16:00","-2.7"
"Parainen Utö","2020","11","9","17:00","-2.4"
"Parainen Utö","2020","11","9","18:00","-2.6"
"Parainen Utö","2020","11","9","19:00","-2.8"
"Parainen Utö","2020","11","9","20:00","-2.8"
"Parainen Utö","2020","11","9","21:00","-2.7"
"Parainen Utö","2020","11","9","22:00","-2.4"
"Parainen Utö","2020","11","9","23:00","-2.8"
"Parainen Utö","2020","11","10","00:00","-2.8"
"Parainen Utö","2020","11","10","01:00","-2.8"
"Parainen Utö","2020","11","10","02:00","-2.7"
"Parainen Utö","2020","11","10","03:00","-2.7"
"Parainen Utö","2020","11","10","04:00","-2.6"
"Parainen Utö","2020","11","10","05:00","-2.6"
"Parainen Utö","2020","11","10","06:00","-2"
"Parainen Utö","2020","11","10","07:00","8.2"
"Parainen Utö","2020","11","10","08:00","59.6"
"Parainen Utö","2020","11","10","09:00","143.7"
"Parainen Utö","2020","11","10","10:00","153.2"
"Parainen Utö","2020","11","10","11:00","135.4"
"Parainen Utö","2020","11","10","12:00","151.3"
"Parainen Utö","2020","11","10","13:00","98.3"
"Parainen Utö","2020","11","10","14:00","20.2"
"Parainen Utö","2020","11","10","15:00","0.1"
"Parainen Utö","2020","11","10","16:00","-0.9"
"Parainen Utö","2020","11","10","17:00","-1"
"Parainen Utö","2020","11","10","18:00","-0.8"
"Parainen Utö","2020","11","10","19:00","-0.9"
"Parainen Utö","2020","11","10","20:00","-0.8"
"Parainen Utö","2020","11","10","21:00","-0.9"
"Parainen Utö","2020","11","10","22:00","-0.8"
"Parainen Utö","2020","11","10","23:00","-0.6"
"Parainen Utö","2020","11","11","00:00","-0.7"
"Parainen Utö","2020","11","11","01:00","-0.7"
"Parainen Utö","2020","11","11","02:00","-1.1"
"Parainen Utö","2020","11","11","03:00","-1.4"
"Parainen Utö","2020","11","11","04:00","-1.2"
"Parainen Utö","2020","11","11","05:00","-1.3"
"Parainen Utö","2020","11","11","06:00","-1.2"
"Parainen Utö","2020","11","11","07:00","2.5"
"Parainen Utö","2020","11","11","08:00","10.6"
"Parainen Utö","2020","11","11","09:00","48.8"
"Parainen Utö","2020","11","11","10:00","70"
"Parainen Utö","2020","11","11","11:00","17.2"
"Parainen Utö","2020","11","11","12:00","35.4"
"Parainen Utö","2020","11","11","13:00","19.7"
"Parainen Utö","2020","11","11","14:00","5.3"
"Parainen Utö","2020","11","11","15:00","-0.8"
"Parainen Utö","2020","11","11","16:00","-1.1"
"Parainen Utö","2020","11","11","17:00","-1.2"
"Parainen Utö","2020","11","11","18:00","-1.4"
"Parainen Utö","2020","11","11","19:00","-1.2"
"Parainen Utö","2020","11","11","20:00","-2"
"Parainen Utö","2020","11","11","21:00","-1.8"
"Parainen Utö","2020","11","11","22:00","-1.3"
"Parainen Utö","2020","11","11","23:00","-1"
"Parainen Utö","2020","11","12","00:00","-1.4"
"Parainen Utö","2020","11","12","01:00","-1.2"
"Parainen Utö","2020","11","12","02:00","-1.1"
"Parainen Utö","2020","11","12","03:00","-0.8"
"Parainen Utö","2020","11","12","04:00","-1.1"
"Parainen Utö","2020","11","12","05:00","-1.2"
"Parainen Utö","2020","11","12","06:00","-1.1"
"Parainen Utö","2020","11","12","07:00","1.4"
"Parainen Utö","2020","11","12","08:00","7.2"
"Parainen Utö","2020","11","12","09:00","21.2"
"Parainen Utö","2020","11","12","10:00","19.8"
"Parainen Utö","2020","11","12","11:00","33.2"
"Parainen Utö","2020","11","12","12:00","34.2"
"Parainen Utö","2020","11","12","13:00","11.5"
"Parainen Utö","2020","11","12","14:00","3.1"
"Parainen Utö","2020","11","12","15:00","-0.9"
"Parainen Utö","2020","11","12","16:00","-1.3"
"Parainen Utö","2020","11","12","17:00","-1.4"
"Parainen Utö","2020","11","12","18:00","-1.3"
"Parainen Utö","2020","11","12","19:00","-1.3"
"Parainen Utö","2020","11","12","20:00","-1.3"
"Parainen Utö","2020","11","12","21:00","-1.1"
"Parainen Utö","2020","11","12","22:00","-1.1"
"Parainen Utö","2020","11","12","23:00","-1"
"Parainen Utö","2020","11","13","00:00","-1.1"
"Parainen Utö","2020","11","13","01:00","-1.2"
"Parainen Utö","2020","11","13","02:00","-1.2"
"Parainen Utö","2020","11","13","03:00","-1.1"
"Parainen Utö","2020","11","13","04:00","-1.1"
"Parainen Utö","2020","11","13","05:00","-1.3"
"Parainen Utö","2020","11","13","06:00","-1.5"
"Parainen Utö","2020","11","13","07:00","-0.3"
"Parainen Utö","2020","11","13","08:00","9.8"
"Parainen Utö","2020","11","13","09:00","36.6"
"Parainen Utö","2020","11","13","10:00","61.2"
"Parainen Utö","2020","11","13","11:00","72.1"
"Parainen Utö","2020","11","13","12:00","50.6"
"Parainen Utö","2020","11","13","13:00","24.9"
"Parainen Utö","2020","11","13","14:00","8.8"
"Parainen Utö","2020","11","13","15:00","-1"
"Parainen Utö","2020","11","13","16:00","-2.6"
"Parainen Utö","2020","11","13","17:00","-1.9"
"Parainen Utö","2020","11","13","18:00","-1.7"
"Parainen Utö","2020","11","13","19:00","-2.1"
"Parainen Utö","2020","11","13","20:00","-1.5"
"Parainen Utö","2020","11","13","21:00","-2.1"
"Parainen Utö","2020","11","13","22:00","-1.2"
"Parainen Utö","2020","11","13","23:00","-1.2"
"Parainen Utö","2020","11","14","00:00","-1.3"
"Parainen Utö","2020","11","14","01:00","-1.5"
"Parainen Utö","2020","11","14","02:00","-1.7"
"Parainen Utö","2020","11","14","03:00","-1.9"
"Parainen Utö","2020","11","14","04:00","-1.2"
"Parainen Utö","2020","11","14","05:00","-1.5"
"Parainen Utö","2020","11","14","06:00","-1.2"
"Parainen Utö","2020","11","14","07:00","0.5"
"Parainen Utö","2020","11","14","08:00","5.5"
"Parainen Utö","2020","11","14","09:00","9.5"
"Parainen Utö","2020","11","14","10:00","15.3"
"Parainen Utö","2020","11","14","11:00","10.8"
"Parainen Utö","2020","11","14","12:00","18.4"
"Parainen Utö","2020","11","14","13:00","16.7"
"Parainen Utö","2020","11","14","14:00","4.3"
"Parainen Utö","2020","11","14","15:00","-0.8"
"Parainen Utö","2020","11","14","16:00","-1.3"
"Parainen Utö","2020","11","14","17:00","-1.2"
"Parainen Utö","2020","11","14","18:00","-1.4"
"Parainen Utö","2020","11","14","19:00","-1.4"
"Parainen Utö","2020","11","14","20:00","-0.9"
"Parainen Utö","2020","11","14","21:00","-1"
"Parainen Utö","2020","11","14","22:00","-1.3"
"Parainen Utö","2020","11","14","23:00","-1.3"
"Parainen Utö","2020","11","15","00:00","-1.3"
"Parainen Utö","2020","11","15","01:00","-1.7"
"Parainen Utö","2020","11","15","02:00","-1.6"
"Parainen Utö","2020","11","15","03:00","-1.3"
"Parainen Utö","2020","11","15","04:00","-0.9"
"Parainen Utö","2020","11","15","05:00","-1.2"
"Parainen Utö","2020","11","15","06:00","-1.3"
"Parainen Utö","2020","11","15","07:00","1.8"
"Parainen Utö","2020","11","15","08:00","5.2"
"Parainen Utö","2020","11","15","09:00","14"
"Parainen Utö","2020","11","15","10:00","17.6"
"Parainen Utö","2020","11","15","11:00","17.7"
"Parainen Utö","2020","11","15","12:00","10"
"Parainen Utö","2020","11","15","13:00","5.5"
"Parainen Utö","2020","11","15","14:00","0.1"
"Parainen Utö","2020","11","15","15:00","-1.2"
"Parainen Utö","2020","11","15","16:00","-1.4"
"Parainen Utö","2020","11","15","17:00","-1.2"
"Parainen Utö","2020","11","15","18:00","-1.5"
"Parainen Utö","2020","11","15","19:00","-1.1"
"Parainen Utö","2020","11","15","20:00","-1.1"
"Parainen Utö","2020","11","15","21:00","-1.1"
"Parainen Utö","2020","11","15","22:00","-1.1"
"Parainen Utö","2020","11","15","23:00","-1.7"
"Parainen Utö","2020","11","16","00:00","-1.7"
"Parainen Utö","2020","11","16","01:00","-1.7"
"Parainen Utö","2020","11","16","02:00","-1.4"
"Parainen Utö","2020","11","16","03:00","-1.7"
"Parainen Utö","2020","11","16","04:00","-1.7"
"Parainen Utö","2020","11","16","05:00","-1.6"
"Parainen Utö","2020","11","16","06:00","-1.2"
"Parainen Utö","2020","11","16","07:00","-0.3"
"Parainen Utö","2020","11","16","08:00","2.4"
"Parainen Utö","2020","11","16","09:00","9.5"
"Parainen Utö","2020","11","16","10:00","30"
"Parainen Utö","2020","11","16","11:00","32"
"Parainen Utö","2020","11","16","12:00","22.3"
"Parainen Utö","2020","11","16","13:00","7.8"
"Parainen Utö","2020","11","16","14:00","3.3"
"Parainen Utö","2020","11","16","15:00","-0.9"
"Parainen Utö","2020","11","16","16:00","-1.3"
"Parainen Utö","2020","11","16","17:00","-1.7"
"Parainen Utö","2020","11","16","18:00","-2"
"Parainen Utö","2020","11","16","19:00","-1.8"
"Parainen Utö","2020","11","16","20:00","-1.9"
"Parainen Utö","2020","11","16","21:00","-2"
"Parainen Utö","2020","11","16","22:00","-1.9"
"Parainen Utö","2020","11","16","23:00","-1.8"
"Parainen Utö","2020","11","17","00:00","-1.7"
"Parainen Utö","2020","11","17","01:00","-1.6"
"Parainen Utö","2020","11","17","02:00","-2.1"
"Parainen Utö","2020","11","17","03:00","-1.6"
"Parainen Utö","2020","11","17","04:00","-1.4"
"Parainen Utö","2020","11","17","05:00","-1.3"
"Parainen Utö","2020","11","17","06:00","-1.8"
"Parainen Utö","2020","11","17","07:00","-0.3"
"Parainen Utö","2020","11","17","08:00","4.5"
"Parainen Utö","2020","11","17","09:00","21.7"
"Parainen Utö","2020","11","17","10:00","37.4"
"Parainen Utö","2020","11","17","11:00","50.3"
"Parainen Utö","2020","11","17","12:00","52.3"
"Parainen Utö","2020","11","17","13:00","35.3"
"Parainen Utö","2020","11","17","14:00","6.3"
"Parainen Utö","2020","11","17","15:00","-1"
"Parainen Utö","2020","11","17","16:00","-1.6"
"Parainen Utö","2020","11","17","17:00","-1.9"
"Parainen Utö","2020","11","17","18:00","-1.7"
"Parainen Utö","2020","11","17","19:00","-1.6"
"Parainen Utö","2020","11","17","20:00","-2.3"
"Parainen Utö","2020","11","17","21:00","-1.7"
"Parainen Utö","2020","11","17","22:00","-1.8"
"Parainen Utö","2020","11","17","23:00","-1.4"
"Parainen Utö","2020","11","18","00:00","-1.4"
"Parainen Utö","2020","11","18","01:00","-1.3"
"Parainen Utö","2020","11","18","02:00","-1.1"
"Parainen Utö","2020","11","18","03:00","-1"
"Parainen Utö","2020","11","18","04:00","-1.4"
"Parainen Utö","2020","11","18","05:00","-0.9"
"Parainen Utö","2020","11","18","06:00","-1"
"Parainen Utö","2020","11","18","07:00","1.2"
"Parainen Utö","2020","11","18","08:00","21.3"
"Parainen Utö","2020","11","18","09:00","53"
"Parainen Utö","2020","11","18","10:00","99.3"
"Parainen Utö","2020","11","18","11:00","71"
"Parainen Utö","2020","11","18","12:00","33.7"
"Parainen Utö","2020","11","18","13:00","26.8"
"Parainen Utö","2020","11","18","14:00","6.7"
"Parainen Utö","2020","11","18","15:00","-0.9"
"Parainen Utö","2020","11","18","16:00","-1.1"
"Parainen Utö","2020","11","18","17:00","-2"
"Parainen Utö","2020","11","18","18:00","-2.1"
"Parainen Utö","2020","11","18","19:00","-1.6"
"Parainen Utö","2020","11","18","20:00","-1.9"
"Parainen Utö","2020","11","18","21:00","-1.7"
"Parainen Utö","2020","11","18","22:00","-1.7"
"Parainen Utö","2020","11","18","23:00","-1.4"
"Parainen Utö","2020","11","19","00:00","-1.2"
"Parainen Utö","2020","11","19","01:00","-1.7"
"Parainen Utö","2020","11","19","02:00","-1.6"
"Parainen Utö","2020","11","19","03:00","-1.8"
"Parainen Utö","2020","11","19","04:00","-1.7"
"Parainen Utö","2020","11","19","05:00","-1.6"
"Parainen Utö","2020","11","19","06:00","-1.7"
"Parainen Utö","2020","11","19","07:00","-0.9"
"Parainen Utö","2020","11","19","08:00","5.3"
"Parainen Utö","2020","11","19","09:00","23.3"
"Parainen Utö","2020","11","19","10:00","67.5"
"Parainen Utö","2020","11","19","11:00","75.1"
"Parainen Utö","2020","11","19","12:00","59.9"
"Parainen Utö","2020","11","19","13:00","44"
"Parainen Utö","2020","11","19","14:00","16.7"
"Parainen Utö","2020","11","19","15:00","-1.4"
"Parainen Utö","2020","11","19","16:00","-1.6"
"Parainen Utö","2020","11","19","17:00","-2"
"Parainen Utö","2020","11","19","18:00","-2"
"Parainen Utö","2020","11","19","19:00","-1.9"
"Parainen Utö","2020","11","19","20:00","-1.9"
"Parainen Utö","2020","11","19","21:00","-1.5"
"Parainen Utö","2020","11","19","22:00","-1.7"
"Parainen Utö","2020","11","19","23:00","-1.7"
"Parainen Utö","2020","11","20","00:00","-2.3"
"Parainen Utö","2020","11","20","01:00","-2.5"
"Parainen Utö","2020","11","20","02:00","-2.1"
"Parainen Utö","2020","11","20","03:00","-1.6"
"Parainen Utö","2020","11","20","04:00","-2.1"
"Parainen Utö","2020","11","20","05:00","-2"
"Parainen Utö","2020","11","20","06:00","-2.4"
"Parainen Utö","2020","11","20","07:00","-0.3"
"Parainen Utö","2020","11","20","08:00","10.5"
"Parainen Utö","2020","11","20","09:00","38.4"
"Parainen Utö","2020","11","20","10:00","47.5"
"Parainen Utö","2020","11","20","11:00","81.9"
"Parainen Utö","2020","11","20","12:00","68.1"
"Parainen Utö","2020","11","20","13:00","34.6"
"Parainen Utö","2020","11","20","14:00","10.2"
"Parainen Utö","2020","11","20","15:00","-1.4"
"Parainen Utö","2020","11","20","16:00","-2.2"
"Parainen Utö","2020","11","20","17:00","-2.1"
"Parainen Utö","2020","11","20","18:00","-2.1"
"Parainen Utö","2020","11","20","19:00","-2.3"
"Parainen Utö","2020","11","20","20:00","-2.5"
"Parainen Utö","2020","11","20","21:00","-2.5"
"Parainen Utö","2020","11","20","22:00","-2.2"
"Parainen Utö","2020","11","20","23:00","-2.3"
"Parainen Utö","2020","11","21","00:00","-3.2"
"Parainen Utö","2020","11","21","01:00","-3"
"Parainen Utö","2020","11","21","02:00","-2.5"
"Parainen Utö","2020","11","21","03:00","-2.3"
"Parainen Utö","2020","11","21","04:00","-2.4"
"Parainen Utö","2020","11","21","05:00","-2.6"
"Parainen Utö","2020","11","21","06:00","-2.2"
"Parainen Utö","2020","11","21","07:00","0.2"
"Parainen Utö","2020","11","21","08:00","7.7"
"Parainen Utö","2020","11","21","09:00","29"
"Parainen Utö","2020","11","21","10:00","32.6"
"Parainen Utö","2020","11","21","11:00","16.3"
"Parainen Utö","2020","11","21","12:00","14"
"Parainen Utö","2020","11","21","13:00","8.2"
"-","2020","11","21","14:00","-"
"Parainen Utö","2020","11","21","15:00","-1.6"
"Parainen Utö","2020","11","21","16:00","-1.2"
"Parainen Utö","2020","11","21","17:00","-1.1"
"Parainen Utö","2020","11","21","18:00","-1"
"Parainen Utö","2020","11","21","19:00","-1.4"
"Parainen Utö","2020","11","21","20:00","-1.5"
"Parainen Utö","2020","11","21","21:00","-0.9"
"Parainen Utö","2020","11","21","22:00","-0.8"
"Parainen Utö","2020","11","21","23:00","-1.3"
"Parainen Utö","2020","11","22","00:00","-1.7"
"Parainen Utö","2020","11","22","01:00","-1.3"
"Parainen Utö","2020","11","22","02:00","-1.9"
"Parainen Utö","2020","11","22","03:00","-2.6"
"Parainen Utö","2020","11","22","04:00","-2.7"
"Parainen Utö","2020","11","22","05:00","-2.6"
"Parainen Utö","2020","11","22","06:00","-2.5"
"Parainen Utö","2020","11","22","07:00","0.2"
"Parainen Utö","2020","11","22","08:00","18.2"
"Parainen Utö","2020","11","22","09:00","51.8"
"Parainen Utö","2020","11","22","10:00","111.2"
"Parainen Utö","2020","11","22","11:00","122"
"Parainen Utö","2020","11","22","12:00","81.7"
"Parainen Utö","2020","11","22","13:00","36.5"
"Parainen Utö","2020","11","22","14:00","13.5"
"Parainen Utö","2020","11","22","15:00","-1.8"
"Parainen Utö","2020","11","22","16:00","-2.5"
"Parainen Utö","2020","11","22","17:00","-2.4"
"Parainen Utö","2020","11","22","18:00","-2.6"
"Parainen Utö","2020","11","22","19:00","-2.4"
"Parainen Utö","2020","11","22","20:00","-2.1"
"Parainen Utö","2020","11","22","21:00","-2.7"
"Parainen Utö","2020","11","22","22:00","-2.8"
"Parainen Utö","2020","11","22","23:00","-2.5"
"Parainen Utö","2020","11","23","00:00","-2.6"
"Parainen Utö","2020","11","23","01:00","-2.5"
"Parainen Utö","2020","11","23","02:00","-2.5"
"Parainen Utö","2020","11","23","03:00","-2.7"
"Parainen Utö","2020","11","23","04:00","-2.9"
"Parainen Utö","2020","11","23","05:00","-2.8"
"Parainen Utö","2020","11","23","06:00","-3"
"Parainen Utö","2020","11","23","07:00","-0.8"
"Parainen Utö","2020","11","23","08:00","14"
"Parainen Utö","2020","11","23","09:00","75.2"
"Parainen Utö","2020","11","23","10:00","131.7"
"Parainen Utö","2020","11","23","11:00","142.3"
"Parainen Utö","2020","11","23","12:00","119.3"
"Parainen Utö","2020","11","23","13:00","57"
"Parainen Utö","2020","11","23","14:00","10.5"
"Parainen Utö","2020","11","23","15:00","-1.5"
"Parainen Utö","2020","11","23","16:00","-1.9"
"Parainen Utö","2020","11","23","17:00","-2.1"
"Parainen Utö","2020","11","23","18:00","-1.5"
"Parainen Utö","2020","11","23","19:00","-1.5"
"Parainen Utö","2020","11","23","20:00","-1.7"
"Parainen Utö","2020","11","23","21:00","-1.7"
"Parainen Utö","2020","11","23","22:00","-2.8"
"Parainen Utö","2020","11","23","23:00","-2.9"
"Parainen Utö","2020","11","24","00:00","-2.5"
"Parainen Utö","2020","11","24","01:00","-3"
"Parainen Utö","2020","11","24","02:00","-2.8"
"Parainen Utö","2020","11","24","03:00","-2.7"
"Parainen Utö","2020","11","24","04:00","-3"
"Parainen Utö","2020","11","24","05:00","-3"
"Parainen Utö","2020","11","24","06:00","-2.8"
"Parainen Utö","2020","11","24","07:00","-0.5"
"Parainen Utö","2020","11","24","08:00","21.1"
"Parainen Utö","2020","11","24","09:00","40.6"
"Parainen Utö","2020","11","24","10:00","64.6"
"Parainen Utö","2020","11","24","11:00","65"
"Parainen Utö","2020","11","24","12:00","38.8"
"Parainen Utö","2020","11","24","13:00","24.5"
"Parainen Utö","2020","11","24","14:00","5.6"
"Parainen Utö","2020","11","24","15:00","-1.5"
"Parainen Utö","2020","11","24","16:00","-1.2"
"Parainen Utö","2020","11","24","17:00","-1.8"
"Parainen Utö","2020","11","24","18:00","-2"
"Parainen Utö","2020","11","24","19:00","-1.5"
"Parainen Utö","2020","11","24","20:00","-0.9"
"Parainen Utö","2020","11","24","21:00","-1"
"Parainen Utö","2020","11","24","22:00","-1.7"
"Parainen Utö","2020","11","24","23:00","-1.5"
"Parainen Utö","2020","11","25","00:00","-1.4"
"Parainen Utö","2020","11","25","01:00","-1"
"Parainen Utö","2020","11","25","02:00","-0.9"
"Parainen Utö","2020","11","25","03:00","-1.3"
"Parainen Utö","2020","11","25","04:00","-0.5"
"Parainen Utö","2020","11","25","05:00","-0.8"
"Parainen Utö","2020","11","25","06:00","-1"
"Parainen Utö","2020","11","25","07:00","-1.3"
"Parainen Utö","2020","11","25","08:00","4.1"
"Parainen Utö","2020","11","25","09:00","7.9"
"Parainen Utö","2020","11","25","10:00","13.4"
"Parainen Utö","2020","11","25","11:00","25.1"
"Parainen Utö","2020","11","25","12:00","25.1"
"Parainen Utö","2020","11","25","13:00","17.5"
"Parainen Utö","2020","11","25","14:00","0.6"
"Parainen Utö","2020","11","25","15:00","-1.6"
"Parainen Utö","2020","11","25","16:00","-1.6"
"Parainen Utö","2020","11","25","17:00","-1.5"
"Parainen Utö","2020","11","25","18:00","-1.4"
"Parainen Utö","2020","11","25","19:00","-1"
"Parainen Utö","2020","11","25","20:00","-0.9"
"Parainen Utö","2020","11","25","21:00","-1.6"
"Parainen Utö","2020","11","25","22:00","-1.6"
"Parainen Utö","2020","11","25","23:00","-1.2"
"Parainen Utö","2020","11","26","00:00","-1.4"
"Parainen Utö","2020","11","26","01:00","-1.5"
"Parainen Utö","2020","11","26","02:00","-1.4"
"Parainen Utö","2020","11","26","03:00","-2"
"Parainen Utö","2020","11","26","04:00","-1.8"
"Parainen Utö","2020","11","26","05:00","-1.9"
"Parainen Utö","2020","11","26","06:00","-1.7"
"Parainen Utö","2020","11","26","07:00","-1"
"Parainen Utö","2020","11","26","08:00","1.8"
"Parainen Utö","2020","11","26","09:00","7.3"
"Parainen Utö","2020","11","26","10:00","19.2"
"Parainen Utö","2020","11","26","11:00","37.9"
"Parainen Utö","2020","11","26","12:00","32.6"
"Parainen Utö","2020","11","26","13:00","23.4"
"Parainen Utö","2020","11","26","14:00","8.3"
"Parainen Utö","2020","11","26","15:00","-2"
"Parainen Utö","2020","11","26","16:00","-2.4"
"Parainen Utö","2020","11","26","17:00","-1.6"
"Parainen Utö","2020","11","26","18:00","-2.1"
"Parainen Utö","2020","11","26","19:00","-2.1"
"Parainen Utö","2020","11","26","20:00","-2.2"
"Parainen Utö","2020","11","26","21:00","-2.9"
"Parainen Utö","2020","11","26","22:00","-2.5"
"Parainen Utö","2020","11","26","23:00","-2"
"Parainen Utö","2020","11","27","00:00","-1.8"
"Parainen Utö","2020","11","27","01:00","-1.8"
"Parainen Utö","2020","11","27","02:00","-1.8"
"Parainen Utö","2020","11","27","03:00","-3"
"Parainen Utö","2020","11","27","04:00","-1.9"
"Parainen Utö","2020","11","27","05:00","-2.4"
"Parainen Utö","2020","11","27","06:00","-2.6"
"Parainen Utö","2020","11","27","07:00","-1.4"
"Parainen Utö","2020","11","27","08:00","10.5"
"Parainen Utö","2020","11","27","09:00","36"
"Parainen Utö","2020","11","27","10:00","46.8"
"Parainen Utö","2020","11","27","11:00","47.7"
"Parainen Utö","2020","11","27","12:00","37.5"
"Parainen Utö","2020","11","27","13:00","19.6"
"Parainen Utö","2020","11","27","14:00","4.7"
"Parainen Utö","2020","11","27","15:00","-1.2"
"Parainen Utö","2020","11","27","16:00","-1.3"
"Parainen Utö","2020","11","27","17:00","-1.6"
"Parainen Utö","2020","11","27","18:00","-1.3"
"Parainen Utö","2020","11","27","19:00","-1.7"
"Parainen Utö","2020","11","27","20:00","-1.9"
"Parainen Utö","2020","11","27","21:00","-2.4"
"Parainen Utö","2020","11","27","22:00","-1.5"
"Parainen Utö","2020","11","27","23:00","-1.8"
"Parainen Utö","2020","11","28","00:00","-1.7"
"Parainen Utö","2020","11","28","01:00","-2.1"
"Parainen Utö","2020","11","28","02:00","-1.9"
"Parainen Utö","2020","11","28","03:00","-2.3"
"Parainen Utö","2020","11","28","04:00","-2"
"Parainen Utö","2020","11","28","05:00","-1.6"
"Parainen Utö","2020","11","28","06:00","-1.4"
"Parainen Utö","2020","11","28","07:00","-0.8"
"Parainen Utö","2020","11","28","08:00","6.3"
"Parainen Utö","2020","11","28","09:00","23.9"
"Parainen Utö","2020","11","28","10:00","44.3"
"Parainen Utö","2020","11","28","11:00","54.8"
"Parainen Utö","2020","11","28","12:00","24.9"
"Parainen Utö","2020","11","28","13:00","10.8"
"Parainen Utö","2020","11","28","14:00","1"
"Parainen Utö","2020","11","28","15:00","-1"
"Parainen Utö","2020","11","28","16:00","-1.1"
"Parainen Utö","2020","11","28","17:00","-0.9"
"Parainen Utö","2020","11","28","18:00","-1.3"
"Parainen Utö","2020","11","28","19:00","-1.5"
"Parainen Utö","2020","11","28","20:00","-1.3"
"Parainen Utö","2020","11","28","21:00","-1.2"
"Parainen Utö","2020","11","28","22:00","-1.4"
"Parainen Utö","2020","11","28","23:00","-1.5"
"Parainen Utö","2020","11","29","00:00","-1.5"
"Parainen Utö","2020","11","29","01:00","-1.3"
"Parainen Utö","2020","11","29","02:00","-1.9"
"Parainen Utö","2020","11","29","03:00","-1.9"
"Parainen Utö","2020","11","29","04:00","-2.3"
"Parainen Utö","2020","11","29","05:00","-1.9"
"Parainen Utö","2020","11","29","06:00","-2.2"
"Parainen Utö","2020","11","29","07:00","-1.9"
"Parainen Utö","2020","11","29","08:00","1.5"
"Parainen Utö","2020","11","29","09:00","7.2"
"Parainen Utö","2020","11","29","10:00","14.4"
"Parainen Utö","2020","11","29","11:00","34.3"
"Parainen Utö","2020","11","29","12:00","18.4"
"Parainen Utö","2020","11","29","13:00","16.2"
"Parainen Utö","2020","11","29","14:00","2.8"
"Parainen Utö","2020","11","29","15:00","-1.1"
"Parainen Utö","2020","11","29","16:00","-1.7"
"Parainen Utö","2020","11","29","17:00","-2"
"Parainen Utö","2020","11","29","18:00","-1.8"
"Parainen Utö","2020","11","29","19:00","-1.1"
"Parainen Utö","2020","11","29","20:00","-1.3"
"Parainen Utö","2020","11","29","21:00","-1.4"
"Parainen Utö","2020","11","29","22:00","-1.1"
"Parainen Utö","2020","11","29","23:00","-1.1"
"Parainen Utö","2020","11","30","00:00","-1.5"
"Parainen Utö","2020","11","30","01:00","-1.8"
"Parainen Utö","2020","11","30","02:00","-2.2"
"Parainen Utö","2020","11","30","03:00","-1.8"
"Parainen Utö","2020","11","30","04:00","-2.4"
"Parainen Utö","2020","11","30","05:00","-2.1"
"Parainen Utö","2020","11","30","06:00","-1.7"
"Parainen Utö","2020","11","30","07:00","-1.2"
"Parainen Utö","2020","11","30","08:00","5.1"
"Parainen Utö","2020","11","30","09:00","15.9"
"Parainen Utö","2020","11","30","10:00","26.6"
"Parainen Utö","2020","11","30","11:00","43.9"
"Parainen Utö","2020","11","30","12:00","29"
"Parainen Utö","2020","11","30","13:00","15.2"
"Parainen Utö","2020","11","30","14:00","1.7"
"Parainen Utö","2020","11","30","15:00","-1.8"
"Parainen Utö","2020","11","30","16:00","-1.6"
"Parainen Utö","2020","11","30","17:00","-1.5"
"Parainen Utö","2020","11","30","18:00","-1.6"
"Parainen Utö","2020","11","30","19:00","-1.2"
"Parainen Utö","2020","11","30","20:00","-1.1"
"Parainen Utö","2020","11","30","21:00","-1.3"
"Parainen Utö","2020","11","30","22:00","-1.6"
"Parainen Utö","2020","11","30","23:00","-1.5"
"Parainen Utö","2020","12","1","00:00","-1.1"
"Parainen Utö","2020","12","1","01:00","-1.4"
"Parainen Utö","2020","12","1","02:00","-1.3"
"Parainen Utö","2020","12","1","03:00","-1"
"Parainen Utö","2020","12","1","04:00","-1.6"
"Parainen Utö","2020","12","1","05:00","-1.4"
"Parainen Utö","2020","12","1","06:00","-1.7"
"Parainen Utö","2020","12","1","07:00","-1.1"
"-","2020","12","1","08:00","-"
"Parainen Utö","2020","12","1","09:00","34"
"Parainen Utö","2020","12","1","10:00","49.6"
"Parainen Utö","2020","12","1","11:00","92.9"
"Parainen Utö","2020","12","1","12:00","46"
"Parainen Utö","2020","12","1","13:00","30.7"
"Parainen Utö","2020","12","1","14:00","3.7"
"Parainen Utö","2020","12","1","15:00","-1.2"
"Parainen Utö","2020","12","1","16:00","-1.2"
"Parainen Utö","2020","12","1","17:00","-1.2"
"Parainen Utö","2020","12","1","18:00","-1.5"
"Parainen Utö","2020","12","1","19:00","-1.5"
"Parainen Utö","2020","12","1","20:00","-1.2"
"Parainen Utö","2020","12","1","21:00","-1.1"
"Parainen Utö","2020","12","1","22:00","-1.2"
"Parainen Utö","2020","12","1","23:00","-1"
"Parainen Utö","2020","12","2","00:00","-1"
"Parainen Utö","2020","12","2","01:00","-1.3"
"Parainen Utö","2020","12","2","02:00","-1.1"
"Parainen Utö","2020","12","2","03:00","-0.9"
"Parainen Utö","2020","12","2","04:00","-0.9"
"Parainen Utö","2020","12","2","05:00","-1"
"Parainen Utö","2020","12","2","06:00","-1.2"
"Parainen Utö","2020","12","2","07:00","-0.8"
"Parainen Utö","2020","12","2","08:00","4.3"
"Parainen Utö","2020","12","2","09:00","9.6"
"Parainen Utö","2020","12","2","10:00","27.6"
"Parainen Utö","2020","12","2","11:00","31.7"
"Parainen Utö","2020","12","2","12:00","11.4"
"Parainen Utö","2020","12","2","13:00","7.8"
"Parainen Utö","2020","12","2","14:00","1.4"
"Parainen Utö","2020","12","2","15:00","-0.7"
"Parainen Utö","2020","12","2","16:00","-1.1"
"Parainen Utö","2020","12","2","17:00","-1.5"
"Parainen Utö","2020","12","2","18:00","-2"
"Parainen Utö","2020","12","2","19:00","-1.5"
"Parainen Utö","2020","12","2","20:00","-1.4"
"Parainen Utö","2020","12","2","21:00","-1.4"
"Parainen Utö","2020","12","2","22:00","-1.3"
"Parainen Utö","2020","12","2","23:00","-1.4"
"Parainen Utö","2020","12","3","00:00","-1.3"
"Parainen Utö","2020","12","3","01:00","-1.2"
"Parainen Utö","2020","12","3","02:00","-1.2"
"Parainen Utö","2020","12","3","03:00","-1.3"
"Parainen Utö","2020","12","3","04:00","-1.1"
"Parainen Utö","2020","12","3","05:00","-1.1"
"Parainen Utö","2020","12","3","06:00","-1.4"
"Parainen Utö","2020","12","3","07:00","-0.9"
"Parainen Utö","2020","12","3","08:00","1.6"
"Parainen Utö","2020","12","3","09:00","4.2"
"Parainen Utö","2020","12","3","10:00","20.8"
"Parainen Utö","2020","12","3","11:00","22.3"
"Parainen Utö","2020","12","3","12:00","11"
"Parainen Utö","2020","12","3","13:00","10.4"
"Parainen Utö","2020","12","3","14:00","1.1"
"Parainen Utö","2020","12","3","15:00","-1.2"
"Parainen Utö","2020","12","3","16:00","-1.2"
"Parainen Utö","2020","12","3","17:00","-1.3"
"Parainen Utö","2020","12","3","18:00","-1.3"
"Parainen Utö","2020","12","3","19:00","-1.5"
"Parainen Utö","2020","12","3","20:00","-1.4"
"Parainen Utö","2020","12","3","21:00","-1.1"
"Parainen Utö","2020","12","3","22:00","-1.3"
"Parainen Utö","2020","12","3","23:00","-1.3"
"Parainen Utö","2020","12","4","00:00","-1.3"
"Parainen Utö","2020","12","4","01:00","-1.5"
"Parainen Utö","2020","12","4","02:00","-1.4"
"Parainen Utö","2020","12","4","03:00","-1.3"
"Parainen Utö","2020","12","4","04:00","-2.2"
"Parainen Utö","2020","12","4","05:00","-2"
"Parainen Utö","2020","12","4","06:00","-1.8"
"Parainen Utö","2020","12","4","07:00","-1.6"
"Parainen Utö","2020","12","4","08:00","0.1"
"Parainen Utö","2020","12","4","09:00","4.3"
"Parainen Utö","2020","12","4","10:00","10.6"
"Parainen Utö","2020","12","4","11:00","11.4"
"Parainen Utö","2020","12","4","12:00","4.1"
"Parainen Utö","2020","12","4","13:00","1.1"
"Parainen Utö","2020","12","4","14:00","-1.4"
"Parainen Utö","2020","12","4","15:00","-1.6"
"Parainen Utö","2020","12","4","16:00","-1.8"
"Parainen Utö","2020","12","4","17:00","-1.8"
"Parainen Utö","2020","12","4","18:00","-1.7"
"Parainen Utö","2020","12","4","19:00","-1.4"
"Parainen Utö","2020","12","4","20:00","-1.3"
"Parainen Utö","2020","12","4","21:00","-1.9"
"Parainen Utö","2020","12","4","22:00","-2.2"
"Parainen Utö","2020","12","4","23:00","-2"
"Parainen Utö","2020","12","5","00:00","-1.6"
"Parainen Utö","2020","12","5","01:00","-1.6"
"Parainen Utö","2020","12","5","02:00","-1.2"
"Parainen Utö","2020","12","5","03:00","-1.6"
"Parainen Utö","2020","12","5","04:00","-1.1"
"Parainen Utö","2020","12","5","05:00","-1.1"
"Parainen Utö","2020","12","5","06:00","-1.1"
"Parainen Utö","2020","12","5","07:00","-1.2"
"Parainen Utö","2020","12","5","08:00","-0.2"
"Parainen Utö","2020","12","5","09:00","3.1"
"Parainen Utö","2020","12","5","10:00","7"
"Parainen Utö","2020","12","5","11:00","5.7"
"Parainen Utö","2020","12","5","12:00","7.7"
"Parainen Utö","2020","12","5","13:00","3.6"
"Parainen Utö","2020","12","5","14:00","-0.4"
"Parainen Utö","2020","12","5","15:00","-1"
"Parainen Utö","2020","12","5","16:00","-1.1"
"Parainen Utö","2020","12","5","17:00","-1.3"
"Parainen Utö","2020","12","5","18:00","-1.3"
"Parainen Utö","2020","12","5","19:00","-1.1"
"Parainen Utö","2020","12","5","20:00","-0.8"
"Parainen Utö","2020","12","5","21:00","-1.1"
"Parainen Utö","2020","12","5","22:00","-1.3"
"Parainen Utö","2020","12","5","23:00","-1.1"
"Parainen Utö","2020","12","6","00:00","-1.2"
"Parainen Utö","2020","12","6","01:00","-1"
"Parainen Utö","2020","12","6","02:00","-1.1"
"Parainen Utö","2020","12","6","03:00","-1.5"
"Parainen Utö","2020","12","6","04:00","-1.7"
"Parainen Utö","2020","12","6","05:00","-1.3"
"Parainen Utö","2020","12","6","06:00","-1.7"
"Parainen Utö","2020","12","6","07:00","-1.5"
"Parainen Utö","2020","12","6","08:00","-0.5"
"Parainen Utö","2020","12","6","09:00","3"
"Parainen Utö","2020","12","6","10:00","7.6"
"Parainen Utö","2020","12","6","11:00","7"
"Parainen Utö","2020","12","6","12:00","5.1"
"Parainen Utö","2020","12","6","13:00","2"
"Parainen Utö","2020","12","6","14:00","-0.6"
"Parainen Utö","2020","12","6","15:00","-1.1"
"Parainen Utö","2020","12","6","16:00","-1.1"
"Parainen Utö","2020","12","6","17:00","-0.9"
"Parainen Utö","2020","12","6","18:00","-1"
"Parainen Utö","2020","12","6","19:00","-1.2"
"Parainen Utö","2020","12","6","20:00","-1.2"
"Parainen Utö","2020","12","6","21:00","-1.1"
"Parainen Utö","2020","12","6","22:00","-1.2"
"Parainen Utö","2020","12","6","23:00","-1"
"Parainen Utö","2020","12","7","00:00","-1.1"
"Parainen Utö","2020","12","7","01:00","-1.2"
"Parainen Utö","2020","12","7","02:00","-1.1"
"Parainen Utö","2020","12","7","03:00","-1.3"
"Parainen Utö","2020","12","7","04:00","-1.3"
"Parainen Utö","2020","12","7","05:00","-1.4"
"Parainen Utö","2020","12","7","06:00","-1.5"
"Parainen Utö","2020","12","7","07:00","-1.4"
"Parainen Utö","2020","12","7","08:00","8.8"
"Parainen Utö","2020","12","7","09:00","43"
"Parainen Utö","2020","12","7","10:00","102.3"
"Parainen Utö","2020","12","7","11:00","114.6"
"Parainen Utö","2020","12","7","12:00","83"
"Parainen Utö","2020","12","7","13:00","27.9"
"Parainen Utö","2020","12","7","14:00","2.9"
"Parainen Utö","2020","12","7","15:00","-3"
"Parainen Utö","2020","12","7","16:00","-2.9"
"Parainen Utö","2020","12","7","17:00","-2.6"
"Parainen Utö","2020","12","7","18:00","-1.5"
"Parainen Utö","2020","12","7","19:00","-1.4"
"Parainen Utö","2020","12","7","20:00","-1.8"
"Parainen Utö","2020","12","7","21:00","-1.8"
"Parainen Utö","2020","12","7","22:00","-2.1"
"Parainen Utö","2020","12","7","23:00","-2.3"
"Parainen Utö","2020","12","8","00:00","-2.3"
"Parainen Utö","2020","12","8","01:00","-2.5"
"Parainen Utö","2020","12","8","02:00","-2.4"
"Parainen Utö","2020","12","8","03:00","-1.9"
"Parainen Utö","2020","12","8","04:00","-1.6"
"Parainen Utö","2020","12","8","05:00","-1.5"
"Parainen Utö","2020","12","8","06:00","-1.6"
"Parainen Utö","2020","12","8","07:00","-1.3"
"Parainen Utö","2020","12","8","08:00","0.6"
"Parainen Utö","2020","12","8","09:00","3.7"
"Parainen Utö","2020","12","8","10:00","6.7"
"Parainen Utö","2020","12","8","11:00","9.7"
"Parainen Utö","2020","12","8","12:00","6.3"
"Parainen Utö","2020","12","8","13:00","3.3"
"Parainen Utö","2020","12","8","14:00","0.1"
"Parainen Utö","2020","12","8","15:00","-1.3"
"Parainen Utö","2020","12","8","16:00","-1"
"Parainen Utö","2020","12","8","17:00","-1.1"
"Parainen Utö","2020","12","8","18:00","-1.3"
"Parainen Utö","2020","12","8","19:00","-1.5"
"Parainen Utö","2020","12","8","20:00","-1.2"
"Parainen Utö","2020","12","8","21:00","-1.3"
"Parainen Utö","2020","12","8","22:00","-1.1"
"Parainen Utö","2020","12","8","23:00","-1.4"
"Parainen Utö","2020","12","9","00:00","-1.1"
"Parainen Utö","2020","12","9","01:00","-1.3"
"Parainen Utö","2020","12","9","02:00","-1.4"
"Parainen Utö","2020","12","9","03:00","-1"
"Parainen Utö","2020","12","9","04:00","-1"
"Parainen Utö","2020","12","9","05:00","-1"
"Parainen Utö","2020","12","9","06:00","-1.3"
"Parainen Utö","2020","12","9","07:00","-0.9"
"Parainen Utö","2020","12","9","08:00","-0.5"
"Parainen Utö","2020","12","9","09:00","1.1"
"Parainen Utö","2020","12","9","10:00","3.1"
"Parainen Utö","2020","12","9","11:00","3.2"
"Parainen Utö","2020","12","9","12:00","3.4"
"Parainen Utö","2020","12","9","13:00","2.5"
"-","2020","12","9","14:00","-"
"Parainen Utö","2020","12","9","15:00","-1"
"Parainen Utö","2020","12","9","16:00","-0.6"
"Parainen Utö","2020","12","9","17:00","-0.8"
"Parainen Utö","2020","12","9","18:00","-1.6"
"Parainen Utö","2020","12","9","19:00","-1.8"
"Parainen Utö","2020","12","9","20:00","-1.4"
"Parainen Utö","2020","12","9","21:00","-1.1"
"Parainen Utö","2020","12","9","22:00","-1.2"
"Parainen Utö","2020","12","9","23:00","-0.9"
"Parainen Utö","2020","12","10","00:00","-1.4"
"Parainen Utö","2020","12","10","01:00","-0.8"
"Parainen Utö","2020","12","10","02:00","-1"
"Parainen Utö","2020","12","10","03:00","-1.3"
"Parainen Utö","2020","12","10","04:00","-0.9"
"Parainen Utö","2020","12","10","05:00","-0.6"
"Parainen Utö","2020","12","10","06:00","-1.1"
"Parainen Utö","2020","12","10","07:00","-0.6"
"Parainen Utö","2020","12","10","08:00","1.3"
"Parainen Utö","2020","12","10","09:00","8.7"
"Parainen Utö","2020","12","10","10:00","22.8"
"Parainen Utö","2020","12","10","11:00","20.1"
"Parainen Utö","2020","12","10","12:00","12"
"Parainen Utö","2020","12","10","13:00","5.3"
"Parainen Utö","2020","12","10","14:00","-0.1"
"Parainen Utö","2020","12","10","15:00","-1.1"
"Parainen Utö","2020","12","10","16:00","-1.4"
"Parainen Utö","2020","12","10","17:00","-1.2"
"Parainen Utö","2020","12","10","18:00","-1.1"
"Parainen Utö","2020","12","10","19:00","-1.2"
"Parainen Utö","2020","12","10","20:00","-1.2"
"Parainen Utö","2020","12","10","21:00","-1.2"
"Parainen Utö","2020","12","10","22:00","-1.3"
"Parainen Utö","2020","12","10","23:00","-1.1"
"Parainen Utö","2020","12","11","00:00","-1.4"
"Parainen Utö","2020","12","11","01:00","-1.1"
"Parainen Utö","2020","12","11","02:00","-1.1"
"Parainen Utö","2020","12","11","03:00","-1.2"
"Parainen Utö","2020","12","11","04:00","-1.1"
"Parainen Utö","2020","12","11","05:00","-0.9"
"Parainen Utö","2020","12","11","06:00","-1.2"
"Parainen Utö","2020","12","11","07:00","-1"
"Parainen Utö","2020","12","11","08:00","-0.4"
"Parainen Utö","2020","12","11","09:00","2.8"
"Parainen Utö","2020","12","11","10:00","5.3"
"Parainen Utö","2020","12","11","11:00","4.9"
"Parainen Utö","2020","12","11","12:00","3.9"
"Parainen Utö","2020","12","11","13:00","2"
"Parainen Utö","2020","12","11","14:00","-0.8"
"Parainen Utö","2020","12","11","15:00","-1.7"
"Parainen Utö","2020","12","11","16:00","-0.8"
"Parainen Utö","2020","12","11","17:00","-0.9"
"Parainen Utö","2020","12","11","18:00","-1.1"
"Parainen Utö","2020","12","11","19:00","-0.9"
"Parainen Utö","2020","12","11","20:00","-0.8"
"Parainen Utö","2020","12","11","21:00","-1"
"Parainen Utö","2020","12","11","22:00","-1"
"Parainen Utö","2020","12","11","23:00","-0.9"
"Parainen Utö","2020","12","12","00:00","-0.9"
"Parainen Utö","2020","12","12","01:00","-1.1"
"Parainen Utö","2020","12","12","02:00","-0.9"
"Parainen Utö","2020","12","12","03:00","-1"
"Parainen Utö","2020","12","12","04:00","-0.9"
"Parainen Utö","2020","12","12","05:00","-1"
"Parainen Utö","2020","12","12","06:00","-0.9"
"Parainen Utö","2020","12","12","07:00","-1.7"
"Parainen Utö","2020","12","12","08:00","-0.4"
"Parainen Utö","2020","12","12","09:00","2.9"
"Parainen Utö","2020","12","12","10:00","4.4"
"Parainen Utö","2020","12","12","11:00","11.6"
"Parainen Utö","2020","12","12","12:00","8.9"
"Parainen Utö","2020","12","12","13:00","3.9"
"Parainen Utö","2020","12","12","14:00","-0.2"
"Parainen Utö","2020","12","12","15:00","-0.9"
"Parainen Utö","2020","12","12","16:00","-1"
"Parainen Utö","2020","12","12","17:00","-0.9"
"Parainen Utö","2020","12","12","18:00","-0.8"
"Parainen Utö","2020","12","12","19:00","-0.9"
"Parainen Utö","2020","12","12","20:00","-1.2"
"Parainen Utö","2020","12","12","21:00","-1"
"Parainen Utö","2020","12","12","22:00","-1.1"
"Parainen Utö","2020","12","12","23:00","-1.1"
"Parainen Utö","2020","12","13","00:00","-1"
"Parainen Utö","2020","12","13","01:00","-1"
"Parainen Utö","2020","12","13","02:00","-1.1"
"Parainen Utö","2020","12","13","03:00","-1"
"Parainen Utö","2020","12","13","04:00","-0.9"
"Parainen Utö","2020","12","13","05:00","-1"
"Parainen Utö","2020","12","13","06:00","-0.9"
"Parainen Utö","2020","12","13","07:00","-0.9"
"Parainen Utö","2020","12","13","08:00","-0.5"
"Parainen Utö","2020","12","13","09:00","2"
"Parainen Utö","2020","12","13","10:00","5.2"
"Parainen Utö","2020","12","13","11:00","6.4"
"Parainen Utö","2020","12","13","12:00","5.8"
"Parainen Utö","2020","12","13","13:00","2.8"
"Parainen Utö","2020","12","13","14:00","-0.4"
"Parainen Utö","2020","12","13","15:00","-1"
"Parainen Utö","2020","12","13","16:00","-0.9"
"Parainen Utö","2020","12","13","17:00","-0.8"
"Parainen Utö","2020","12","13","18:00","-0.8"
"Parainen Utö","2020","12","13","19:00","-1"
"Parainen Utö","2020","12","13","20:00","-1"
"Parainen Utö","2020","12","13","21:00","-0.7"
"Parainen Utö","2020","12","13","22:00","-1"
"Parainen Utö","2020","12","13","23:00","-1"
"Parainen Utö","2020","12","14","00:00","-1.1"
"Parainen Utö","2020","12","14","01:00","-1.2"
"Parainen Utö","2020","12","14","02:00","-0.9"
"Parainen Utö","2020","12","14","03:00","-1"
"Parainen Utö","2020","12","14","04:00","-1.3"
"Parainen Utö","2020","12","14","05:00","-1.7"
"Parainen Utö","2020","12","14","06:00","-1.9"
"Parainen Utö","2020","12","14","07:00","-1.9"
"Parainen Utö","2020","12","14","08:00","-0.9"
"Parainen Utö","2020","12","14","09:00","4.4"
"Parainen Utö","2020","12","14","10:00","5.9"
"Parainen Utö","2020","12","14","11:00","9.9"
"Parainen Utö","2020","12","14","12:00","7.9"
"Parainen Utö","2020","12","14","13:00","3.1"
"Parainen Utö","2020","12","14","14:00","-0.2"
"Parainen Utö","2020","12","14","15:00","-1.6"
"Parainen Utö","2020","12","14","16:00","-0.9"
"Parainen Utö","2020","12","14","17:00","-0.7"
"Parainen Utö","2020","12","14","18:00","-0.6"
"Parainen Utö","2020","12","14","19:00","-0.8"
"Parainen Utö","2020","12","14","20:00","-0.8"
"Parainen Utö","2020","12","14","21:00","-1.1"
"Parainen Utö","2020","12","14","22:00","-1"
"Parainen Utö","2020","12","14","23:00","-0.9"
"Parainen Utö","2020","12","15","00:00","-1"
"Parainen Utö","2020","12","15","01:00","-1.2"
"Parainen Utö","2020","12","15","02:00","-1.2"
"Parainen Utö","2020","12","15","03:00","-0.9"
"Parainen Utö","2020","12","15","04:00","-0.7"
"Parainen Utö","2020","12","15","05:00","-1.2"
"Parainen Utö","2020","12","15","06:00","-1.8"
"Parainen Utö","2020","12","15","07:00","-1.6"
"Parainen Utö","2020","12","15","08:00","-0.5"
"Parainen Utö","2020","12","15","09:00","2.4"
"Parainen Utö","2020","12","15","10:00","8.5"
"Parainen Utö","2020","12","15","11:00","4.1"
"Parainen Utö","2020","12","15","12:00","3.5"
"Parainen Utö","2020","12","15","13:00","1"
"Parainen Utö","2020","12","15","14:00","-1.2"
"Parainen Utö","2020","12","15","15:00","-1.5"
"Parainen Utö","2020","12","15","16:00","-1.6"
"Parainen Utö","2020","12","15","17:00","-1.5"
"Parainen Utö","2020","12","15","18:00","-1.3"
"Parainen Utö","2020","12","15","19:00","-1.5"
"Parainen Utö","2020","12","15","20:00","-1.5"
"Parainen Utö","2020","12","15","21:00","-1.6"
"Parainen Utö","2020","12","15","22:00","-1.4"
"Parainen Utö","2020","12","15","23:00","-1.3"
"Parainen Utö","2020","12","16","00:00","-1.2"
"Parainen Utö","2020","12","16","01:00","-1.2"
"Parainen Utö","2020","12","16","02:00","-0.7"
"Parainen Utö","2020","12","16","03:00","-0.6"
"Parainen Utö","2020","12","16","04:00","-0.3"
"Parainen Utö","2020","12","16","05:00","-1.3"
"Parainen Utö","2020","12","16","06:00","-1.8"
"Parainen Utö","2020","12","16","07:00","-1.4"
"Parainen Utö","2020","12","16","08:00","0.3"
"Parainen Utö","2020","12","16","09:00","8"
"Parainen Utö","2020","12","16","10:00","11.8"
"Parainen Utö","2020","12","16","11:00","19.1"
"Parainen Utö","2020","12","16","12:00","10.9"
"Parainen Utö","2020","12","16","13:00","5.3"
"Parainen Utö","2020","12","16","14:00","0.6"
"Parainen Utö","2020","12","16","15:00","-0.7"
"Parainen Utö","2020","12","16","16:00","-0.9"
"Parainen Utö","2020","12","16","17:00","-0.7"
"Parainen Utö","2020","12","16","18:00","-1.1"
"Parainen Utö","2020","12","16","19:00","-1.2"
"Parainen Utö","2020","12","16","20:00","-0.9"
"Parainen Utö","2020","12","16","21:00","-1.1"
"Parainen Utö","2020","12","16","22:00","-1.3"
"Parainen Utö","2020","12","16","23:00","-1.1"
"Parainen Utö","2020","12","17","00:00","-0.9"
"Parainen Utö","2020","12","17","01:00","-0.7"
"Parainen Utö","2020","12","17","02:00","-1"
"Parainen Utö","2020","12","17","03:00","-0.8"
"Parainen Utö","2020","12","17","04:00","-0.6"
"Parainen Utö","2020","12","17","05:00","-0.4"
"Parainen Utö","2020","12","17","06:00","-0.3"
"Parainen Utö","2020","12","17","07:00","-0.6"
"Parainen Utö","2020","12","17","08:00","0.3"
"Parainen Utö","2020","12","17","09:00","10.1"
"Parainen Utö","2020","12","17","10:00","14.7"
"Parainen Utö","2020","12","17","11:00","10.5"
"Parainen Utö","2020","12","17","12:00","26.6"
"Parainen Utö","2020","12","17","13:00","13.5"
"Parainen Utö","2020","12","17","14:00","1.2"
"Parainen Utö","2020","12","17","15:00","-1.5"
"Parainen Utö","2020","12","17","16:00","-1.4"
"Parainen Utö","2020","12","17","17:00","-1.4"
"Parainen Utö","2020","12","17","18:00","-1.4"
"Parainen Utö","2020","12","17","19:00","-1.8"
"Parainen Utö","2020","12","17","20:00","-1.4"
"Parainen Utö","2020","12","17","21:00","-1.5"
"Parainen Utö","2020","12","17","22:00","-2.1"
"Parainen Utö","2020","12","17","23:00","-1.5"
"Parainen Utö","2020","12","18","00:00","-1.7"
"Parainen Utö","2020","12","18","01:00","-1.7"
"Parainen Utö","2020","12","18","02:00","-1.3"
"Parainen Utö","2020","12","18","03:00","-1.7"
"Parainen Utö","2020","12","18","04:00","-1.7"
"Parainen Utö","2020","12","18","05:00","-1.8"
"Parainen Utö","2020","12","18","06:00","-1.2"
"Parainen Utö","2020","12","18","07:00","-1"
"Parainen Utö","2020","12","18","08:00","0.8"
"Parainen Utö","2020","12","18","09:00","16.2"
"Parainen Utö","2020","12","18","10:00","30.6"
"Parainen Utö","2020","12","18","11:00","16.1"
"Parainen Utö","2020","12","18","12:00","12.7"
"Parainen Utö","2020","12","18","13:00","7.4"
"Parainen Utö","2020","12","18","14:00","0.7"
"Parainen Utö","2020","12","18","15:00","-1.4"
"Parainen Utö","2020","12","18","16:00","-1.1"
"Parainen Utö","2020","12","18","17:00","-0.9"
"Parainen Utö","2020","12","18","18:00","-1.1"
"Parainen Utö","2020","12","18","19:00","-1"
"Parainen Utö","2020","12","18","20:00","-0.9"
"Parainen Utö","2020","12","18","21:00","-1.4"
"Parainen Utö","2020","12","18","22:00","-1.2"
"Parainen Utö","2020","12","18","23:00","-1.2"
"Parainen Utö","2020","12","19","00:00","-0.9"
"Parainen Utö","2020","12","19","01:00","-0.8"
"Parainen Utö","2020","12","19","02:00","-1.3"
"Parainen Utö","2020","12","19","03:00","-1.7"
"Parainen Utö","2020","12","19","04:00","-1.4"
"Parainen Utö","2020","12","19","05:00","-1.2"
"Parainen Utö","2020","12","19","06:00","-1.2"
"Parainen Utö","2020","12","19","07:00","-1.2"
"Parainen Utö","2020","12","19","08:00","1.8"
"Parainen Utö","2020","12","19","09:00","16.6"
"Parainen Utö","2020","12","19","10:00","21.7"
"Parainen Utö","2020","12","19","11:00","16.7"
"Parainen Utö","2020","12","19","12:00","25.9"
"Parainen Utö","2020","12","19","13:00","10.5"
"Parainen Utö","2020","12","19","14:00","0.5"
"Parainen Utö","2020","12","19","15:00","-1"
"Parainen Utö","2020","12","19","16:00","-1"
"Parainen Utö","2020","12","19","17:00","-1.6"
"Parainen Utö","2020","12","19","18:00","-1.9"
"Parainen Utö","2020","12","19","19:00","-2.3"
"Parainen Utö","2020","12","19","20:00","-1.2"
"Parainen Utö","2020","12","19","21:00","-1.1"
"Parainen Utö","2020","12","19","22:00","-1"
"Parainen Utö","2020","12","19","23:00","-1.1"
"Parainen Utö","2020","12","20","00:00","-1.4"
"Parainen Utö","2020","12","20","01:00","-1.2"
"Parainen Utö","2020","12","20","02:00","-1.1"
"Parainen Utö","2020","12","20","03:00","-0.9"
"Parainen Utö","2020","12","20","04:00","-1"
"Parainen Utö","2020","12","20","05:00","-1.4"
"Parainen Utö","2020","12","20","06:00","-1.2"
"Parainen Utö","2020","12","20","07:00","-1.1"
"Parainen Utö","2020","12","20","08:00","-0.6"
"Parainen Utö","2020","12","20","09:00","1"
"Parainen Utö","2020","12","20","10:00","3.2"
"Parainen Utö","2020","12","20","11:00","4.7"
"Parainen Utö","2020","12","20","12:00","6.4"
"Parainen Utö","2020","12","20","13:00","2.6"
"Parainen Utö","2020","12","20","14:00","-0.7"
"Parainen Utö","2020","12","20","15:00","-1.5"
"Parainen Utö","2020","12","20","16:00","-1.2"
"Parainen Utö","2020","12","20","17:00","-1.3"
"Parainen Utö","2020","12","20","18:00","-1.2"
"Parainen Utö","2020","12","20","19:00","-1.3"
"Parainen Utö","2020","12","20","20:00","-1.1"
"Parainen Utö","2020","12","20","21:00","-1.4"
"Parainen Utö","2020","12","20","22:00","-1.3"
"Parainen Utö","2020","12","20","23:00","-1.6"
"Parainen Utö","2020","12","21","00:00","-1.3"
"Parainen Utö","2020","12","21","01:00","-1"
"Parainen Utö","2020","12","21","02:00","-1.8"
"Parainen Utö","2020","12","21","03:00","-1.6"
"Parainen Utö","2020","12","21","04:00","-1.5"
"Parainen Utö","2020","12","21","05:00","-2.3"
"Parainen Utö","2020","12","21","06:00","-2"
"Parainen Utö","2020","12","21","07:00","-1.7"
"Parainen Utö","2020","12","21","08:00","-1.2"
"Parainen Utö","2020","12","21","09:00","1.8"
"Parainen Utö","2020","12","21","10:00","8.1"
"Parainen Utö","2020","12","21","11:00","15.6"
"Parainen Utö","2020","12","21","12:00","15.4"
"Parainen Utö","2020","12","21","13:00","6.1"
"Parainen Utö","2020","12","21","14:00","0.3"
"Parainen Utö","2020","12","21","15:00","-0.7"
"Parainen Utö","2020","12","21","16:00","-0.9"
"Parainen Utö","2020","12","21","17:00","-0.8"
"Parainen Utö","2020","12","21","18:00","-0.9"
"Parainen Utö","2020","12","21","19:00","-1"
"Parainen Utö","2020","12","21","20:00","-1.1"
"Parainen Utö","2020","12","21","21:00","-1.5"
"Parainen Utö","2020","12","21","22:00","-1.5"
"Parainen Utö","2020","12","21","23:00","-1.6"
"Parainen Utö","2020","12","22","00:00","-2"
"Parainen Utö","2020","12","22","01:00","-2.1"
"Parainen Utö","2020","12","22","02:00","-2.7"
"Parainen Utö","2020","12","22","03:00","-2.5"
"Parainen Utö","2020","12","22","04:00","-2.4"
"Parainen Utö","2020","12","22","05:00","-2"
"Parainen Utö","2020","12","22","06:00","-2.3"
"Parainen Utö","2020","12","22","07:00","-1.6"
"Parainen Utö","2020","12","22","08:00","1.9"
"Parainen Utö","2020","12","22","09:00","15.3"
"Parainen Utö","2020","12","22","10:00","25.9"
"Parainen Utö","2020","12","22","11:00","38.6"
"Parainen Utö","2020","12","22","12:00","29.4"
"Parainen Utö","2020","12","22","13:00","9.8"
"Parainen Utö","2020","12","22","14:00","-0.2"
"Parainen Utö","2020","12","22","15:00","-1.2"
"Parainen Utö","2020","12","22","16:00","-1"
"Parainen Utö","2020","12","22","17:00","-1.2"
"Parainen Utö","2020","12","22","18:00","-1.6"
"Parainen Utö","2020","12","22","19:00","-1.8"
"Parainen Utö","2020","12","22","20:00","-1.9"
"Parainen Utö","2020","12","22","21:00","-1.9"
"Parainen Utö","2020","12","22","22:00","-2.1"
"Parainen Utö","2020","12","22","23:00","-1.9"
"Parainen Utö","2020","12","23","00:00","-1.7"
"Parainen Utö","2020","12","23","01:00","-1.8"
"Parainen Utö","2020","12","23","02:00","-1.9"
"Parainen Utö","2020","12","23","03:00","-1.8"
"Parainen Utö","2020","12","23","04:00","-1.7"
"Parainen Utö","2020","12","23","05:00","-1.6"
"Parainen Utö","2020","12","23","06:00","-1"
"Parainen Utö","2020","12","23","07:00","-0.5"
"Parainen Utö","2020","12","23","08:00","0.5"
"Parainen Utö","2020","12","23","09:00","13.5"
"Parainen Utö","2020","12","23","10:00","19.6"
"Parainen Utö","2020","12","23","11:00","16.2"
"Parainen Utö","2020","12","23","12:00","28.2"
"Parainen Utö","2020","12","23","13:00","20.2"
"Parainen Utö","2020","12","23","14:00","3.3"
"Parainen Utö","2020","12","23","15:00","-2.3"
"Parainen Utö","2020","12","23","16:00","-1.8"
"Parainen Utö","2020","12","23","17:00","-1.6"
"Parainen Utö","2020","12","23","18:00","-2.1"
"Parainen Utö","2020","12","23","19:00","-2"
"Parainen Utö","2020","12","23","20:00","-1.8"
"Parainen Utö","2020","12","23","21:00","-1.9"
"Parainen Utö","2020","12","23","22:00","-1.6"
"Parainen Utö","2020","12","23","23:00","-1.2"
"Parainen Utö","2020","12","24","00:00","-0.8"
"Parainen Utö","2020","12","24","01:00","-1"
"Parainen Utö","2020","12","24","02:00","-0.9"
"Parainen Utö","2020","12","24","03:00","-2"
"Parainen Utö","2020","12","24","04:00","-1.2"
"Parainen Utö","2020","12","24","05:00","-1"
"Parainen Utö","2020","12","24","06:00","-1.9"
"Parainen Utö","2020","12","24","07:00","-1.1"
"Parainen Utö","2020","12","24","08:00","0"
"Parainen Utö","2020","12","24","09:00","6"
"Parainen Utö","2020","12","24","10:00","15.8"
"Parainen Utö","2020","12","24","11:00","18.3"
"Parainen Utö","2020","12","24","12:00","16.4"
"Parainen Utö","2020","12","24","13:00","10"
"Parainen Utö","2020","12","24","14:00","1.6"
"Parainen Utö","2020","12","24","15:00","-2"
"Parainen Utö","2020","12","24","16:00","-2.7"
"Parainen Utö","2020","12","24","17:00","-2"
"Parainen Utö","2020","12","24","18:00","-2.2"
"Parainen Utö","2020","12","24","19:00","-2.7"
"Parainen Utö","2020","12","24","20:00","-2.3"
"Parainen Utö","2020","12","24","21:00","-2.4"
"Parainen Utö","2020","12","24","22:00","-2.5"
"Parainen Utö","2020","12","24","23:00","-2.6"
"Parainen Utö","2020","12","25","00:00","-2.7"
"Parainen Utö","2020","12","25","01:00","-2.9"
"Parainen Utö","2020","12","25","02:00","-2.6"
"Parainen Utö","2020","12","25","03:00","-2.5"
"Parainen Utö","2020","12","25","04:00","-2"
"Parainen Utö","2020","12","25","05:00","-2.2"
"Parainen Utö","2020","12","25","06:00","-2.3"
"Parainen Utö","2020","12","25","07:00","-1.4"
"Parainen Utö","2020","12","25","08:00","2.6"
"Parainen Utö","2020","12","25","09:00","17.9"
"Parainen Utö","2020","12","25","10:00","23.4"
"Parainen Utö","2020","12","25","11:00","16.8"
"Parainen Utö","2020","12","25","12:00","18.8"
"Parainen Utö","2020","12","25","13:00","11.1"
"Parainen Utö","2020","12","25","14:00","1.6"
"Parainen Utö","2020","12","25","15:00","-1.8"
"Parainen Utö","2020","12","25","16:00","-1.2"
"Parainen Utö","2020","12","25","17:00","-1.2"
"Parainen Utö","2020","12","25","18:00","-1.5"
"Parainen Utö","2020","12","25","19:00","-1.1"
"Parainen Utö","2020","12","25","20:00","-1.5"
"Parainen Utö","2020","12","25","21:00","-1.7"
"Parainen Utö","2020","12","25","22:00","-1.5"
"Parainen Utö","2020","12","25","23:00","-1.5"
"Parainen Utö","2020","12","26","00:00","-1.3"
"Parainen Utö","2020","12","26","01:00","-1.1"
"Parainen Utö","2020","12","26","02:00","-1.1"
"Parainen Utö","2020","12","26","03:00","-1.4"
"Parainen Utö","2020","12","26","04:00","-1.2"
"Parainen Utö","2020","12","26","05:00","-1.1"
"Parainen Utö","2020","12","26","06:00","-1.2"
"Parainen Utö","2020","12","26","07:00","-1.1"
"Parainen Utö","2020","12","26","08:00","3.3"
"Parainen Utö","2020","12","26","09:00","24.1"
"Parainen Utö","2020","12","26","10:00","89.3"
"Parainen Utö","2020","12","26","11:00","57.2"
"Parainen Utö","2020","12","26","12:00","41.3"
"Parainen Utö","2020","12","26","13:00","13.4"
"Parainen Utö","2020","12","26","14:00","2.3"
"Parainen Utö","2020","12","26","15:00","-1.9"
"Parainen Utö","2020","12","26","16:00","-1.7"
"Parainen Utö","2020","12","26","17:00","-1.7"
"Parainen Utö","2020","12","26","18:00","-1.3"
"Parainen Utö","2020","12","26","19:00","-1.7"
"Parainen Utö","2020","12","26","20:00","-1.8"
"Parainen Utö","2020","12","26","21:00","-2"
"Parainen Utö","2020","12","26","22:00","-1.9"
"Parainen Utö","2020","12","26","23:00","-2"
"Parainen Utö","2020","12","27","00:00","-1.7"
"Parainen Utö","2020","12","27","01:00","-1.7"
"Parainen Utö","2020","12","27","02:00","-2.4"
"Parainen Utö","2020","12","27","03:00","-2.4"
"Parainen Utö","2020","12","27","04:00","-2"
"Parainen Utö","2020","12","27","05:00","-1.7"
"Parainen Utö","2020","12","27","06:00","-1.7"
"Parainen Utö","2020","12","27","07:00","-1.7"
"Parainen Utö","2020","12","27","08:00","-0.5"
"Parainen Utö","2020","12","27","09:00","14.4"
"Parainen Utö","2020","12","27","10:00","12.7"
"Parainen Utö","2020","12","27","11:00","19.4"
"Parainen Utö","2020","12","27","12:00","4.9"
"Parainen Utö","2020","12","27","13:00","0"
"Parainen Utö","2020","12","27","14:00","-1.2"
"Parainen Utö","2020","12","27","15:00","-1.6"
"Parainen Utö","2020","12","27","16:00","-0.6"
"Parainen Utö","2020","12","27","17:00","-1.1"
"Parainen Utö","2020","12","27","18:00","-1.2"
"Parainen Utö","2020","12","27","19:00","-1.5"
"Parainen Utö","2020","12","27","20:00","-1.5"
"Parainen Utö","2020","12","27","21:00","-1.4"
"Parainen Utö","2020","12","27","22:00","-1.4"
"Parainen Utö","2020","12","27","23:00","-1.6"
"Parainen Utö","2020","12","28","00:00","-1.9"
"Parainen Utö","2020","12","28","01:00","-1.9"
"Parainen Utö","2020","12","28","02:00","-2.5"
"Parainen Utö","2020","12","28","03:00","-2.5"
"Parainen Utö","2020","12","28","04:00","-2.4"
"Parainen Utö","2020","12","28","05:00","-2"
"Parainen Utö","2020","12","28","06:00","-1.2"
"Parainen Utö","2020","12","28","07:00","-1.3"
"Parainen Utö","2020","12","28","08:00","-0.3"
"Parainen Utö","2020","12","28","09:00","3.6"
"Parainen Utö","2020","12","28","10:00","8.8"
"Parainen Utö","2020","12","28","11:00","8"
"Parainen Utö","2020","12","28","12:00","6"
"Parainen Utö","2020","12","28","13:00","3"
"Parainen Utö","2020","12","28","14:00","-0.6"
"Parainen Utö","2020","12","28","15:00","-1.3"
"Parainen Utö","2020","12","28","16:00","-1.5"
"Parainen Utö","2020","12","28","17:00","-1.6"
"Parainen Utö","2020","12","28","18:00","-1.6"
"Parainen Utö","2020","12","28","19:00","-1.7"
"Parainen Utö","2020","12","28","20:00","-1.6"
"Parainen Utö","2020","12","28","21:00","-1.6"
"Parainen Utö","2020","12","28","22:00","-1.4"
"Parainen Utö","2020","12","28","23:00","-1.1"
"Parainen Utö","2020","12","29","00:00","-1"
"Parainen Utö","2020","12","29","01:00","-1.3"
"Parainen Utö","2020","12","29","02:00","-0.9"
"Parainen Utö","2020","12","29","03:00","-1.1"
"Parainen Utö","2020","12","29","04:00","-0.9"
"Parainen Utö","2020","12","29","05:00","-1.2"
"Parainen Utö","2020","12","29","06:00","-1.3"
"Parainen Utö","2020","12","29","07:00","-1.5"
"Parainen Utö","2020","12","29","08:00","-1"
"Parainen Utö","2020","12","29","09:00","0.5"
"Parainen Utö","2020","12","29","10:00","4.2"
"Parainen Utö","2020","12","29","11:00","6"
"Parainen Utö","2020","12","29","12:00","8"
"Parainen Utö","2020","12","29","13:00","6.2"
"Parainen Utö","2020","12","29","14:00","-0.5"
"Parainen Utö","2020","12","29","15:00","-1.4"
"Parainen Utö","2020","12","29","16:00","-1.3"
"Parainen Utö","2020","12","29","17:00","-1.3"
"Parainen Utö","2020","12","29","18:00","-1.2"
"Parainen Utö","2020","12","29","19:00","-1.3"
"Parainen Utö","2020","12","29","20:00","-1.2"
"Parainen Utö","2020","12","29","21:00","-1.4"
"Parainen Utö","2020","12","29","22:00","-2.1"
"Parainen Utö","2020","12","29","23:00","-2"
"Parainen Utö","2020","12","30","00:00","-1.6"
"Parainen Utö","2020","12","30","01:00","-1.7"
"Parainen Utö","2020","12","30","02:00","-1.6"
"Parainen Utö","2020","12","30","03:00","-1.6"
"Parainen Utö","2020","12","30","04:00","-1.5"
"Parainen Utö","2020","12","30","05:00","-1.4"
"Parainen Utö","2020","12","30","06:00","-1.4"
"Parainen Utö","2020","12","30","07:00","-1.7"
"Parainen Utö","2020","12","30","08:00","-0.2"
"Parainen Utö","2020","12","30","09:00","8.3"
"Parainen Utö","2020","12","30","10:00","18.8"
"Parainen Utö","2020","12","30","11:00","16.3"
"Parainen Utö","2020","12","30","12:00","13.2"
"Parainen Utö","2020","12","30","13:00","9.1"
"Parainen Utö","2020","12","30","14:00","1.3"
"Parainen Utö","2020","12","30","15:00","-1.4"
"Parainen Utö","2020","12","30","16:00","-1.4"
"Parainen Utö","2020","12","30","17:00","-1.9"
"Parainen Utö","2020","12","30","18:00","-2"
"Parainen Utö","2020","12","30","19:00","-2.4"
"Parainen Utö","2020","12","30","20:00","-2.1"
"Parainen Utö","2020","12","30","21:00","-1.5"
"Parainen Utö","2020","12","30","22:00","-2.6"
"Parainen Utö","2020","12","30","23:00","-2.6"
"Parainen Utö","2020","12","31","00:00","-2.6"
"Parainen Utö","2020","12","31","01:00","-2.4"
"Parainen Utö","2020","12","31","02:00","-3.2"
"Parainen Utö","2020","12","31","03:00","-2.6"
"Parainen Utö","2020","12","31","04:00","-2.2"
"Parainen Utö","2020","12","31","05:00","-2.4"
"Parainen Utö","2020","12","31","06:00","-1.1"
"Parainen Utö","2020","12","31","07:00","-1.4"
"Parainen Utö","2020","12","31","08:00","0.1"
"Parainen Utö","2020","12","31","09:00","16.8"
"Parainen Utö","2020","12","31","10:00","52.1"
"Parainen Utö","2020","12","31","11:00","29.2"
"Parainen Utö","2020","12","31","12:00","30.3"
"Parainen Utö","2020","12","31","13:00","21.6"
"Parainen Utö","2020","12","31","14:00","5.9"
"Parainen Utö","2020","12","31","15:00","-1.1"
"Parainen Utö","2020","12","31","16:00","-1.6"
"Parainen Utö","2020","12","31","17:00","-1.5"
"Parainen Utö","2020","12","31","18:00","-1.5"
"Parainen Utö","2020","12","31","19:00","-1.5"
"Parainen Utö","2020","12","31","20:00","-1.8"
"Parainen Utö","2020","12","31","21:00","-1.6"
"Parainen Utö","2020","12","31","22:00","-1.7"
"Parainen Utö","2020","12","31","23:00","-1.6"
